REF_DATE,unemployment_rate
2015-01,7.0
2015-01,7.1
2015-01,0.2
2015-01,0.2
2015-01,0.3
2015-01,7.2
2015-01,7.3
2015-01,0.2
2015-01,0.2
2015-01,0.3
2015-01,15.0
2015-01,15.4
2015-01,0.8
2015-01,0.9
2015-01,1.2
2015-01,18.0
2015-01,14.0
2015-01,5.5
2015-01,5.7
2015-01,0.2
2015-01,0.2
2015-01,0.3
2015-01,5.7
2015-01,5.8
2015-01,0.3
2015-01,0.3
2015-01,0.4
2015-01,5.0
2015-01,5.4
2015-01,0.5
2015-01,0.5
2015-01,0.7
2015-01,7.4
2015-01,7.9
2015-01,0.3
2015-01,0.3
2015-01,0.5
2015-01,7.6
2015-01,8.1
2015-01,0.3
2015-01,0.3
2015-01,0.5
2015-01,16.9
2015-01,18.3
2015-01,1.2
2015-01,1.2
2015-01,1.6
2015-01,18.7
2015-01,18.2
2015-01,5.7
2015-01,6.1
2015-01,0.3
2015-01,0.3
2015-01,0.5
2015-01,5.9
2015-01,6.3
2015-01,0.4
2015-01,0.4
2015-01,0.5
2015-01,5.1
2015-01,5.7
2015-01,0.6
2015-01,0.6
2015-01,0.9
2015-01,6.5
2015-01,6.2
2015-01,0.3
2015-01,0.3
2015-01,0.5
2015-01,6.7
2015-01,6.4
2015-01,0.3
2015-01,0.3
2015-01,0.5
2015-01,12.9
2015-01,12.3
2015-01,1.1
2015-01,1.2
2015-01,1.6
2015-01,17.3
2015-01,9.5
2015-01,5.4
2015-01,5.2
2015-01,0.3
2015-01,0.3
2015-01,0.5
2015-01,5.5
2015-01,5.3
2015-01,0.4
2015-01,0.4
2015-01,0.5
2015-01,4.8
2015-01,4.9
2015-01,0.7
2015-01,0.7
2015-01,1.0
2015-02,7.0
2015-02,7.0
2015-02,0.2
2015-02,0.2
2015-02,0.3
2015-02,7.2
2015-02,7.2
2015-02,0.2
2015-02,0.2
2015-02,0.3
2015-02,14.3
2015-02,14.0
2015-02,0.8
2015-02,0.9
2015-02,1.2
2015-02,16.7
2015-02,12.5
2015-02,5.6
2015-02,5.9
2015-02,0.2
2015-02,0.2
2015-02,0.3
2015-02,5.9
2015-02,6.0
2015-02,0.3
2015-02,0.3
2015-02,0.4
2015-02,4.9
2015-02,5.5
2015-02,0.5
2015-02,0.5
2015-02,0.7
2015-02,7.5
2015-02,8.1
2015-02,0.3
2015-02,0.3
2015-02,0.5
2015-02,7.8
2015-02,8.4
2015-02,0.3
2015-02,0.3
2015-02,0.5
2015-02,16.7
2015-02,17.2
2015-02,1.2
2015-02,1.2
2015-02,1.6
2015-02,19.8
2015-02,15.9
2015-02,5.9
2015-02,6.6
2015-02,0.3
2015-02,0.3
2015-02,0.5
2015-02,6.3
2015-02,7.0
2015-02,0.4
2015-02,0.4
2015-02,0.5
2015-02,4.7
2015-02,5.4
2015-02,0.6
2015-02,0.6
2015-02,0.9
2015-02,6.4
2015-02,5.9
2015-02,0.3
2015-02,0.3
2015-02,0.5
2015-02,6.6
2015-02,5.9
2015-02,0.3
2015-02,0.3
2015-02,0.5
2015-02,11.8
2015-02,10.5
2015-02,1.1
2015-02,1.2
2015-02,1.6
2015-02,13.8
2015-02,8.5
2015-02,5.4
2015-02,5.1
2015-02,0.3
2015-02,0.3
2015-02,0.5
2015-02,5.4
2015-02,4.9
2015-02,0.4
2015-02,0.4
2015-02,0.5
2015-02,5.1
2015-02,5.6
2015-02,0.7
2015-02,0.7
2015-02,1.0
2015-03,6.9
2015-03,7.2
2015-03,0.2
2015-03,0.2
2015-03,0.3
2015-03,7.1
2015-03,7.4
2015-03,0.2
2015-03,0.2
2015-03,0.3
2015-03,14.0
2015-03,14.4
2015-03,0.8
2015-03,0.9
2015-03,1.2
2015-03,20.2
2015-03,11.1
2015-03,5.7
2015-03,6.0
2015-03,0.2
2015-03,0.2
2015-03,0.3
2015-03,5.9
2015-03,6.2
2015-03,0.3
2015-03,0.3
2015-03,0.4
2015-03,5.0
2015-03,5.5
2015-03,0.5
2015-03,0.5
2015-03,0.7
2015-03,7.3
2015-03,8.1
2015-03,0.3
2015-03,0.3
2015-03,0.5
2015-03,7.5
2015-03,8.3
2015-03,0.3
2015-03,0.3
2015-03,0.5
2015-03,16.1
2015-03,17.1
2015-03,1.2
2015-03,1.2
2015-03,1.6
2015-03,23.5
2015-03,13.6
2015-03,5.7
2015-03,6.6
2015-03,0.3
2015-03,0.3
2015-03,0.5
2015-03,5.9
2015-03,6.8
2015-03,0.4
2015-03,0.4
2015-03,0.5
2015-03,5.1
2015-03,6.0
2015-03,0.6
2015-03,0.6
2015-03,0.9
2015-03,6.6
2015-03,6.3
2015-03,0.3
2015-03,0.3
2015-03,0.5
2015-03,6.7
2015-03,6.4
2015-03,0.3
2015-03,0.3
2015-03,0.5
2015-03,11.8
2015-03,11.6
2015-03,1.1
2015-03,1.2
2015-03,1.6
2015-03,17.0
2015-03,8.4
2015-03,5.6
2015-03,5.4
2015-03,0.3
2015-03,0.3
2015-03,0.5
2015-03,5.8
2015-03,5.6
2015-03,0.4
2015-03,0.4
2015-03,0.5
2015-03,4.9
2015-03,5.0
2015-03,0.7
2015-03,0.7
2015-03,1.0
2015-04,6.9
2015-04,6.9
2015-04,0.2
2015-04,0.2
2015-04,0.3
2015-04,7.0
2015-04,7.1
2015-04,0.2
2015-04,0.2
2015-04,0.3
2015-04,15.4
2015-04,15.8
2015-04,0.8
2015-04,0.9
2015-04,1.2
2015-04,23.3
2015-04,11.8
2015-04,5.4
2015-04,5.5
2015-04,0.2
2015-04,0.2
2015-04,0.3
2015-04,5.6
2015-04,5.5
2015-04,0.3
2015-04,0.3
2015-04,0.4
2015-04,5.0
2015-04,5.3
2015-04,0.5
2015-04,0.5
2015-04,0.7
2015-04,7.1
2015-04,7.5
2015-04,0.3
2015-04,0.3
2015-04,0.5
2015-04,7.3
2015-04,7.7
2015-04,0.3
2015-04,0.3
2015-04,0.5
2015-04,17.5
2015-04,18.4
2015-04,1.2
2015-04,1.2
2015-04,1.6
2015-04,25.4
2015-04,14.8
2015-04,5.4
2015-04,5.7
2015-04,0.3
2015-04,0.3
2015-04,0.5
2015-04,5.6
2015-04,5.8
2015-04,0.4
2015-04,0.4
2015-04,0.5
2015-04,4.6
2015-04,5.3
2015-04,0.6
2015-04,0.6
2015-04,0.9
2015-04,6.7
2015-04,6.4
2015-04,0.3
2015-04,0.3
2015-04,0.5
2015-04,6.7
2015-04,6.4
2015-04,0.3
2015-04,0.3
2015-04,0.5
2015-04,13.1
2015-04,13.1
2015-04,1.1
2015-04,1.2
2015-04,1.6
2015-04,21.3
2015-04,8.5
2015-04,5.5
2015-04,5.2
2015-04,0.3
2015-04,0.3
2015-04,0.5
2015-04,5.5
2015-04,5.2
2015-04,0.4
2015-04,0.4
2015-04,0.5
2015-04,5.4
2015-04,5.1
2015-04,0.7
2015-04,0.7
2015-04,1.0
2015-05,6.5
2015-05,6.7
2015-05,0.2
2015-05,0.2
2015-05,0.3
2015-05,6.6
2015-05,6.9
2015-05,0.2
2015-05,0.2
2015-05,0.3
2015-05,14.2
2015-05,16.0
2015-05,0.8
2015-05,0.9
2015-05,1.2
2015-05,23.5
2015-05,11.8
2015-05,5.1
2015-05,5.0
2015-05,0.2
2015-05,0.2
2015-05,0.3
2015-05,5.2
2015-05,5.2
2015-05,0.3
2015-05,0.3
2015-05,0.4
2015-05,4.6
2015-05,4.2
2015-05,0.5
2015-05,0.5
2015-05,0.7
2015-05,6.9
2015-05,7.2
2015-05,0.3
2015-05,0.3
2015-05,0.5
2015-05,7.1
2015-05,7.3
2015-05,0.3
2015-05,0.3
2015-05,0.5
2015-05,15.7
2015-05,16.9
2015-05,1.2
2015-05,1.2
2015-05,1.6
2015-05,25.3
2015-05,12.4
2015-05,5.4
2015-05,5.4
2015-05,0.3
2015-05,0.3
2015-05,0.5
2015-05,5.6
2015-05,5.5
2015-05,0.4
2015-05,0.4
2015-05,0.5
2015-05,4.9
2015-05,4.9
2015-05,0.6
2015-05,0.6
2015-05,0.9
2015-05,5.9
2015-05,6.3
2015-05,0.3
2015-05,0.3
2015-05,0.5
2015-05,6.1
2015-05,6.4
2015-05,0.3
2015-05,0.3
2015-05,0.5
2015-05,12.6
2015-05,15.1
2015-05,1.1
2015-05,1.2
2015-05,1.6
2015-05,21.7
2015-05,11.1
2015-05,4.7
2015-05,4.5
2015-05,0.3
2015-05,0.3
2015-05,0.5
2015-05,4.9
2015-05,4.8
2015-05,0.4
2015-05,0.4
2015-05,0.5
2015-05,4.2
2015-05,3.4
2015-05,0.7
2015-05,0.7
2015-05,1.0
2015-06,6.6
2015-06,6.4
2015-06,0.2
2015-06,0.2
2015-06,0.3
2015-06,6.7
2015-06,6.5
2015-06,0.2
2015-06,0.2
2015-06,0.3
2015-06,14.1
2015-06,14.1
2015-06,0.8
2015-06,0.9
2015-06,1.2
2015-06,20.4
2015-06,10.4
2015-06,5.2
2015-06,4.9
2015-06,0.2
2015-06,0.2
2015-06,0.3
2015-06,5.3
2015-06,5.1
2015-06,0.3
2015-06,0.3
2015-06,0.4
2015-06,4.9
2015-06,4.3
2015-06,0.5
2015-06,0.5
2015-06,0.7
2015-06,6.9
2015-06,6.5
2015-06,0.3
2015-06,0.3
2015-06,0.5
2015-06,7.1
2015-06,6.6
2015-06,0.3
2015-06,0.3
2015-06,0.5
2015-06,15.3
2015-06,15.1
2015-06,1.2
2015-06,1.2
2015-06,1.6
2015-06,22.6
2015-06,11.0
2015-06,5.4
2015-06,4.9
2015-06,0.3
2015-06,0.3
2015-06,0.5
2015-06,5.6
2015-06,5.1
2015-06,0.4
2015-06,0.4
2015-06,0.5
2015-06,4.7
2015-06,4.1
2015-06,0.6
2015-06,0.6
2015-06,0.9
2015-06,6.2
2015-06,6.2
2015-06,0.3
2015-06,0.3
2015-06,0.5
2015-06,6.2
2015-06,6.3
2015-06,0.3
2015-06,0.3
2015-06,0.5
2015-06,12.9
2015-06,13.0
2015-06,1.1
2015-06,1.2
2015-06,1.6
2015-06,18.4
2015-06,9.7
2015-06,5.0
2015-06,4.9
2015-06,0.3
2015-06,0.3
2015-06,0.5
2015-06,5.0
2015-06,5.0
2015-06,0.4
2015-06,0.4
2015-06,0.5
2015-06,5.2
2015-06,4.5
2015-06,0.7
2015-06,0.7
2015-06,1.0
2015-07,6.8
2015-07,7.4
2015-07,0.2
2015-07,0.2
2015-07,0.3
2015-07,6.9
2015-07,7.5
2015-07,0.2
2015-07,0.2
2015-07,0.3
2015-07,14.6
2015-07,15.4
2015-07,0.8
2015-07,0.9
2015-07,1.2
2015-07,22.7
2015-07,10.7
2015-07,5.4
2015-07,5.7
2015-07,0.2
2015-07,0.2
2015-07,0.3
2015-07,5.5
2015-07,5.9
2015-07,0.3
2015-07,0.3
2015-07,0.4
2015-07,5.0
2015-07,5.0
2015-07,0.5
2015-07,0.5
2015-07,0.7
2015-07,7.1
2015-07,7.2
2015-07,0.3
2015-07,0.3
2015-07,0.5
2015-07,7.2
2015-07,7.3
2015-07,0.3
2015-07,0.3
2015-07,0.5
2015-07,16.1
2015-07,16.1
2015-07,1.2
2015-07,1.2
2015-07,1.7
2015-07,23.0
2015-07,11.9
2015-07,5.6
2015-07,5.4
2015-07,0.3
2015-07,0.3
2015-07,0.5
2015-07,5.7
2015-07,5.6
2015-07,0.4
2015-07,0.4
2015-07,0.5
2015-07,5.3
2015-07,4.9
2015-07,0.6
2015-07,0.6
2015-07,0.9
2015-07,6.4
2015-07,7.6
2015-07,0.3
2015-07,0.3
2015-07,0.5
2015-07,6.5
2015-07,7.7
2015-07,0.3
2015-07,0.3
2015-07,0.5
2015-07,13.0
2015-07,14.6
2015-07,1.1
2015-07,1.3
2015-07,1.6
2015-07,22.3
2015-07,9.3
2015-07,5.2
2015-07,6.1
2015-07,0.3
2015-07,0.3
2015-07,0.5
2015-07,5.4
2015-07,6.4
2015-07,0.4
2015-07,0.3
2015-07,0.5
2015-07,4.6
2015-07,5.1
2015-07,0.7
2015-07,0.7
2015-07,1.0
2015-08,6.9
2015-08,7.7
2015-08,0.2
2015-08,0.2
2015-08,0.3
2015-08,7.1
2015-08,7.9
2015-08,0.2
2015-08,0.2
2015-08,0.3
2015-08,14.6
2015-08,14.8
2015-08,0.8
2015-08,0.9
2015-08,1.2
2015-08,20.0
2015-08,11.5
2015-08,5.6
2015-08,6.3
2015-08,0.2
2015-08,0.2
2015-08,0.3
2015-08,5.8
2015-08,6.5
2015-08,0.3
2015-08,0.3
2015-08,0.4
2015-08,5.0
2015-08,5.7
2015-08,0.5
2015-08,0.5
2015-08,0.7
2015-08,7.2
2015-08,7.1
2015-08,0.3
2015-08,0.3
2015-08,0.5
2015-08,7.3
2015-08,7.2
2015-08,0.3
2015-08,0.3
2015-08,0.5
2015-08,16.2
2015-08,15.5
2015-08,1.2
2015-08,1.2
2015-08,1.7
2015-08,18.2
2015-08,13.9
2015-08,5.6
2015-08,5.4
2015-08,0.3
2015-08,0.3
2015-08,0.5
2015-08,5.8
2015-08,5.6
2015-08,0.4
2015-08,0.4
2015-08,0.5
2015-08,5.1
2015-08,5.0
2015-08,0.6
2015-08,0.6
2015-08,0.9
2015-08,6.7
2015-08,8.5
2015-08,0.3
2015-08,0.3
2015-08,0.5
2015-08,6.8
2015-08,8.6
2015-08,0.3
2015-08,0.3
2015-08,0.5
2015-08,12.9
2015-08,14.1
2015-08,1.1
2015-08,1.3
2015-08,1.6
2015-08,21.8
2015-08,8.6
2015-08,5.6
2015-08,7.3
2015-08,0.3
2015-08,0.3
2015-08,0.5
2015-08,5.8
2015-08,7.5
2015-08,0.4
2015-08,0.3
2015-08,0.5
2015-08,4.9
2015-08,6.6
2015-08,0.7
2015-08,0.7
2015-08,1.0
2015-09,6.9
2015-09,6.6
2015-09,0.2
2015-09,0.2
2015-09,0.3
2015-09,7.0
2015-09,6.7
2015-09,0.2
2015-09,0.2
2015-09,0.3
2015-09,14.2
2015-09,14.1
2015-09,0.8
2015-09,0.9
2015-09,1.2
2015-09,18.9
2015-09,11.5
2015-09,5.7
2015-09,5.3
2015-09,0.2
2015-09,0.2
2015-09,0.3
2015-09,5.8
2015-09,5.5
2015-09,0.3
2015-09,0.3
2015-09,0.4
2015-09,5.4
2015-09,4.9
2015-09,0.5
2015-09,0.5
2015-09,0.7
2015-09,7.1
2015-09,6.5
2015-09,0.3
2015-09,0.3
2015-09,0.5
2015-09,7.2
2015-09,6.6
2015-09,0.3
2015-09,0.3
2015-09,0.5
2015-09,15.0
2015-09,14.2
2015-09,1.2
2015-09,1.2
2015-09,1.7
2015-09,19.0
2015-09,11.9
2015-09,5.8
2015-09,5.3
2015-09,0.3
2015-09,0.3
2015-09,0.5
2015-09,6.0
2015-09,5.5
2015-09,0.4
2015-09,0.4
2015-09,0.5
2015-09,5.2
2015-09,4.5
2015-09,0.6
2015-09,0.6
2015-09,0.9
2015-09,6.8
2015-09,6.7
2015-09,0.3
2015-09,0.3
2015-09,0.5
2015-09,6.9
2015-09,6.7
2015-09,0.3
2015-09,0.3
2015-09,0.5
2015-09,13.3
2015-09,13.9
2015-09,1.1
2015-09,1.3
2015-09,1.6
2015-09,18.8
2015-09,10.9
2015-09,5.6
2015-09,5.4
2015-09,0.3
2015-09,0.3
2015-09,0.5
2015-09,5.5
2015-09,5.4
2015-09,0.4
2015-09,0.3
2015-09,0.5
2015-09,5.7
2015-09,5.4
2015-09,0.7
2015-09,0.7
2015-09,1.0
2015-10,7.0
2015-10,6.5
2015-10,0.2
2015-10,0.2
2015-10,0.3
2015-10,7.2
2015-10,6.6
2015-10,0.2
2015-10,0.2
2015-10,0.3
2015-10,15.1
2015-10,14.6
2015-10,0.8
2015-10,0.9
2015-10,1.2
2015-10,18.3
2015-10,12.6
2015-10,5.6
2015-10,5.1
2015-10,0.2
2015-10,0.2
2015-10,0.3
2015-10,5.8
2015-10,5.3
2015-10,0.3
2015-10,0.3
2015-10,0.4
2015-10,4.8
2015-10,4.4
2015-10,0.5
2015-10,0.5
2015-10,0.7
2015-10,7.2
2015-10,6.6
2015-10,0.3
2015-10,0.3
2015-10,0.5
2015-10,7.5
2015-10,6.9
2015-10,0.3
2015-10,0.3
2015-10,0.5
2015-10,17.2
2015-10,16.9
2015-10,1.2
2015-10,1.2
2015-10,1.7
2015-10,22.3
2015-10,14.2
2015-10,5.6
2015-10,5.0
2015-10,0.3
2015-10,0.3
2015-10,0.5
2015-10,6.1
2015-10,5.5
2015-10,0.4
2015-10,0.4
2015-10,0.5
2015-10,3.9
2015-10,3.3
2015-10,0.6
2015-10,0.6
2015-10,0.9
2015-10,6.7
2015-10,6.3
2015-10,0.3
2015-10,0.3
2015-10,0.5
2015-10,6.9
2015-10,6.3
2015-10,0.3
2015-10,0.3
2015-10,0.5
2015-10,12.8
2015-10,12.2
2015-10,1.1
2015-10,1.3
2015-10,1.6
2015-10,14.6
2015-10,10.9
2015-10,5.6
2015-10,5.2
2015-10,0.3
2015-10,0.3
2015-10,0.5
2015-10,5.6
2015-10,5.1
2015-10,0.4
2015-10,0.3
2015-10,0.5
2015-10,5.9
2015-10,5.8
2015-10,0.7
2015-10,0.7
2015-10,1.0
2015-11,6.9
2015-11,6.2
2015-11,0.2
2015-11,0.2
2015-11,0.3
2015-11,7.0
2015-11,6.2
2015-11,0.2
2015-11,0.2
2015-11,0.3
2015-11,13.2
2015-11,11.8
2015-11,0.8
2015-11,0.9
2015-11,1.2
2015-11,14.0
2015-11,10.6
2015-11,5.9
2015-11,5.3
2015-11,0.2
2015-11,0.2
2015-11,0.3
2015-11,5.9
2015-11,5.3
2015-11,0.3
2015-11,0.3
2015-11,0.4
2015-11,5.8
2015-11,5.4
2015-11,0.5
2015-11,0.5
2015-11,0.7
2015-11,7.0
2015-11,6.3
2015-11,0.3
2015-11,0.3
2015-11,0.5
2015-11,7.1
2015-11,6.4
2015-11,0.3
2015-11,0.3
2015-11,0.5
2015-11,14.7
2015-11,13.2
2015-11,1.2
2015-11,1.2
2015-11,1.7
2015-11,15.1
2015-11,12.2
2015-11,5.7
2015-11,5.2
2015-11,0.3
2015-11,0.3
2015-11,0.5
2015-11,5.7
2015-11,5.3
2015-11,0.4
2015-11,0.4
2015-11,0.5
2015-11,5.8
2015-11,5.2
2015-11,0.6
2015-11,0.6
2015-11,0.9
2015-11,6.9
2015-11,6.0
2015-11,0.3
2015-11,0.3
2015-11,0.5
2015-11,6.9
2015-11,6.1
2015-11,0.3
2015-11,0.3
2015-11,0.5
2015-11,11.7
2015-11,10.4
2015-11,1.1
2015-11,1.3
2015-11,1.6
2015-11,13.1
2015-11,8.8
2015-11,6.0
2015-11,5.3
2015-11,0.3
2015-11,0.3
2015-11,0.5
2015-11,6.0
2015-11,5.3
2015-11,0.4
2015-11,0.3
2015-11,0.5
2015-11,5.9
2015-11,5.5
2015-11,0.7
2015-11,0.7
2015-11,1.0
2015-12,6.8
2015-12,6.2
2015-12,0.2
2015-12,0.2
2015-12,0.3
2015-12,7.0
2015-12,6.4
2015-12,0.2
2015-12,0.2
2015-12,0.3
2015-12,13.7
2015-12,12.0
2015-12,0.8
2015-12,0.9
2015-12,1.2
2015-12,15.9
2015-12,9.9
2015-12,5.7
2015-12,5.3
2015-12,0.2
2015-12,0.2
2015-12,0.3
2015-12,5.8
2015-12,5.4
2015-12,0.3
2015-12,0.3
2015-12,0.4
2015-12,5.3
2015-12,5.0
2015-12,0.5
2015-12,0.5
2015-12,0.7
2015-12,7.2
2015-12,6.8
2015-12,0.3
2015-12,0.3
2015-12,0.5
2015-12,7.4
2015-12,7.0
2015-12,0.3
2015-12,0.3
2015-12,0.5
2015-12,15.9
2015-12,14.5
2015-12,1.2
2015-12,1.2
2015-12,1.7
2015-12,17.8
2015-12,12.8
2015-12,5.8
2015-12,5.6
2015-12,0.3
2015-12,0.3
2015-12,0.5
2015-12,5.9
2015-12,5.8
2015-12,0.4
2015-12,0.4
2015-12,0.5
2015-12,5.3
2015-12,5.1
2015-12,0.6
2015-12,0.6
2015-12,0.9
2015-12,6.4
2015-12,5.6
2015-12,0.3
2015-12,0.3
2015-12,0.5
2015-12,6.5
2015-12,5.7
2015-12,0.3
2015-12,0.3
2015-12,0.5
2015-12,11.5
2015-12,9.5
2015-12,1.1
2015-12,1.3
2015-12,1.6
2015-12,14.1
2015-12,6.8
2015-12,5.5
2015-12,5.0
2015-12,0.3
2015-12,0.3
2015-12,0.5
2015-12,5.6
2015-12,5.0
2015-12,0.4
2015-12,0.3
2015-12,0.5
2015-12,5.3
2015-12,4.9
2015-12,0.7
2015-12,0.7
2015-12,1.0
2016-01,6.7
2016-01,6.8
2016-01,0.2
2016-01,0.2
2016-01,0.3
2016-01,6.9
2016-01,6.9
2016-01,0.2
2016-01,0.2
2016-01,0.3
2016-01,13.1
2016-01,13.5
2016-01,0.8
2016-01,0.9
2016-01,1.2
2016-01,18.0
2016-01,10.9
2016-01,5.6
2016-01,5.8
2016-01,0.2
2016-01,0.2
2016-01,0.3
2016-01,5.6
2016-01,5.7
2016-01,0.3
2016-01,0.2
2016-01,0.4
2016-01,5.5
2016-01,5.9
2016-01,0.4
2016-01,0.5
2016-01,0.7
2016-01,6.9
2016-01,7.4
2016-01,0.3
2016-01,0.3
2016-01,0.5
2016-01,7.3
2016-01,7.7
2016-01,0.3
2016-01,0.3
2016-01,0.5
2016-01,14.4
2016-01,15.5
2016-01,1.2
2016-01,1.2
2016-01,1.7
2016-01,21.2
2016-01,12.4
2016-01,5.7
2016-01,6.2
2016-01,0.3
2016-01,0.3
2016-01,0.5
2016-01,5.8
2016-01,6.2
2016-01,0.4
2016-01,0.3
2016-01,0.5
2016-01,5.6
2016-01,6.2
2016-01,0.6
2016-01,0.6
2016-01,0.8
2016-01,6.4
2016-01,6.1
2016-01,0.3
2016-01,0.3
2016-01,0.5
2016-01,6.5
2016-01,6.2
2016-01,0.3
2016-01,0.3
2016-01,0.5
2016-01,11.9
2016-01,11.4
2016-01,1.1
2016-01,1.2
2016-01,1.6
2016-01,14.9
2016-01,9.4
2016-01,5.5
2016-01,5.3
2016-01,0.3
2016-01,0.3
2016-01,0.5
2016-01,5.5
2016-01,5.2
2016-01,0.4
2016-01,0.4
2016-01,0.5
2016-01,5.3
2016-01,5.4
2016-01,0.7
2016-01,0.7
2016-01,1.0
2016-02,6.8
2016-02,6.8
2016-02,0.2
2016-02,0.2
2016-02,0.3
2016-02,7.0
2016-02,7.0
2016-02,0.2
2016-02,0.2
2016-02,0.3
2016-02,14.1
2016-02,13.6
2016-02,0.8
2016-02,0.9
2016-02,1.2
2016-02,17.9
2016-02,11.2
2016-02,5.5
2016-02,5.7
2016-02,0.2
2016-02,0.2
2016-02,0.3
2016-02,5.7
2016-02,5.8
2016-02,0.3
2016-02,0.2
2016-02,0.4
2016-02,5.0
2016-02,5.6
2016-02,0.4
2016-02,0.5
2016-02,0.7
2016-02,7.0
2016-02,7.6
2016-02,0.3
2016-02,0.3
2016-02,0.5
2016-02,7.3
2016-02,7.9
2016-02,0.3
2016-02,0.3
2016-02,0.5
2016-02,15.6
2016-02,16.1
2016-02,1.2
2016-02,1.2
2016-02,1.7
2016-02,20.8
2016-02,13.5
2016-02,5.6
2016-02,6.3
2016-02,0.3
2016-02,0.3
2016-02,0.5
2016-02,5.8
2016-02,6.5
2016-02,0.4
2016-02,0.3
2016-02,0.5
2016-02,5.1
2016-02,5.8
2016-02,0.6
2016-02,0.6
2016-02,0.8
2016-02,6.5
2016-02,5.9
2016-02,0.3
2016-02,0.3
2016-02,0.5
2016-02,6.6
2016-02,6.0
2016-02,0.3
2016-02,0.3
2016-02,0.5
2016-02,12.6
2016-02,11.1
2016-02,1.1
2016-02,1.2
2016-02,1.6
2016-02,15.1
2016-02,8.7
2016-02,5.4
2016-02,5.1
2016-02,0.3
2016-02,0.3
2016-02,0.5
2016-02,5.5
2016-02,5.0
2016-02,0.4
2016-02,0.4
2016-02,0.5
2016-02,5.0
2016-02,5.2
2016-02,0.7
2016-02,0.7
2016-02,1.0
2016-03,6.9
2016-03,7.3
2016-03,0.2
2016-03,0.2
2016-03,0.3
2016-03,7.1
2016-03,7.5
2016-03,0.2
2016-03,0.2
2016-03,0.3
2016-03,14.2
2016-03,14.5
2016-03,0.8
2016-03,0.9
2016-03,1.2
2016-03,20.4
2016-03,11.1
2016-03,5.7
2016-03,6.2
2016-03,0.2
2016-03,0.2
2016-03,0.3
2016-03,5.9
2016-03,6.4
2016-03,0.3
2016-03,0.2
2016-03,0.4
2016-03,4.9
2016-03,5.5
2016-03,0.4
2016-03,0.5
2016-03,0.7
2016-03,7.3
2016-03,8.2
2016-03,0.3
2016-03,0.3
2016-03,0.5
2016-03,7.7
2016-03,8.5
2016-03,0.3
2016-03,0.3
2016-03,0.5
2016-03,15.5
2016-03,16.7
2016-03,1.2
2016-03,1.2
2016-03,1.7
2016-03,23.8
2016-03,12.9
2016-03,6.0
2016-03,7.0
2016-03,0.3
2016-03,0.3
2016-03,0.5
2016-03,6.5
2016-03,7.4
2016-03,0.4
2016-03,0.3
2016-03,0.5
2016-03,4.8
2016-03,5.8
2016-03,0.6
2016-03,0.6
2016-03,0.8
2016-03,6.4
2016-03,6.3
2016-03,0.3
2016-03,0.3
2016-03,0.5
2016-03,6.5
2016-03,6.4
2016-03,0.3
2016-03,0.3
2016-03,0.5
2016-03,13.0
2016-03,12.4
2016-03,1.1
2016-03,1.2
2016-03,1.6
2016-03,17.4
2016-03,9.2
2016-03,5.3
2016-03,5.3
2016-03,0.3
2016-03,0.3
2016-03,0.5
2016-03,5.3
2016-03,5.3
2016-03,0.4
2016-03,0.4
2016-03,0.5
2016-03,5.0
2016-03,5.3
2016-03,0.7
2016-03,0.7
2016-03,1.0
2016-04,7.2
2016-04,7.2
2016-04,0.2
2016-04,0.2
2016-04,0.3
2016-04,7.3
2016-04,7.3
2016-04,0.2
2016-04,0.2
2016-04,0.3
2016-04,14.5
2016-04,14.7
2016-04,0.8
2016-04,0.9
2016-04,1.2
2016-04,21.5
2016-04,11.0
2016-04,6.0
2016-04,6.0
2016-04,0.2
2016-04,0.2
2016-04,0.3
2016-04,6.1
2016-04,6.0
2016-04,0.3
2016-04,0.2
2016-04,0.4
2016-04,5.6
2016-04,6.0
2016-04,0.4
2016-04,0.5
2016-04,0.7
2016-04,7.6
2016-04,7.8
2016-04,0.3
2016-04,0.3
2016-04,0.5
2016-04,7.8
2016-04,8.0
2016-04,0.3
2016-04,0.3
2016-04,0.5
2016-04,16.1
2016-04,16.5
2016-04,1.2
2016-04,1.2
2016-04,1.7
2016-04,24.5
2016-04,12.4
2016-04,6.2
2016-04,6.4
2016-04,0.3
2016-04,0.3
2016-04,0.5
2016-04,6.3
2016-04,6.5
2016-04,0.4
2016-04,0.3
2016-04,0.5
2016-04,5.8
2016-04,6.4
2016-04,0.6
2016-04,0.6
2016-04,0.8
2016-04,6.8
2016-04,6.5
2016-04,0.3
2016-04,0.3
2016-04,0.5
2016-04,6.8
2016-04,6.5
2016-04,0.3
2016-04,0.3
2016-04,0.5
2016-04,12.7
2016-04,12.9
2016-04,1.1
2016-04,1.2
2016-04,1.6
2016-04,18.6
2016-04,9.4
2016-04,5.7
2016-04,5.4
2016-04,0.3
2016-04,0.3
2016-04,0.5
2016-04,5.8
2016-04,5.4
2016-04,0.4
2016-04,0.4
2016-04,0.5
2016-04,5.5
2016-04,5.5
2016-04,0.7
2016-04,0.7
2016-04,1.0
2016-05,6.5
2016-05,6.7
2016-05,0.2
2016-05,0.2
2016-05,0.3
2016-05,6.6
2016-05,6.8
2016-05,0.2
2016-05,0.2
2016-05,0.3
2016-05,12.8
2016-05,14.6
2016-05,0.8
2016-05,0.9
2016-05,1.2
2016-05,18.1
2016-05,12.5
2016-05,5.5
2016-05,5.2
2016-05,0.2
2016-05,0.2
2016-05,0.3
2016-05,5.5
2016-05,5.3
2016-05,0.3
2016-05,0.2
2016-05,0.4
2016-05,5.4
2016-05,4.9
2016-05,0.4
2016-05,0.5
2016-05,0.7
2016-05,6.8
2016-05,6.7
2016-05,0.3
2016-05,0.3
2016-05,0.5
2016-05,6.9
2016-05,6.9
2016-05,0.3
2016-05,0.3
2016-05,0.5
2016-05,14.4
2016-05,15.1
2016-05,1.2
2016-05,1.2
2016-05,1.7
2016-05,19.4
2016-05,12.7
2016-05,5.5
2016-05,5.3
2016-05,0.3
2016-05,0.3
2016-05,0.5
2016-05,5.7
2016-05,5.4
2016-05,0.4
2016-05,0.3
2016-05,0.5
2016-05,5.1
2016-05,4.7
2016-05,0.6
2016-05,0.6
2016-05,0.8
2016-05,6.3
2016-05,6.6
2016-05,0.3
2016-05,0.3
2016-05,0.5
2016-05,6.3
2016-05,6.7
2016-05,0.3
2016-05,0.3
2016-05,0.5
2016-05,11.0
2016-05,14.0
2016-05,1.1
2016-05,1.2
2016-05,1.6
2016-05,16.9
2016-05,12.2
2016-05,5.5
2016-05,5.2
2016-05,0.3
2016-05,0.3
2016-05,0.5
2016-05,5.4
2016-05,5.2
2016-05,0.4
2016-05,0.4
2016-05,0.5
2016-05,5.8
2016-05,5.3
2016-05,0.7
2016-05,0.7
2016-05,1.0
2016-06,6.5
2016-06,6.3
2016-06,0.2
2016-06,0.2
2016-06,0.3
2016-06,6.6
2016-06,6.4
2016-06,0.2
2016-06,0.2
2016-06,0.3
2016-06,12.9
2016-06,12.8
2016-06,0.8
2016-06,0.9
2016-06,1.2
2016-06,13.5
2016-06,12.5
2016-06,5.4
2016-06,5.1
2016-06,0.2
2016-06,0.2
2016-06,0.3
2016-06,5.5
2016-06,5.3
2016-06,0.3
2016-06,0.2
2016-06,0.4
2016-06,5.0
2016-06,4.6
2016-06,0.4
2016-06,0.5
2016-06,0.7
2016-06,6.7
2016-06,6.4
2016-06,0.3
2016-06,0.3
2016-06,0.5
2016-06,6.9
2016-06,6.6
2016-06,0.3
2016-06,0.3
2016-06,0.5
2016-06,15.4
2016-06,15.0
2016-06,1.2
2016-06,1.2
2016-06,1.7
2016-06,13.9
2016-06,15.5
2016-06,5.3
2016-06,4.8
2016-06,0.3
2016-06,0.3
2016-06,0.5
2016-06,5.4
2016-06,4.9
2016-06,0.4
2016-06,0.3
2016-06,0.5
2016-06,4.9
2016-06,4.5
2016-06,0.6
2016-06,0.6
2016-06,0.8
2016-06,6.2
2016-06,6.2
2016-06,0.3
2016-06,0.3
2016-06,0.5
2016-06,6.2
2016-06,6.3
2016-06,0.3
2016-06,0.3
2016-06,0.5
2016-06,10.1
2016-06,10.6
2016-06,1.1
2016-06,1.2
2016-06,1.6
2016-06,13.1
2016-06,9.0
2016-06,5.5
2016-06,5.4
2016-06,0.3
2016-06,0.3
2016-06,0.5
2016-06,5.7
2016-06,5.6
2016-06,0.4
2016-06,0.4
2016-06,0.5
2016-06,5.0
2016-06,4.7
2016-06,0.7
2016-06,0.7
2016-06,1.0
2016-07,6.3
2016-07,6.9
2016-07,0.2
2016-07,0.2
2016-07,0.3
2016-07,6.5
2016-07,7.1
2016-07,0.2
2016-07,0.2
2016-07,0.3
2016-07,13.3
2016-07,14.5
2016-07,0.8
2016-07,0.9
2016-07,1.2
2016-07,19.9
2016-07,10.9
2016-07,5.1
2016-07,5.4
2016-07,0.2
2016-07,0.2
2016-07,0.3
2016-07,5.2
2016-07,5.6
2016-07,0.3
2016-07,0.3
2016-07,0.4
2016-07,4.8
2016-07,4.8
2016-07,0.4
2016-07,0.4
2016-07,0.6
2016-07,6.5
2016-07,6.5
2016-07,0.3
2016-07,0.3
2016-07,0.5
2016-07,6.7
2016-07,6.7
2016-07,0.3
2016-07,0.3
2016-07,0.5
2016-07,14.2
2016-07,14.8
2016-07,1.2
2016-07,1.3
2016-07,1.7
2016-07,19.2
2016-07,12.0
2016-07,5.2
2016-07,4.9
2016-07,0.3
2016-07,0.3
2016-07,0.4
2016-07,5.3
2016-07,5.0
2016-07,0.4
2016-07,0.3
2016-07,0.5
2016-07,5.0
2016-07,4.7
2016-07,0.6
2016-07,0.6
2016-07,0.8
2016-07,6.1
2016-07,7.3
2016-07,0.3
2016-07,0.3
2016-07,0.5
2016-07,6.2
2016-07,7.5
2016-07,0.3
2016-07,0.3
2016-07,0.5
2016-07,12.4
2016-07,14.2
2016-07,1.1
2016-07,1.2
2016-07,1.6
2016-07,20.7
2016-07,9.7
2016-07,4.9
2016-07,5.9
2016-07,0.3
2016-07,0.3
2016-07,0.5
2016-07,5.1
2016-07,6.2
2016-07,0.4
2016-07,0.4
2016-07,0.5
2016-07,4.5
2016-07,4.9
2016-07,0.7
2016-07,0.7
2016-07,1.0
2016-08,6.5
2016-08,7.4
2016-08,0.2
2016-08,0.2
2016-08,0.3
2016-08,6.6
2016-08,7.5
2016-08,0.2
2016-08,0.2
2016-08,0.3
2016-08,13.7
2016-08,13.2
2016-08,0.8
2016-08,0.9
2016-08,1.2
2016-08,16.5
2016-08,11.2
2016-08,5.2
2016-08,6.2
2016-08,0.2
2016-08,0.2
2016-08,0.3
2016-08,5.2
2016-08,6.3
2016-08,0.3
2016-08,0.3
2016-08,0.4
2016-08,5.1
2016-08,5.9
2016-08,0.4
2016-08,0.4
2016-08,0.6
2016-08,6.9
2016-08,7.1
2016-08,0.3
2016-08,0.3
2016-08,0.5
2016-08,7.1
2016-08,7.2
2016-08,0.3
2016-08,0.3
2016-08,0.5
2016-08,15.3
2016-08,14.4
2016-08,1.2
2016-08,1.3
2016-08,1.7
2016-08,17.0
2016-08,12.8
2016-08,5.5
2016-08,5.7
2016-08,0.3
2016-08,0.3
2016-08,0.4
2016-08,5.5
2016-08,5.8
2016-08,0.4
2016-08,0.3
2016-08,0.5
2016-08,5.4
2016-08,5.5
2016-08,0.6
2016-08,0.6
2016-08,0.8
2016-08,6.0
2016-08,7.7
2016-08,0.3
2016-08,0.3
2016-08,0.5
2016-08,6.0
2016-08,7.9
2016-08,0.3
2016-08,0.3
2016-08,0.5
2016-08,12.0
2016-08,11.9
2016-08,1.1
2016-08,1.2
2016-08,1.6
2016-08,16.1
2016-08,9.3
2016-08,4.9
2016-08,6.8
2016-08,0.3
2016-08,0.3
2016-08,0.5
2016-08,5.0
2016-08,6.9
2016-08,0.4
2016-08,0.4
2016-08,0.5
2016-08,4.8
2016-08,6.4
2016-08,0.7
2016-08,0.7
2016-08,1.0
2016-09,6.5
2016-09,6.2
2016-09,0.2
2016-09,0.2
2016-09,0.3
2016-09,6.6
2016-09,6.4
2016-09,0.2
2016-09,0.2
2016-09,0.3
2016-09,13.4
2016-09,14.1
2016-09,0.8
2016-09,0.9
2016-09,1.2
2016-09,19.3
2016-09,11.4
2016-09,5.3
2016-09,4.9
2016-09,0.2
2016-09,0.2
2016-09,0.3
2016-09,5.3
2016-09,5.1
2016-09,0.3
2016-09,0.3
2016-09,0.4
2016-09,5.0
2016-09,4.5
2016-09,0.4
2016-09,0.4
2016-09,0.6
2016-09,6.7
2016-09,6.3
2016-09,0.3
2016-09,0.3
2016-09,0.5
2016-09,6.8
2016-09,6.4
2016-09,0.3
2016-09,0.3
2016-09,0.5
2016-09,15.6
2016-09,16.0
2016-09,1.2
2016-09,1.3
2016-09,1.7
2016-09,21.3
2016-09,13.4
2016-09,5.1
2016-09,4.7
2016-09,0.3
2016-09,0.3
2016-09,0.4
2016-09,5.2
2016-09,4.8
2016-09,0.4
2016-09,0.3
2016-09,0.5
2016-09,5.1
2016-09,4.3
2016-09,0.6
2016-09,0.6
2016-09,0.8
2016-09,6.2
2016-09,6.2
2016-09,0.3
2016-09,0.3
2016-09,0.5
2016-09,6.3
2016-09,6.3
2016-09,0.3
2016-09,0.3
2016-09,0.5
2016-09,11.0
2016-09,12.0
2016-09,1.1
2016-09,1.2
2016-09,1.6
2016-09,17.2
2016-09,9.2
2016-09,5.4
2016-09,5.2
2016-09,0.3
2016-09,0.3
2016-09,0.5
2016-09,5.5
2016-09,5.3
2016-09,0.4
2016-09,0.4
2016-09,0.5
2016-09,5.0
2016-09,4.7
2016-09,0.7
2016-09,0.7
2016-09,1.0
2016-10,6.4
2016-10,5.9
2016-10,0.2
2016-10,0.2
2016-10,0.3
2016-10,6.5
2016-10,6.1
2016-10,0.2
2016-10,0.2
2016-10,0.3
2016-10,12.4
2016-10,12.3
2016-10,0.8
2016-10,0.9
2016-10,1.2
2016-10,16.0
2016-10,10.5
2016-10,5.3
2016-10,4.9
2016-10,0.2
2016-10,0.2
2016-10,0.3
2016-10,5.4
2016-10,4.9
2016-10,0.3
2016-10,0.3
2016-10,0.4
2016-10,5.1
2016-10,4.7
2016-10,0.4
2016-10,0.4
2016-10,0.6
2016-10,6.5
2016-10,6.1
2016-10,0.3
2016-10,0.3
2016-10,0.5
2016-10,6.6
2016-10,6.2
2016-10,0.3
2016-10,0.3
2016-10,0.5
2016-10,13.1
2016-10,13.3
2016-10,1.2
2016-10,1.3
2016-10,1.7
2016-10,16.8
2016-10,11.5
2016-10,5.3
2016-10,4.9
2016-10,0.3
2016-10,0.3
2016-10,0.4
2016-10,5.2
2016-10,4.8
2016-10,0.4
2016-10,0.3
2016-10,0.5
2016-10,5.7
2016-10,5.1
2016-10,0.6
2016-10,0.6
2016-10,0.8
2016-10,6.2
2016-10,5.8
2016-10,0.3
2016-10,0.3
2016-10,0.5
2016-10,6.4
2016-10,5.9
2016-10,0.3
2016-10,0.3
2016-10,0.5
2016-10,11.6
2016-10,11.3
2016-10,1.1
2016-10,1.2
2016-10,1.6
2016-10,15.1
2016-10,9.5
2016-10,5.2
2016-10,4.9
2016-10,0.3
2016-10,0.3
2016-10,0.5
2016-10,5.5
2016-10,5.1
2016-10,0.4
2016-10,0.4
2016-10,0.5
2016-10,4.4
2016-10,4.2
2016-10,0.7
2016-10,0.7
2016-10,1.0
2016-11,6.3
2016-11,5.5
2016-11,0.2
2016-11,0.2
2016-11,0.3
2016-11,6.4
2016-11,5.7
2016-11,0.2
2016-11,0.2
2016-11,0.3
2016-11,12.6
2016-11,11.3
2016-11,0.8
2016-11,0.9
2016-11,1.2
2016-11,16.6
2016-11,8.7
2016-11,5.2
2016-11,4.6
2016-11,0.2
2016-11,0.2
2016-11,0.3
2016-11,5.4
2016-11,4.7
2016-11,0.3
2016-11,0.3
2016-11,0.4
2016-11,4.5
2016-11,4.0
2016-11,0.4
2016-11,0.4
2016-11,0.6
2016-11,6.5
2016-11,5.8
2016-11,0.3
2016-11,0.3
2016-11,0.5
2016-11,6.6
2016-11,5.9
2016-11,0.3
2016-11,0.3
2016-11,0.5
2016-11,13.6
2016-11,12.1
2016-11,1.2
2016-11,1.3
2016-11,1.7
2016-11,19.9
2016-11,8.5
2016-11,5.3
2016-11,4.7
2016-11,0.3
2016-11,0.3
2016-11,0.4
2016-11,5.5
2016-11,4.9
2016-11,0.4
2016-11,0.3
2016-11,0.5
2016-11,4.7
2016-11,4.3
2016-11,0.6
2016-11,0.6
2016-11,0.8
2016-11,6.1
2016-11,5.2
2016-11,0.3
2016-11,0.3
2016-11,0.5
2016-11,6.2
2016-11,5.4
2016-11,0.3
2016-11,0.3
2016-11,0.5
2016-11,11.5
2016-11,10.4
2016-11,1.1
2016-11,1.2
2016-11,1.6
2016-11,13.3
2016-11,8.8
2016-11,5.1
2016-11,4.4
2016-11,0.3
2016-11,0.3
2016-11,0.5
2016-11,5.3
2016-11,4.6
2016-11,0.4
2016-11,0.4
2016-11,0.5
2016-11,4.4
2016-11,3.7
2016-11,0.7
2016-11,0.7
2016-11,1.0
2016-12,6.5
2016-12,5.7
2016-12,0.2
2016-12,0.2
2016-12,0.3
2016-12,6.6
2016-12,5.9
2016-12,0.2
2016-12,0.2
2016-12,0.3
2016-12,13.5
2016-12,11.5
2016-12,0.8
2016-12,0.9
2016-12,1.2
2016-12,17.6
2016-12,8.5
2016-12,5.2
2016-12,4.7
2016-12,0.2
2016-12,0.2
2016-12,0.3
2016-12,5.3
2016-12,4.8
2016-12,0.3
2016-12,0.3
2016-12,0.4
2016-12,5.2
2016-12,4.6
2016-12,0.4
2016-12,0.4
2016-12,0.6
2016-12,6.2
2016-12,5.7
2016-12,0.3
2016-12,0.3
2016-12,0.5
2016-12,6.4
2016-12,5.8
2016-12,0.3
2016-12,0.3
2016-12,0.5
2016-12,13.1
2016-12,11.5
2016-12,1.2
2016-12,1.3
2016-12,1.7
2016-12,18.4
2016-12,8.4
2016-12,5.1
2016-12,4.7
2016-12,0.3
2016-12,0.3
2016-12,0.4
2016-12,4.9
2016-12,4.6
2016-12,0.4
2016-12,0.3
2016-12,0.5
2016-12,5.5
2016-12,5.0
2016-12,0.6
2016-12,0.6
2016-12,0.8
2016-12,6.7
2016-12,5.7
2016-12,0.3
2016-12,0.3
2016-12,0.5
2016-12,6.8
2016-12,5.9
2016-12,0.3
2016-12,0.3
2016-12,0.5
2016-12,13.9
2016-12,11.4
2016-12,1.1
2016-12,1.2
2016-12,1.6
2016-12,16.7
2016-12,8.6
2016-12,5.4
2016-12,4.8
2016-12,0.3
2016-12,0.3
2016-12,0.5
2016-12,5.7
2016-12,5.0
2016-12,0.4
2016-12,0.4
2016-12,0.5
2016-12,4.7
2016-12,4.1
2016-12,0.7
2016-12,0.7
2016-12,1.0
2017-01,6.6
2017-01,6.6
2017-01,0.2
2017-01,0.2
2017-01,0.3
2017-01,6.6
2017-01,6.7
2017-01,0.2
2017-01,0.2
2017-01,0.3
2017-01,14.5
2017-01,14.9
2017-01,0.8
2017-01,0.8
2017-01,1.2
2017-01,21.3
2017-01,11.7
2017-01,5.2
2017-01,5.3
2017-01,0.2
2017-01,0.2
2017-01,0.3
2017-01,5.2
2017-01,5.3
2017-01,0.3
2017-01,0.3
2017-01,0.4
2017-01,5.0
2017-01,5.4
2017-01,0.4
2017-01,0.4
2017-01,0.6
2017-01,6.7
2017-01,7.3
2017-01,0.3
2017-01,0.3
2017-01,0.4
2017-01,6.7
2017-01,7.4
2017-01,0.3
2017-01,0.3
2017-01,0.5
2017-01,15.8
2017-01,17.2
2017-01,1.2
2017-01,1.2
2017-01,1.7
2017-01,25.1
2017-01,13.2
2017-01,5.1
2017-01,5.6
2017-01,0.3
2017-01,0.3
2017-01,0.4
2017-01,5.1
2017-01,5.4
2017-01,0.4
2017-01,0.3
2017-01,0.5
2017-01,5.1
2017-01,6.3
2017-01,0.6
2017-01,0.6
2017-01,0.8
2017-01,6.4
2017-01,6.0
2017-01,0.3
2017-01,0.3
2017-01,0.5
2017-01,6.4
2017-01,6.0
2017-01,0.3
2017-01,0.3
2017-01,0.5
2017-01,13.1
2017-01,12.4
2017-01,1.1
2017-01,1.1
2017-01,1.6
2017-01,17.2
2017-01,9.9
2017-01,5.2
2017-01,4.9
2017-01,0.3
2017-01,0.3
2017-01,0.4
2017-01,5.3
2017-01,5.1
2017-01,0.4
2017-01,0.4
2017-01,0.5
2017-01,5.0
2017-01,4.3
2017-01,0.7
2017-01,0.7
2017-01,0.9
2017-02,6.3
2017-02,6.3
2017-02,0.2
2017-02,0.2
2017-02,0.3
2017-02,6.4
2017-02,6.4
2017-02,0.2
2017-02,0.2
2017-02,0.3
2017-02,12.8
2017-02,12.3
2017-02,0.8
2017-02,0.8
2017-02,1.2
2017-02,17.2
2017-02,9.8
2017-02,5.2
2017-02,5.4
2017-02,0.2
2017-02,0.2
2017-02,0.3
2017-02,5.2
2017-02,5.3
2017-02,0.3
2017-02,0.3
2017-02,0.4
2017-02,5.2
2017-02,5.6
2017-02,0.4
2017-02,0.4
2017-02,0.6
2017-02,6.4
2017-02,6.8
2017-02,0.3
2017-02,0.3
2017-02,0.4
2017-02,6.4
2017-02,7.0
2017-02,0.3
2017-02,0.3
2017-02,0.5
2017-02,13.3
2017-02,13.9
2017-02,1.2
2017-02,1.2
2017-02,1.7
2017-02,19.9
2017-02,10.8
2017-02,5.2
2017-02,5.7
2017-02,0.3
2017-02,0.3
2017-02,0.4
2017-02,5.2
2017-02,5.7
2017-02,0.4
2017-02,0.3
2017-02,0.5
2017-02,5.0
2017-02,5.8
2017-02,0.6
2017-02,0.6
2017-02,0.8
2017-02,6.3
2017-02,5.7
2017-02,0.3
2017-02,0.3
2017-02,0.5
2017-02,6.3
2017-02,5.8
2017-02,0.3
2017-02,0.3
2017-02,0.5
2017-02,12.2
2017-02,10.6
2017-02,1.1
2017-02,1.1
2017-02,1.6
2017-02,14.3
2017-02,8.6
2017-02,5.2
2017-02,5.0
2017-02,0.3
2017-02,0.3
2017-02,0.4
2017-02,5.2
2017-02,4.8
2017-02,0.4
2017-02,0.4
2017-02,0.5
2017-02,5.4
2017-02,5.4
2017-02,0.7
2017-02,0.7
2017-02,0.9
2017-03,6.3
2017-03,6.8
2017-03,0.2
2017-03,0.2
2017-03,0.3
2017-03,6.4
2017-03,6.8
2017-03,0.2
2017-03,0.2
2017-03,0.3
2017-03,13.6
2017-03,13.9
2017-03,0.8
2017-03,0.8
2017-03,1.2
2017-03,19.9
2017-03,10.7
2017-03,5.1
2017-03,5.6
2017-03,0.2
2017-03,0.2
2017-03,0.3
2017-03,5.2
2017-03,5.6
2017-03,0.3
2017-03,0.3
2017-03,0.4
2017-03,4.7
2017-03,5.5
2017-03,0.4
2017-03,0.4
2017-03,0.6
2017-03,6.5
2017-03,7.3
2017-03,0.3
2017-03,0.3
2017-03,0.4
2017-03,6.6
2017-03,7.5
2017-03,0.3
2017-03,0.3
2017-03,0.5
2017-03,14.6
2017-03,15.9
2017-03,1.2
2017-03,1.2
2017-03,1.7
2017-03,21.9
2017-03,12.7
2017-03,5.1
2017-03,5.9
2017-03,0.3
2017-03,0.3
2017-03,0.4
2017-03,5.3
2017-03,6.0
2017-03,0.4
2017-03,0.3
2017-03,0.5
2017-03,4.6
2017-03,5.7
2017-03,0.6
2017-03,0.6
2017-03,0.8
2017-03,6.1
2017-03,6.1
2017-03,0.3
2017-03,0.3
2017-03,0.5
2017-03,6.1
2017-03,6.2
2017-03,0.3
2017-03,0.3
2017-03,0.5
2017-03,12.4
2017-03,11.7
2017-03,1.1
2017-03,1.1
2017-03,1.6
2017-03,17.7
2017-03,8.4
2017-03,5.1
2017-03,5.2
2017-03,0.3
2017-03,0.3
2017-03,0.4
2017-03,5.2
2017-03,5.2
2017-03,0.4
2017-03,0.4
2017-03,0.5
2017-03,4.7
2017-03,5.2
2017-03,0.7
2017-03,0.7
2017-03,0.9
2017-04,6.0
2017-04,5.9
2017-04,0.2
2017-04,0.2
2017-04,0.3
2017-04,6.0
2017-04,6.0
2017-04,0.2
2017-04,0.2
2017-04,0.3
2017-04,11.7
2017-04,11.7
2017-04,0.8
2017-04,0.8
2017-04,1.2
2017-04,16.2
2017-04,9.3
2017-04,5.1
2017-04,5.0
2017-04,0.2
2017-04,0.2
2017-04,0.3
2017-04,5.2
2017-04,5.0
2017-04,0.3
2017-04,0.3
2017-04,0.4
2017-04,4.6
2017-04,4.9
2017-04,0.4
2017-04,0.4
2017-04,0.6
2017-04,6.3
2017-04,6.4
2017-04,0.3
2017-04,0.3
2017-04,0.4
2017-04,6.4
2017-04,6.4
2017-04,0.3
2017-04,0.3
2017-04,0.5
2017-04,12.5
2017-04,12.5
2017-04,1.2
2017-04,1.2
2017-04,1.7
2017-04,13.5
2017-04,12.0
2017-04,5.3
2017-04,5.4
2017-04,0.3
2017-04,0.3
2017-04,0.4
2017-04,5.5
2017-04,5.5
2017-04,0.4
2017-04,0.3
2017-04,0.5
2017-04,4.6
2017-04,5.0
2017-04,0.6
2017-04,0.6
2017-04,0.8
2017-04,5.7
2017-04,5.5
2017-04,0.3
2017-04,0.3
2017-04,0.5
2017-04,5.7
2017-04,5.5
2017-04,0.3
2017-04,0.3
2017-04,0.5
2017-04,10.8
2017-04,10.9
2017-04,1.1
2017-04,1.1
2017-04,1.6
2017-04,19.0
2017-04,6.2
2017-04,4.8
2017-04,4.6
2017-04,0.3
2017-04,0.3
2017-04,0.4
2017-04,4.9
2017-04,4.5
2017-04,0.4
2017-04,0.4
2017-04,0.5
2017-04,4.7
2017-04,4.8
2017-04,0.7
2017-04,0.7
2017-04,0.9
2017-05,6.4
2017-05,6.6
2017-05,0.2
2017-05,0.2
2017-05,0.3
2017-05,6.5
2017-05,6.7
2017-05,0.2
2017-05,0.2
2017-05,0.3
2017-05,12.2
2017-05,13.8
2017-05,0.8
2017-05,0.8
2017-05,1.2
2017-05,19.0
2017-05,10.8
2017-05,5.4
2017-05,5.2
2017-05,0.2
2017-05,0.2
2017-05,0.3
2017-05,5.4
2017-05,5.3
2017-05,0.3
2017-05,0.3
2017-05,0.4
2017-05,5.3
2017-05,4.9
2017-05,0.4
2017-05,0.4
2017-05,0.6
2017-05,6.7
2017-05,6.7
2017-05,0.3
2017-05,0.3
2017-05,0.4
2017-05,6.8
2017-05,6.9
2017-05,0.3
2017-05,0.3
2017-05,0.5
2017-05,13.7
2017-05,14.3
2017-05,1.2
2017-05,1.2
2017-05,1.7
2017-05,18.5
2017-05,12.0
2017-05,5.5
2017-05,5.3
2017-05,0.3
2017-05,0.3
2017-05,0.4
2017-05,5.4
2017-05,5.3
2017-05,0.4
2017-05,0.3
2017-05,0.5
2017-05,5.7
2017-05,5.4
2017-05,0.6
2017-05,0.6
2017-05,0.8
2017-05,6.1
2017-05,6.4
2017-05,0.3
2017-05,0.3
2017-05,0.5
2017-05,6.1
2017-05,6.5
2017-05,0.3
2017-05,0.3
2017-05,0.5
2017-05,10.5
2017-05,13.2
2017-05,1.1
2017-05,1.1
2017-05,1.6
2017-05,19.4
2017-05,9.4
2017-05,5.3
2017-05,5.1
2017-05,0.3
2017-05,0.3
2017-05,0.4
2017-05,5.4
2017-05,5.3
2017-05,0.4
2017-05,0.4
2017-05,0.5
2017-05,4.7
2017-05,4.3
2017-05,0.7
2017-05,0.7
2017-05,0.9
2017-06,6.2
2017-06,6.2
2017-06,0.2
2017-06,0.2
2017-06,0.3
2017-06,6.3
2017-06,6.2
2017-06,0.2
2017-06,0.2
2017-06,0.3
2017-06,11.6
2017-06,11.7
2017-06,0.8
2017-06,0.8
2017-06,1.2
2017-06,14.5
2017-06,10.1
2017-06,5.3
2017-06,5.1
2017-06,0.2
2017-06,0.2
2017-06,0.3
2017-06,5.3
2017-06,5.1
2017-06,0.3
2017-06,0.3
2017-06,0.4
2017-06,5.3
2017-06,5.1
2017-06,0.4
2017-06,0.4
2017-06,0.6
2017-06,6.5
2017-06,6.3
2017-06,0.3
2017-06,0.3
2017-06,0.4
2017-06,6.6
2017-06,6.3
2017-06,0.3
2017-06,0.3
2017-06,0.5
2017-06,12.4
2017-06,12.1
2017-06,1.2
2017-06,1.2
2017-06,1.7
2017-06,13.9
2017-06,11.2
2017-06,5.5
2017-06,5.2
2017-06,0.3
2017-06,0.3
2017-06,0.4
2017-06,5.5
2017-06,5.2
2017-06,0.4
2017-06,0.3
2017-06,0.5
2017-06,5.6
2017-06,5.2
2017-06,0.6
2017-06,0.6
2017-06,0.8
2017-06,5.9
2017-06,6.0
2017-06,0.3
2017-06,0.3
2017-06,0.5
2017-06,6.0
2017-06,6.1
2017-06,0.3
2017-06,0.3
2017-06,0.5
2017-06,10.8
2017-06,11.3
2017-06,1.1
2017-06,1.1
2017-06,1.6
2017-06,15.1
2017-06,8.9
2017-06,5.1
2017-06,5.0
2017-06,0.3
2017-06,0.3
2017-06,0.4
2017-06,5.1
2017-06,5.1
2017-06,0.4
2017-06,0.4
2017-06,0.5
2017-06,5.0
2017-06,4.9
2017-06,0.7
2017-06,0.7
2017-06,0.9
2017-07,6.0
2017-07,6.6
2017-07,0.2
2017-07,0.2
2017-07,0.3
2017-07,6.2
2017-07,6.8
2017-07,0.2
2017-07,0.2
2017-07,0.3
2017-07,10.9
2017-07,12.0
2017-07,0.8
2017-07,0.8
2017-07,1.2
2017-07,16.3
2017-07,9.1
2017-07,5.2
2017-07,5.6
2017-07,0.2
2017-07,0.2
2017-07,0.3
2017-07,5.3
2017-07,5.8
2017-07,0.3
2017-07,0.2
2017-07,0.4
2017-07,4.8
2017-07,4.8
2017-07,0.5
2017-07,0.4
2017-07,0.6
2017-07,6.3
2017-07,6.4
2017-07,0.3
2017-07,0.3
2017-07,0.4
2017-07,6.4
2017-07,6.5
2017-07,0.3
2017-07,0.3
2017-07,0.5
2017-07,13.4
2017-07,14.2
2017-07,1.2
2017-07,1.2
2017-07,1.7
2017-07,19.3
2017-07,10.9
2017-07,5.0
2017-07,4.8
2017-07,0.3
2017-07,0.3
2017-07,0.4
2017-07,5.1
2017-07,4.9
2017-07,0.4
2017-07,0.3
2017-07,0.5
2017-07,4.9
2017-07,4.6
2017-07,0.6
2017-07,0.5
2017-07,0.8
2017-07,5.8
2017-07,7.0
2017-07,0.3
2017-07,0.3
2017-07,0.5
2017-07,5.9
2017-07,7.1
2017-07,0.3
2017-07,0.3
2017-07,0.5
2017-07,8.3
2017-07,9.7
2017-07,1.1
2017-07,1.2
2017-07,1.6
2017-07,13.3
2017-07,7.2
2017-07,5.4
2017-07,6.4
2017-07,0.3
2017-07,0.3
2017-07,0.4
2017-07,5.6
2017-07,6.8
2017-07,0.4
2017-07,0.4
2017-07,0.5
2017-07,4.6
2017-07,5.0
2017-07,0.6
2017-07,0.6
2017-07,0.9
2017-08,5.5
2017-08,6.4
2017-08,0.2
2017-08,0.2
2017-08,0.3
2017-08,5.7
2017-08,6.6
2017-08,0.2
2017-08,0.2
2017-08,0.3
2017-08,10.0
2017-08,9.7
2017-08,0.8
2017-08,0.8
2017-08,1.2
2017-08,12.7
2017-08,7.8
2017-08,4.8
2017-08,5.8
2017-08,0.2
2017-08,0.2
2017-08,0.3
2017-08,5.0
2017-08,6.1
2017-08,0.3
2017-08,0.2
2017-08,0.4
2017-08,4.2
2017-08,4.9
2017-08,0.5
2017-08,0.4
2017-08,0.6
2017-08,5.5
2017-08,5.7
2017-08,0.3
2017-08,0.3
2017-08,0.4
2017-08,5.7
2017-08,5.8
2017-08,0.3
2017-08,0.3
2017-08,0.5
2017-08,11.6
2017-08,10.9
2017-08,1.2
2017-08,1.2
2017-08,1.7
2017-08,14.3
2017-08,8.8
2017-08,4.5
2017-08,4.7
2017-08,0.3
2017-08,0.3
2017-08,0.4
2017-08,4.6
2017-08,4.8
2017-08,0.4
2017-08,0.3
2017-08,0.5
2017-08,4.3
2017-08,4.3
2017-08,0.6
2017-08,0.5
2017-08,0.8
2017-08,5.5
2017-08,7.2
2017-08,0.3
2017-08,0.3
2017-08,0.5
2017-08,5.7
2017-08,7.4
2017-08,0.3
2017-08,0.3
2017-08,0.5
2017-08,8.1
2017-08,8.4
2017-08,1.1
2017-08,1.2
2017-08,1.6
2017-08,11.0
2017-08,6.7
2017-08,5.1
2017-08,7.0
2017-08,0.3
2017-08,0.3
2017-08,0.4
2017-08,5.4
2017-08,7.5
2017-08,0.4
2017-08,0.4
2017-08,0.5
2017-08,4.1
2017-08,5.5
2017-08,0.6
2017-08,0.6
2017-08,0.9
2017-09,5.8
2017-09,5.6
2017-09,0.2
2017-09,0.2
2017-09,0.3
2017-09,5.9
2017-09,5.8
2017-09,0.2
2017-09,0.2
2017-09,0.3
2017-09,10.0
2017-09,10.9
2017-09,0.8
2017-09,0.8
2017-09,1.2
2017-09,12.5
2017-09,10.0
2017-09,5.1
2017-09,4.8
2017-09,0.2
2017-09,0.2
2017-09,0.3
2017-09,5.3
2017-09,5.1
2017-09,0.3
2017-09,0.2
2017-09,0.4
2017-09,4.4
2017-09,3.9
2017-09,0.5
2017-09,0.4
2017-09,0.6
2017-09,6.1
2017-09,5.8
2017-09,0.3
2017-09,0.3
2017-09,0.4
2017-09,6.3
2017-09,6.0
2017-09,0.3
2017-09,0.3
2017-09,0.5
2017-09,11.6
2017-09,12.4
2017-09,1.2
2017-09,1.2
2017-09,1.7
2017-09,13.1
2017-09,12.0
2017-09,5.2
2017-09,4.8
2017-09,0.3
2017-09,0.3
2017-09,0.4
2017-09,5.3
2017-09,5.0
2017-09,0.4
2017-09,0.3
2017-09,0.5
2017-09,4.9
2017-09,4.1
2017-09,0.6
2017-09,0.5
2017-09,0.8
2017-09,5.5
2017-09,5.4
2017-09,0.3
2017-09,0.3
2017-09,0.5
2017-09,5.5
2017-09,5.6
2017-09,0.3
2017-09,0.3
2017-09,0.5
2017-09,8.4
2017-09,9.3
2017-09,1.1
2017-09,1.2
2017-09,1.6
2017-09,12.0
2017-09,7.8
2017-09,5.0
2017-09,4.8
2017-09,0.3
2017-09,0.3
2017-09,0.4
2017-09,5.3
2017-09,5.1
2017-09,0.4
2017-09,0.4
2017-09,0.5
2017-09,3.8
2017-09,3.6
2017-09,0.6
2017-09,0.6
2017-09,0.9
2017-10,5.8
2017-10,5.5
2017-10,0.2
2017-10,0.2
2017-10,0.3
2017-10,5.9
2017-10,5.5
2017-10,0.2
2017-10,0.2
2017-10,0.3
2017-10,9.9
2017-10,9.9
2017-10,0.8
2017-10,0.8
2017-10,1.2
2017-10,13.4
2017-10,8.1
2017-10,5.1
2017-10,4.7
2017-10,0.2
2017-10,0.2
2017-10,0.3
2017-10,5.3
2017-10,4.9
2017-10,0.3
2017-10,0.2
2017-10,0.4
2017-10,4.6
2017-10,4.2
2017-10,0.5
2017-10,0.4
2017-10,0.6
2017-10,6.0
2017-10,5.7
2017-10,0.3
2017-10,0.3
2017-10,0.4
2017-10,6.1
2017-10,5.8
2017-10,0.3
2017-10,0.3
2017-10,0.5
2017-10,10.9
2017-10,11.2
2017-10,1.2
2017-10,1.2
2017-10,1.7
2017-10,13.5
2017-10,10.2
2017-10,5.2
2017-10,4.8
2017-10,0.3
2017-10,0.3
2017-10,0.4
2017-10,5.4
2017-10,5.0
2017-10,0.4
2017-10,0.3
2017-10,0.5
2017-10,4.8
2017-10,4.4
2017-10,0.6
2017-10,0.5
2017-10,0.8
2017-10,5.6
2017-10,5.2
2017-10,0.3
2017-10,0.3
2017-10,0.5
2017-10,5.7
2017-10,5.3
2017-10,0.3
2017-10,0.3
2017-10,0.5
2017-10,8.8
2017-10,8.5
2017-10,1.1
2017-10,1.2
2017-10,1.6
2017-10,13.3
2017-10,5.8
2017-10,5.0
2017-10,4.6
2017-10,0.3
2017-10,0.3
2017-10,0.4
2017-10,5.3
2017-10,4.9
2017-10,0.4
2017-10,0.4
2017-10,0.5
2017-10,4.3
2017-10,3.9
2017-10,0.6
2017-10,0.6
2017-10,0.9
2017-11,5.9
2017-11,5.1
2017-11,0.2
2017-11,0.2
2017-11,0.3
2017-11,5.9
2017-11,5.2
2017-11,0.2
2017-11,0.2
2017-11,0.3
2017-11,11.0
2017-11,9.9
2017-11,0.8
2017-11,0.8
2017-11,1.2
2017-11,10.8
2017-11,9.4
2017-11,5.0
2017-11,4.3
2017-11,0.2
2017-11,0.2
2017-11,0.3
2017-11,5.1
2017-11,4.4
2017-11,0.3
2017-11,0.2
2017-11,0.4
2017-11,4.6
2017-11,4.0
2017-11,0.5
2017-11,0.4
2017-11,0.6
2017-11,6.1
2017-11,5.4
2017-11,0.3
2017-11,0.3
2017-11,0.4
2017-11,6.2
2017-11,5.5
2017-11,0.3
2017-11,0.3
2017-11,0.5
2017-11,12.2
2017-11,10.8
2017-11,1.2
2017-11,1.2
2017-11,1.7
2017-11,12.5
2017-11,10.0
2017-11,5.0
2017-11,4.5
2017-11,0.3
2017-11,0.3
2017-11,0.4
2017-11,5.0
2017-11,4.4
2017-11,0.4
2017-11,0.3
2017-11,0.5
2017-11,4.9
2017-11,4.6
2017-11,0.6
2017-11,0.5
2017-11,0.8
2017-11,5.6
2017-11,4.8
2017-11,0.3
2017-11,0.3
2017-11,0.5
2017-11,5.7
2017-11,4.9
2017-11,0.3
2017-11,0.3
2017-11,0.5
2017-11,9.7
2017-11,8.9
2017-11,1.1
2017-11,1.2
2017-11,1.6
2017-11,9.1
2017-11,8.7
2017-11,4.9
2017-11,4.1
2017-11,0.3
2017-11,0.3
2017-11,0.4
2017-11,5.1
2017-11,4.3
2017-11,0.4
2017-11,0.4
2017-11,0.5
2017-11,4.2
2017-11,3.3
2017-11,0.6
2017-11,0.6
2017-11,0.9
2017-12,5.9
2017-12,5.2
2017-12,0.2
2017-12,0.2
2017-12,0.3
2017-12,6.0
2017-12,5.3
2017-12,0.2
2017-12,0.2
2017-12,0.3
2017-12,11.2
2017-12,9.4
2017-12,0.8
2017-12,0.8
2017-12,1.2
2017-12,10.2
2017-12,9.0
2017-12,5.0
2017-12,4.4
2017-12,0.2
2017-12,0.2
2017-12,0.3
2017-12,5.2
2017-12,4.7
2017-12,0.3
2017-12,0.2
2017-12,0.4
2017-12,4.5
2017-12,3.8
2017-12,0.5
2017-12,0.4
2017-12,0.6
2017-12,6.1
2017-12,5.4
2017-12,0.3
2017-12,0.3
2017-12,0.4
2017-12,6.2
2017-12,5.6
2017-12,0.3
2017-12,0.3
2017-12,0.5
2017-12,12.3
2017-12,10.5
2017-12,1.2
2017-12,1.2
2017-12,1.7
2017-12,11.5
2017-12,10.0
2017-12,5.0
2017-12,4.6
2017-12,0.3
2017-12,0.3
2017-12,0.4
2017-12,5.2
2017-12,4.8
2017-12,0.4
2017-12,0.3
2017-12,0.5
2017-12,4.5
2017-12,3.8
2017-12,0.6
2017-12,0.5
2017-12,0.8
2017-12,5.7
2017-12,4.9
2017-12,0.3
2017-12,0.3
2017-12,0.5
2017-12,5.8
2017-12,4.9
2017-12,0.3
2017-12,0.3
2017-12,0.5
2017-12,10.0
2017-12,8.2
2017-12,1.1
2017-12,1.2
2017-12,1.6
2017-12,8.8
2017-12,7.8
2017-12,5.0
2017-12,4.3
2017-12,0.3
2017-12,0.3
2017-12,0.4
2017-12,5.1
2017-12,4.5
2017-12,0.4
2017-12,0.4
2017-12,0.5
2017-12,4.4
2017-12,3.8
2017-12,0.6
2017-12,0.6
2017-12,0.9
2018-01,5.7
2018-01,5.8
2018-01,0.2
2018-01,0.2
2018-01,0.3
2018-01,5.7
2018-01,5.9
2018-01,0.2
2018-01,0.2
2018-01,0.3
2018-01,11.2
2018-01,11.6
2018-01,0.8
2018-01,0.8
2018-01,1.1
2018-01,14.5
2018-01,9.9
2018-01,4.8
2018-01,4.9
2018-01,0.2
2018-01,0.2
2018-01,0.3
2018-01,4.8
2018-01,4.8
2018-01,0.3
2018-01,0.3
2018-01,0.4
2018-01,4.7
2018-01,5.0
2018-01,0.5
2018-01,0.4
2018-01,0.6
2018-01,5.6
2018-01,6.1
2018-01,0.3
2018-01,0.3
2018-01,0.4
2018-01,5.6
2018-01,6.2
2018-01,0.3
2018-01,0.3
2018-01,0.5
2018-01,11.8
2018-01,13.0
2018-01,1.1
2018-01,1.2
2018-01,1.6
2018-01,14.4
2018-01,12.2
2018-01,4.5
2018-01,5.0
2018-01,0.3
2018-01,0.3
2018-01,0.4
2018-01,4.3
2018-01,4.6
2018-01,0.4
2018-01,0.3
2018-01,0.5
2018-01,5.2
2018-01,6.2
2018-01,0.6
2018-01,0.5
2018-01,0.8
2018-01,5.8
2018-01,5.5
2018-01,0.3
2018-01,0.3
2018-01,0.4
2018-01,5.9
2018-01,5.6
2018-01,0.3
2018-01,0.3
2018-01,0.5
2018-01,10.5
2018-01,10.0
2018-01,1.1
2018-01,1.2
2018-01,1.5
2018-01,14.7
2018-01,7.4
2018-01,5.0
2018-01,4.7
2018-01,0.3
2018-01,0.3
2018-01,0.4
2018-01,5.3
2018-01,5.1
2018-01,0.4
2018-01,0.4
2018-01,0.5
2018-01,4.1
2018-01,3.6
2018-01,0.6
2018-01,0.6
2018-01,0.9
2018-02,5.6
2018-02,5.6
2018-02,0.2
2018-02,0.2
2018-02,0.3
2018-02,5.7
2018-02,5.7
2018-02,0.2
2018-02,0.2
2018-02,0.3
2018-02,11.6
2018-02,11.3
2018-02,0.8
2018-02,0.8
2018-02,1.1
2018-02,15.5
2018-02,8.9
2018-02,4.6
2018-02,4.7
2018-02,0.2
2018-02,0.2
2018-02,0.3
2018-02,4.7
2018-02,4.7
2018-02,0.3
2018-02,0.3
2018-02,0.4
2018-02,4.2
2018-02,4.6
2018-02,0.5
2018-02,0.4
2018-02,0.6
2018-02,5.7
2018-02,6.1
2018-02,0.3
2018-02,0.3
2018-02,0.4
2018-02,5.7
2018-02,6.3
2018-02,0.3
2018-02,0.3
2018-02,0.5
2018-02,13.1
2018-02,13.7
2018-02,1.1
2018-02,1.2
2018-02,1.6
2018-02,17.2
2018-02,11.9
2018-02,4.4
2018-02,4.9
2018-02,0.3
2018-02,0.3
2018-02,0.4
2018-02,4.3
2018-02,4.6
2018-02,0.4
2018-02,0.3
2018-02,0.5
2018-02,4.8
2018-02,5.6
2018-02,0.6
2018-02,0.5
2018-02,0.8
2018-02,5.5
2018-02,5.1
2018-02,0.3
2018-02,0.3
2018-02,0.4
2018-02,5.6
2018-02,5.1
2018-02,0.3
2018-02,0.3
2018-02,0.5
2018-02,10.1
2018-02,8.6
2018-02,1.1
2018-02,1.2
2018-02,1.5
2018-02,13.8
2018-02,5.5
2018-02,4.7
2018-02,4.5
2018-02,0.3
2018-02,0.3
2018-02,0.4
2018-02,5.1
2018-02,4.8
2018-02,0.4
2018-02,0.4
2018-02,0.5
2018-02,3.5
2018-02,3.4
2018-02,0.6
2018-02,0.6
2018-02,0.9
2018-03,5.6
2018-03,6.0
2018-03,0.2
2018-03,0.2
2018-03,0.3
2018-03,5.6
2018-03,6.1
2018-03,0.2
2018-03,0.2
2018-03,0.3
2018-03,11.2
2018-03,11.6
2018-03,0.8
2018-03,0.8
2018-03,1.1
2018-03,17.2
2018-03,8.4
2018-03,4.5
2018-03,5.0
2018-03,0.2
2018-03,0.2
2018-03,0.3
2018-03,4.6
2018-03,4.9
2018-03,0.3
2018-03,0.3
2018-03,0.4
2018-03,4.5
2018-03,5.4
2018-03,0.5
2018-03,0.4
2018-03,0.6
2018-03,5.6
2018-03,6.3
2018-03,0.3
2018-03,0.3
2018-03,0.4
2018-03,5.5
2018-03,6.4
2018-03,0.3
2018-03,0.3
2018-03,0.5
2018-03,12.5
2018-03,13.9
2018-03,1.1
2018-03,1.2
2018-03,1.6
2018-03,19.4
2018-03,10.9
2018-03,4.3
2018-03,5.0
2018-03,0.3
2018-03,0.3
2018-03,0.4
2018-03,4.2
2018-03,4.8
2018-03,0.4
2018-03,0.3
2018-03,0.5
2018-03,4.6
2018-03,5.6
2018-03,0.6
2018-03,0.5
2018-03,0.8
2018-03,5.5
2018-03,5.6
2018-03,0.3
2018-03,0.3
2018-03,0.4
2018-03,5.6
2018-03,5.7
2018-03,0.3
2018-03,0.3
2018-03,0.5
2018-03,9.7
2018-03,9.1
2018-03,1.1
2018-03,1.2
2018-03,1.5
2018-03,15.0
2018-03,5.7
2018-03,4.8
2018-03,5.0
2018-03,0.3
2018-03,0.3
2018-03,0.4
2018-03,4.9
2018-03,5.0
2018-03,0.4
2018-03,0.4
2018-03,0.5
2018-03,4.4
2018-03,5.1
2018-03,0.6
2018-03,0.6
2018-03,0.9
2018-04,5.3
2018-04,5.4
2018-04,0.2
2018-04,0.2
2018-04,0.3
2018-04,5.3
2018-04,5.5
2018-04,0.2
2018-04,0.2
2018-04,0.3
2018-04,11.1
2018-04,11.3
2018-04,0.8
2018-04,0.8
2018-04,1.1
2018-04,18.1
2018-04,7.4
2018-04,4.3
2018-04,4.4
2018-04,0.2
2018-04,0.2
2018-04,0.3
2018-04,4.4
2018-04,4.4
2018-04,0.3
2018-04,0.3
2018-04,0.4
2018-04,4.1
2018-04,4.4
2018-04,0.5
2018-04,0.4
2018-04,0.6
2018-04,5.3
2018-04,5.7
2018-04,0.3
2018-04,0.3
2018-04,0.4
2018-04,5.3
2018-04,5.7
2018-04,0.3
2018-04,0.3
2018-04,0.5
2018-04,11.7
2018-04,12.3
2018-04,1.1
2018-04,1.2
2018-04,1.6
2018-04,19.8
2018-04,8.0
2018-04,4.2
2018-04,4.6
2018-04,0.3
2018-04,0.3
2018-04,0.4
2018-04,4.1
2018-04,4.4
2018-04,0.4
2018-04,0.3
2018-04,0.5
2018-04,4.5
2018-04,5.2
2018-04,0.6
2018-04,0.5
2018-04,0.8
2018-04,5.4
2018-04,5.1
2018-04,0.3
2018-04,0.3
2018-04,0.4
2018-04,5.4
2018-04,5.2
2018-04,0.3
2018-04,0.3
2018-04,0.5
2018-04,10.5
2018-04,10.2
2018-04,1.1
2018-04,1.2
2018-04,1.5
2018-04,16.3
2018-04,6.7
2018-04,4.5
2018-04,4.2
2018-04,0.3
2018-04,0.3
2018-04,0.4
2018-04,4.7
2018-04,4.5
2018-04,0.4
2018-04,0.4
2018-04,0.5
2018-04,3.7
2018-04,3.3
2018-04,0.6
2018-04,0.6
2018-04,0.9
2018-05,5.8
2018-05,6.0
2018-05,0.2
2018-05,0.2
2018-05,0.3
2018-05,5.9
2018-05,6.1
2018-05,0.2
2018-05,0.2
2018-05,0.3
2018-05,11.8
2018-05,13.6
2018-05,0.8
2018-05,0.8
2018-05,1.1
2018-05,16.0
2018-05,12.3
2018-05,4.8
2018-05,4.6
2018-05,0.2
2018-05,0.2
2018-05,0.3
2018-05,5.0
2018-05,4.9
2018-05,0.3
2018-05,0.3
2018-05,0.4
2018-05,4.1
2018-05,3.9
2018-05,0.5
2018-05,0.4
2018-05,0.6
2018-05,5.6
2018-05,5.6
2018-05,0.3
2018-05,0.3
2018-05,0.4
2018-05,5.7
2018-05,5.7
2018-05,0.3
2018-05,0.3
2018-05,0.5
2018-05,11.3
2018-05,12.1
2018-05,1.1
2018-05,1.2
2018-05,1.6
2018-05,15.8
2018-05,10.1
2018-05,4.6
2018-05,4.4
2018-05,0.3
2018-05,0.3
2018-05,0.4
2018-05,4.7
2018-05,4.6
2018-05,0.4
2018-05,0.3
2018-05,0.5
2018-05,4.3
2018-05,4.1
2018-05,0.6
2018-05,0.5
2018-05,0.8
2018-05,6.1
2018-05,6.5
2018-05,0.3
2018-05,0.3
2018-05,0.4
2018-05,6.2
2018-05,6.6
2018-05,0.3
2018-05,0.3
2018-05,0.5
2018-05,12.4
2018-05,15.3
2018-05,1.1
2018-05,1.2
2018-05,1.5
2018-05,16.3
2018-05,14.7
2018-05,5.0
2018-05,4.9
2018-05,0.3
2018-05,0.3
2018-05,0.4
2018-05,5.3
2018-05,5.3
2018-05,0.4
2018-05,0.4
2018-05,0.5
2018-05,4.0
2018-05,3.6
2018-05,0.6
2018-05,0.6
2018-05,0.9
2018-06,5.9
2018-06,5.9
2018-06,0.2
2018-06,0.2
2018-06,0.3
2018-06,6.0
2018-06,6.0
2018-06,0.2
2018-06,0.2
2018-06,0.3
2018-06,12.5
2018-06,12.6
2018-06,0.8
2018-06,0.8
2018-06,1.1
2018-06,16.0
2018-06,10.6
2018-06,4.7
2018-06,4.6
2018-06,0.2
2018-06,0.2
2018-06,0.3
2018-06,4.9
2018-06,4.8
2018-06,0.3
2018-06,0.3
2018-06,0.4
2018-06,4.3
2018-06,4.2
2018-06,0.5
2018-06,0.4
2018-06,0.6
2018-06,5.7
2018-06,5.6
2018-06,0.3
2018-06,0.3
2018-06,0.4
2018-06,5.9
2018-06,5.6
2018-06,0.3
2018-06,0.3
2018-06,0.5
2018-06,13.1
2018-06,12.6
2018-06,1.1
2018-06,1.2
2018-06,1.6
2018-06,13.8
2018-06,11.9
2018-06,4.4
2018-06,4.2
2018-06,0.3
2018-06,0.3
2018-06,0.4
2018-06,4.4
2018-06,4.3
2018-06,0.4
2018-06,0.3
2018-06,0.5
2018-06,4.3
2018-06,4.1
2018-06,0.6
2018-06,0.5
2018-06,0.8
2018-06,6.1
2018-06,6.3
2018-06,0.3
2018-06,0.3
2018-06,0.4
2018-06,6.2
2018-06,6.3
2018-06,0.3
2018-06,0.3
2018-06,0.5
2018-06,11.9
2018-06,12.6
2018-06,1.1
2018-06,1.2
2018-06,1.5
2018-06,18.3
2018-06,9.1
2018-06,5.1
2018-06,5.1
2018-06,0.3
2018-06,0.3
2018-06,0.4
2018-06,5.4
2018-06,5.3
2018-06,0.4
2018-06,0.4
2018-06,0.5
2018-06,4.2
2018-06,4.3
2018-06,0.6
2018-06,0.6
2018-06,0.9
2018-07,5.5
2018-07,6.1
2018-07,0.2
2018-07,0.2
2018-07,0.3
2018-07,5.7
2018-07,6.2
2018-07,0.2
2018-07,0.2
2018-07,0.3
2018-07,11.1
2018-07,11.8
2018-07,0.8
2018-07,0.8
2018-07,1.1
2018-07,16.6
2018-07,8.9
2018-07,4.6
2018-07,5.0
2018-07,0.2
2018-07,0.2
2018-07,0.3
2018-07,4.7
2018-07,5.2
2018-07,0.3
2018-07,0.3
2018-07,0.4
2018-07,4.1
2018-07,4.3
2018-07,0.4
2018-07,0.4
2018-07,0.6
2018-07,5.5
2018-07,5.7
2018-07,0.3
2018-07,0.3
2018-07,0.4
2018-07,5.6
2018-07,5.8
2018-07,0.3
2018-07,0.3
2018-07,0.4
2018-07,12.1
2018-07,12.7
2018-07,1.1
2018-07,1.2
2018-07,1.6
2018-07,17.7
2018-07,9.7
2018-07,4.4
2018-07,4.2
2018-07,0.3
2018-07,0.3
2018-07,0.4
2018-07,4.5
2018-07,4.4
2018-07,0.3
2018-07,0.3
2018-07,0.5
2018-07,4.1
2018-07,3.7
2018-07,0.6
2018-07,0.5
2018-07,0.8
2018-07,5.5
2018-07,6.6
2018-07,0.3
2018-07,0.3
2018-07,0.5
2018-07,5.8
2018-07,6.7
2018-07,0.3
2018-07,0.3
2018-07,0.5
2018-07,9.8
2018-07,10.7
2018-07,1.1
2018-07,1.2
2018-07,1.5
2018-07,15.4
2018-07,7.9
2018-07,4.8
2018-07,5.8
2018-07,0.3
2018-07,0.3
2018-07,0.4
2018-07,5.0
2018-07,6.0
2018-07,0.4
2018-07,0.4
2018-07,0.5
2018-07,4.2
2018-07,5.0
2018-07,0.6
2018-07,0.6
2018-07,0.9
2018-08,5.8
2018-08,6.6
2018-08,0.2
2018-08,0.2
2018-08,0.3
2018-08,5.9
2018-08,6.8
2018-08,0.2
2018-08,0.2
2018-08,0.3
2018-08,11.5
2018-08,11.4
2018-08,0.8
2018-08,0.8
2018-08,1.1
2018-08,15.5
2018-08,8.9
2018-08,4.8
2018-08,5.7
2018-08,0.2
2018-08,0.2
2018-08,0.3
2018-08,5.0
2018-08,6.0
2018-08,0.3
2018-08,0.3
2018-08,0.4
2018-08,4.1
2018-08,4.8
2018-08,0.4
2018-08,0.4
2018-08,0.6
2018-08,5.4
2018-08,5.5
2018-08,0.3
2018-08,0.3
2018-08,0.4
2018-08,5.5
2018-08,5.6
2018-08,0.3
2018-08,0.3
2018-08,0.4
2018-08,11.3
2018-08,10.5
2018-08,1.1
2018-08,1.2
2018-08,1.6
2018-08,14.2
2018-08,8.2
2018-08,4.4
2018-08,4.6
2018-08,0.3
2018-08,0.3
2018-08,0.4
2018-08,4.7
2018-08,4.9
2018-08,0.3
2018-08,0.3
2018-08,0.5
2018-08,3.8
2018-08,3.7
2018-08,0.6
2018-08,0.5
2018-08,0.8
2018-08,6.1
2018-08,7.9
2018-08,0.3
2018-08,0.3
2018-08,0.5
2018-08,6.3
2018-08,8.1
2018-08,0.3
2018-08,0.3
2018-08,0.5
2018-08,11.8
2018-08,12.4
2018-08,1.1
2018-08,1.2
2018-08,1.5
2018-08,17.0
2018-08,9.7
2018-08,5.1
2018-08,7.0
2018-08,0.3
2018-08,0.3
2018-08,0.4
2018-08,5.3
2018-08,7.2
2018-08,0.4
2018-08,0.4
2018-08,0.5
2018-08,4.6
2018-08,6.1
2018-08,0.6
2018-08,0.6
2018-08,0.9
2018-09,5.7
2018-09,5.5
2018-09,0.2
2018-09,0.2
2018-09,0.3
2018-09,5.7
2018-09,5.6
2018-09,0.2
2018-09,0.2
2018-09,0.3
2018-09,11.4
2018-09,12.8
2018-09,0.8
2018-09,0.8
2018-09,1.1
2018-09,15.3
2018-09,11.5
2018-09,4.6
2018-09,4.4
2018-09,0.2
2018-09,0.2
2018-09,0.3
2018-09,4.7
2018-09,4.5
2018-09,0.3
2018-09,0.3
2018-09,0.4
2018-09,4.4
2018-09,3.9
2018-09,0.4
2018-09,0.4
2018-09,0.6
2018-09,5.5
2018-09,5.4
2018-09,0.3
2018-09,0.3
2018-09,0.4
2018-09,5.7
2018-09,5.5
2018-09,0.3
2018-09,0.3
2018-09,0.4
2018-09,11.4
2018-09,12.8
2018-09,1.1
2018-09,1.2
2018-09,1.6
2018-09,15.1
2018-09,11.5
2018-09,4.5
2018-09,4.2
2018-09,0.3
2018-09,0.3
2018-09,0.4
2018-09,4.6
2018-09,4.4
2018-09,0.3
2018-09,0.3
2018-09,0.5
2018-09,4.4
2018-09,3.6
2018-09,0.6
2018-09,0.5
2018-09,0.8
2018-09,5.8
2018-09,5.7
2018-09,0.3
2018-09,0.3
2018-09,0.5
2018-09,5.7
2018-09,5.8
2018-09,0.3
2018-09,0.3
2018-09,0.5
2018-09,11.4
2018-09,12.7
2018-09,1.1
2018-09,1.2
2018-09,1.5
2018-09,15.4
2018-09,11.4
2018-09,4.8
2018-09,4.6
2018-09,0.3
2018-09,0.3
2018-09,0.4
2018-09,5.0
2018-09,4.7
2018-09,0.4
2018-09,0.4
2018-09,0.5
2018-09,4.3
2018-09,4.2
2018-09,0.6
2018-09,0.6
2018-09,0.9
2018-10,5.5
2018-10,5.2
2018-10,0.2
2018-10,0.2
2018-10,0.3
2018-10,5.6
2018-10,5.3
2018-10,0.2
2018-10,0.2
2018-10,0.3
2018-10,11.8
2018-10,12.1
2018-10,0.8
2018-10,0.8
2018-10,1.1
2018-10,14.1
2018-10,11.0
2018-10,4.4
2018-10,4.1
2018-10,0.2
2018-10,0.2
2018-10,0.3
2018-10,4.6
2018-10,4.3
2018-10,0.3
2018-10,0.3
2018-10,0.4
2018-10,3.8
2018-10,3.5
2018-10,0.4
2018-10,0.4
2018-10,0.6
2018-10,5.6
2018-10,5.4
2018-10,0.3
2018-10,0.3
2018-10,0.4
2018-10,5.7
2018-10,5.5
2018-10,0.3
2018-10,0.3
2018-10,0.4
2018-10,13.3
2018-10,14.1
2018-10,1.1
2018-10,1.2
2018-10,1.6
2018-10,16.6
2018-10,12.9
2018-10,4.3
2018-10,4.0
2018-10,0.3
2018-10,0.3
2018-10,0.4
2018-10,4.4
2018-10,4.1
2018-10,0.3
2018-10,0.3
2018-10,0.5
2018-10,3.9
2018-10,3.7
2018-10,0.6
2018-10,0.5
2018-10,0.8
2018-10,5.4
2018-10,5.0
2018-10,0.3
2018-10,0.3
2018-10,0.5
2018-10,5.5
2018-10,5.1
2018-10,0.3
2018-10,0.3
2018-10,0.5
2018-10,10.0
2018-10,9.8
2018-10,1.1
2018-10,1.2
2018-10,1.5
2018-10,11.4
2018-10,8.9
2018-10,4.6
2018-10,4.2
2018-10,0.3
2018-10,0.3
2018-10,0.4
2018-10,4.9
2018-10,4.5
2018-10,0.4
2018-10,0.4
2018-10,0.5
2018-10,3.7
2018-10,3.3
2018-10,0.6
2018-10,0.6
2018-10,0.9
2018-11,5.7
2018-11,4.9
2018-11,0.2
2018-11,0.2
2018-11,0.3
2018-11,5.6
2018-11,4.9
2018-11,0.2
2018-11,0.2
2018-11,0.3
2018-11,11.7
2018-11,10.7
2018-11,0.8
2018-11,0.8
2018-11,1.1
2018-11,14.4
2018-11,8.6
2018-11,4.6
2018-11,3.9
2018-11,0.2
2018-11,0.2
2018-11,0.3
2018-11,4.7
2018-11,3.9
2018-11,0.3
2018-11,0.3
2018-11,0.4
2018-11,4.5
2018-11,3.9
2018-11,0.4
2018-11,0.4
2018-11,0.6
2018-11,5.9
2018-11,5.1
2018-11,0.3
2018-11,0.3
2018-11,0.4
2018-11,5.8
2018-11,5.1
2018-11,0.3
2018-11,0.3
2018-11,0.4
2018-11,12.8
2018-11,11.5
2018-11,1.1
2018-11,1.2
2018-11,1.6
2018-11,16.3
2018-11,9.0
2018-11,4.7
2018-11,4.1
2018-11,0.3
2018-11,0.3
2018-11,0.4
2018-11,4.6
2018-11,3.9
2018-11,0.3
2018-11,0.3
2018-11,0.5
2018-11,4.8
2018-11,4.6
2018-11,0.6
2018-11,0.5
2018-11,0.8
2018-11,5.4
2018-11,4.5
2018-11,0.3
2018-11,0.3
2018-11,0.5
2018-11,5.5
2018-11,4.6
2018-11,0.3
2018-11,0.3
2018-11,0.5
2018-11,10.5
2018-11,9.7
2018-11,1.1
2018-11,1.2
2018-11,1.5
2018-11,12.4
2018-11,8.1
2018-11,4.6
2018-11,3.7
2018-11,0.3
2018-11,0.3
2018-11,0.4
2018-11,4.7
2018-11,3.9
2018-11,0.4
2018-11,0.4
2018-11,0.5
2018-11,4.2
2018-11,3.2
2018-11,0.6
2018-11,0.6
2018-11,0.9
2018-12,5.5
2018-12,4.7
2018-12,0.2
2018-12,0.2
2018-12,0.3
2018-12,5.5
2018-12,4.8
2018-12,0.2
2018-12,0.2
2018-12,0.3
2018-12,11.1
2018-12,8.9
2018-12,0.8
2018-12,0.8
2018-12,1.1
2018-12,12.2
2018-12,7.2
2018-12,4.6
2018-12,4.0
2018-12,0.2
2018-12,0.2
2018-12,0.3
2018-12,4.8
2018-12,4.2
2018-12,0.3
2018-12,0.3
2018-12,0.4
2018-12,4.1
2018-12,3.3
2018-12,0.4
2018-12,0.4
2018-12,0.6
2018-12,5.7
2018-12,4.9
2018-12,0.3
2018-12,0.3
2018-12,0.4
2018-12,5.7
2018-12,5.0
2018-12,0.3
2018-12,0.3
2018-12,0.4
2018-12,12.2
2018-12,10.1
2018-12,1.1
2018-12,1.2
2018-12,1.6
2018-12,14.4
2018-12,7.8
2018-12,4.6
2018-12,4.1
2018-12,0.3
2018-12,0.3
2018-12,0.4
2018-12,4.8
2018-12,4.4
2018-12,0.3
2018-12,0.3
2018-12,0.5
2018-12,4.2
2018-12,3.4
2018-12,0.6
2018-12,0.5
2018-12,0.8
2018-12,5.3
2018-12,4.4
2018-12,0.3
2018-12,0.3
2018-12,0.5
2018-12,5.4
2018-12,4.5
2018-12,0.3
2018-12,0.3
2018-12,0.5
2018-12,9.8
2018-12,7.7
2018-12,1.1
2018-12,1.2
2018-12,1.5
2018-12,9.7
2018-12,6.5
2018-12,4.6
2018-12,3.9
2018-12,0.3
2018-12,0.3
2018-12,0.4
2018-12,4.8
2018-12,4.1
2018-12,0.4
2018-12,0.4
2018-12,0.5
2018-12,3.9
2018-12,3.1
2018-12,0.6
2018-12,0.6
2018-12,0.9
2019-01,5.6
2019-01,5.8
2019-01,0.2
2019-01,0.2
2019-01,0.3
2019-01,5.8
2019-01,5.9
2019-01,0.2
2019-01,0.2
2019-01,0.3
2019-01,11.2
2019-01,11.6
2019-01,0.8
2019-01,0.8
2019-01,1.1
2019-01,13.4
2019-01,10.7
2019-01,4.7
2019-01,4.8
2019-01,0.2
2019-01,0.2
2019-01,0.3
2019-01,4.8
2019-01,5.0
2019-01,0.2
2019-01,0.2
2019-01,0.4
2019-01,4.2
2019-01,4.5
2019-01,0.4
2019-01,0.4
2019-01,0.6
2019-01,5.9
2019-01,6.5
2019-01,0.3
2019-01,0.3
2019-01,0.4
2019-01,6.2
2019-01,6.6
2019-01,0.3
2019-01,0.3
2019-01,0.4
2019-01,11.5
2019-01,12.7
2019-01,1.1
2019-01,1.2
2019-01,1.6
2019-01,13.2
2019-01,12.5
2019-01,5.0
2019-01,5.5
2019-01,0.3
2019-01,0.3
2019-01,0.4
2019-01,5.2
2019-01,5.6
2019-01,0.3
2019-01,0.3
2019-01,0.5
2019-01,4.4
2019-01,5.2
2019-01,0.5
2019-01,0.5
2019-01,0.8
2019-01,5.3
2019-01,5.0
2019-01,0.3
2019-01,0.3
2019-01,0.4
2019-01,5.4
2019-01,5.1
2019-01,0.3
2019-01,0.3
2019-01,0.5
2019-01,10.9
2019-01,10.4
2019-01,1.1
2019-01,1.2
2019-01,1.5
2019-01,13.6
2019-01,8.7
2019-01,4.4
2019-01,4.1
2019-01,0.3
2019-01,0.3
2019-01,0.4
2019-01,4.5
2019-01,4.3
2019-01,0.4
2019-01,0.4
2019-01,0.5
2019-01,4.0
2019-01,3.6
2019-01,0.6
2019-01,0.6
2019-01,0.8
2019-02,5.6
2019-02,5.6
2019-02,0.2
2019-02,0.2
2019-02,0.3
2019-02,5.6
2019-02,5.7
2019-02,0.2
2019-02,0.2
2019-02,0.3
2019-02,11.3
2019-02,11.0
2019-02,0.8
2019-02,0.8
2019-02,1.1
2019-02,12.7
2019-02,10.1
2019-02,4.6
2019-02,4.8
2019-02,0.2
2019-02,0.2
2019-02,0.3
2019-02,4.6
2019-02,4.7
2019-02,0.2
2019-02,0.2
2019-02,0.4
2019-02,4.6
2019-02,5.0
2019-02,0.4
2019-02,0.4
2019-02,0.6
2019-02,6.0
2019-02,6.4
2019-02,0.3
2019-02,0.3
2019-02,0.4
2019-02,5.9
2019-02,6.4
2019-02,0.3
2019-02,0.3
2019-02,0.4
2019-02,12.8
2019-02,13.5
2019-02,1.1
2019-02,1.2
2019-02,1.6
2019-02,14.6
2019-02,12.9
2019-02,4.8
2019-02,5.2
2019-02,0.3
2019-02,0.3
2019-02,0.4
2019-02,4.7
2019-02,4.9
2019-02,0.3
2019-02,0.3
2019-02,0.5
2019-02,5.2
2019-02,6.0
2019-02,0.5
2019-02,0.5
2019-02,0.8
2019-02,5.2
2019-02,4.8
2019-02,0.3
2019-02,0.3
2019-02,0.4
2019-02,5.2
2019-02,4.8
2019-02,0.3
2019-02,0.3
2019-02,0.5
2019-02,9.5
2019-02,8.1
2019-02,1.1
2019-02,1.2
2019-02,1.5
2019-02,10.6
2019-02,6.8
2019-02,4.4
2019-02,4.2
2019-02,0.3
2019-02,0.3
2019-02,0.4
2019-02,4.5
2019-02,4.4
2019-02,0.4
2019-02,0.4
2019-02,0.5
2019-02,3.9
2019-02,3.7
2019-02,0.6
2019-02,0.6
2019-02,0.8
2019-03,5.9
2019-03,6.3
2019-03,0.2
2019-03,0.2
2019-03,0.3
2019-03,5.9
2019-03,6.4
2019-03,0.2
2019-03,0.2
2019-03,0.3
2019-03,11.6
2019-03,11.9
2019-03,0.8
2019-03,0.8
2019-03,1.1
2019-03,15.6
2019-03,10.1
2019-03,4.9
2019-03,5.4
2019-03,0.2
2019-03,0.2
2019-03,0.3
2019-03,4.9
2019-03,5.2
2019-03,0.2
2019-03,0.2
2019-03,0.4
2019-03,4.9
2019-03,5.9
2019-03,0.4
2019-03,0.4
2019-03,0.6
2019-03,6.0
2019-03,6.7
2019-03,0.3
2019-03,0.3
2019-03,0.4
2019-03,6.0
2019-03,6.8
2019-03,0.3
2019-03,0.3
2019-03,0.4
2019-03,12.9
2019-03,14.2
2019-03,1.1
2019-03,1.2
2019-03,1.6
2019-03,18.3
2019-03,12.3
2019-03,4.8
2019-03,5.4
2019-03,0.3
2019-03,0.3
2019-03,0.4
2019-03,4.7
2019-03,5.2
2019-03,0.3
2019-03,0.3
2019-03,0.5
2019-03,5.1
2019-03,6.1
2019-03,0.5
2019-03,0.5
2019-03,0.8
2019-03,5.7
2019-03,5.9
2019-03,0.3
2019-03,0.3
2019-03,0.4
2019-03,5.8
2019-03,6.0
2019-03,0.3
2019-03,0.3
2019-03,0.5
2019-03,10.0
2019-03,9.4
2019-03,1.1
2019-03,1.2
2019-03,1.5
2019-03,12.8
2019-03,7.6
2019-03,4.9
2019-03,5.3
2019-03,0.3
2019-03,0.3
2019-03,0.4
2019-03,5.0
2019-03,5.3
2019-03,0.4
2019-03,0.4
2019-03,0.5
2019-03,4.6
2019-03,5.5
2019-03,0.6
2019-03,0.6
2019-03,0.8
2019-04,5.9
2019-04,5.9
2019-04,0.2
2019-04,0.2
2019-04,0.3
2019-04,6.0
2019-04,6.1
2019-04,0.2
2019-04,0.2
2019-04,0.3
2019-04,11.5
2019-04,11.5
2019-04,0.8
2019-04,0.8
2019-04,1.1
2019-04,15.8
2019-04,9.3
2019-04,4.9
2019-04,5.0
2019-04,0.2
2019-04,0.2
2019-04,0.3
2019-04,5.0
2019-04,5.0
2019-04,0.2
2019-04,0.2
2019-04,0.4
2019-04,4.6
2019-04,4.9
2019-04,0.4
2019-04,0.4
2019-04,0.6
2019-04,5.9
2019-04,6.2
2019-04,0.3
2019-04,0.3
2019-04,0.4
2019-04,5.9
2019-04,6.3
2019-04,0.3
2019-04,0.3
2019-04,0.4
2019-04,11.7
2019-04,12.1
2019-04,1.1
2019-04,1.2
2019-04,1.6
2019-04,17.8
2019-04,9.3
2019-04,4.8
2019-04,5.2
2019-04,0.3
2019-04,0.3
2019-04,0.4
2019-04,4.8
2019-04,5.0
2019-04,0.3
2019-04,0.3
2019-04,0.5
2019-04,4.9
2019-04,5.6
2019-04,0.5
2019-04,0.5
2019-04,0.8
2019-04,6.0
2019-04,5.7
2019-04,0.3
2019-04,0.3
2019-04,0.4
2019-04,6.0
2019-04,5.8
2019-04,0.3
2019-04,0.3
2019-04,0.5
2019-04,11.3
2019-04,10.9
2019-04,1.1
2019-04,1.2
2019-04,1.5
2019-04,13.8
2019-04,9.3
2019-04,5.0
2019-04,4.8
2019-04,0.3
2019-04,0.3
2019-04,0.4
2019-04,5.3
2019-04,5.1
2019-04,0.4
2019-04,0.4
2019-04,0.5
2019-04,4.3
2019-04,3.9
2019-04,0.6
2019-04,0.6
2019-04,0.8
2019-05,5.2
2019-05,5.5
2019-05,0.2
2019-05,0.2
2019-05,0.3
2019-05,5.4
2019-05,5.6
2019-05,0.2
2019-05,0.2
2019-05,0.3
2019-05,11.3
2019-05,13.0
2019-05,0.8
2019-05,0.8
2019-05,1.1
2019-05,16.0
2019-05,11.5
2019-05,4.2
2019-05,4.1
2019-05,0.2
2019-05,0.2
2019-05,0.3
2019-05,4.2
2019-05,4.1
2019-05,0.2
2019-05,0.2
2019-05,0.4
2019-05,4.2
2019-05,4.0
2019-05,0.4
2019-05,0.4
2019-05,0.6
2019-05,5.4
2019-05,5.6
2019-05,0.3
2019-05,0.3
2019-05,0.4
2019-05,5.5
2019-05,5.7
2019-05,0.3
2019-05,0.3
2019-05,0.4
2019-05,11.9
2019-05,12.8
2019-05,1.1
2019-05,1.2
2019-05,1.6
2019-05,15.7
2019-05,11.5
2019-05,4.3
2019-05,4.2
2019-05,0.3
2019-05,0.3
2019-05,0.4
2019-05,4.2
2019-05,4.2
2019-05,0.3
2019-05,0.3
2019-05,0.5
2019-05,4.5
2019-05,4.4
2019-05,0.5
2019-05,0.5
2019-05,0.8
2019-05,5.0
2019-05,5.4
2019-05,0.3
2019-05,0.3
2019-05,0.4
2019-05,5.2
2019-05,5.5
2019-05,0.3
2019-05,0.3
2019-05,0.5
2019-05,10.7
2019-05,13.3
2019-05,1.1
2019-05,1.2
2019-05,1.5
2019-05,16.4
2019-05,11.5
2019-05,4.0
2019-05,3.9
2019-05,0.3
2019-05,0.3
2019-05,0.4
2019-05,4.1
2019-05,4.1
2019-05,0.4
2019-05,0.4
2019-05,0.5
2019-05,3.7
2019-05,3.4
2019-05,0.6
2019-05,0.6
2019-05,0.8
2019-06,5.3
2019-06,5.4
2019-06,0.2
2019-06,0.2
2019-06,0.3
2019-06,5.5
2019-06,5.5
2019-06,0.2
2019-06,0.2
2019-06,0.3
2019-06,11.5
2019-06,11.4
2019-06,0.8
2019-06,0.8
2019-06,1.1
2019-06,15.4
2019-06,9.3
2019-06,4.3
2019-06,4.2
2019-06,0.2
2019-06,0.2
2019-06,0.3
2019-06,4.3
2019-06,4.3
2019-06,0.2
2019-06,0.2
2019-06,0.4
2019-06,4.1
2019-06,4.1
2019-06,0.4
2019-06,0.4
2019-06,0.6
2019-06,5.6
2019-06,5.5
2019-06,0.3
2019-06,0.3
2019-06,0.4
2019-06,5.8
2019-06,5.6
2019-06,0.3
2019-06,0.3
2019-06,0.4
2019-06,12.8
2019-06,12.1
2019-06,1.1
2019-06,1.2
2019-06,1.6
2019-06,15.1
2019-06,10.7
2019-06,4.4
2019-06,4.3
2019-06,0.3
2019-06,0.3
2019-06,0.4
2019-06,4.4
2019-06,4.4
2019-06,0.3
2019-06,0.3
2019-06,0.5
2019-06,4.2
2019-06,4.0
2019-06,0.5
2019-06,0.5
2019-06,0.8
2019-06,5.1
2019-06,5.2
2019-06,0.3
2019-06,0.3
2019-06,0.4
2019-06,5.2
2019-06,5.3
2019-06,0.3
2019-06,0.3
2019-06,0.5
2019-06,10.1
2019-06,10.7
2019-06,1.1
2019-06,1.2
2019-06,1.5
2019-06,15.7
2019-06,7.7
2019-06,4.2
2019-06,4.2
2019-06,0.3
2019-06,0.3
2019-06,0.4
2019-06,4.3
2019-06,4.2
2019-06,0.4
2019-06,0.4
2019-06,0.5
2019-06,4.0
2019-06,4.2
2019-06,0.6
2019-06,0.6
2019-06,0.8
2019-07,5.7
2019-07,6.3
2019-07,0.2
2019-07,0.2
2019-07,0.3
2019-07,5.8
2019-07,6.4
2019-07,0.2
2019-07,0.2
2019-07,0.3
2019-07,12.6
2019-07,13.4
2019-07,0.8
2019-07,0.9
2019-07,1.1
2019-07,20.2
2019-07,9.1
2019-07,4.5
2019-07,4.9
2019-07,0.2
2019-07,0.2
2019-07,0.3
2019-07,4.6
2019-07,5.1
2019-07,0.3
2019-07,0.2
2019-07,0.4
2019-07,4.2
2019-07,4.3
2019-07,0.4
2019-07,0.4
2019-07,0.6
2019-07,5.8
2019-07,6.0
2019-07,0.3
2019-07,0.3
2019-07,0.4
2019-07,5.9
2019-07,6.1
2019-07,0.3
2019-07,0.3
2019-07,0.4
2019-07,13.9
2019-07,14.4
2019-07,1.1
2019-07,1.2
2019-07,1.6
2019-07,22.1
2019-07,9.8
2019-07,4.4
2019-07,4.3
2019-07,0.3
2019-07,0.3
2019-07,0.4
2019-07,4.6
2019-07,4.6
2019-07,0.3
2019-07,0.3
2019-07,0.5
2019-07,3.9
2019-07,3.6
2019-07,0.5
2019-07,0.5
2019-07,0.8
2019-07,5.6
2019-07,6.6
2019-07,0.3
2019-07,0.3
2019-07,0.4
2019-07,5.7
2019-07,6.7
2019-07,0.3
2019-07,0.3
2019-07,0.4
2019-07,11.1
2019-07,12.2
2019-07,1.1
2019-07,1.2
2019-07,1.5
2019-07,18.1
2019-07,8.2
2019-07,4.6
2019-07,5.5
2019-07,0.3
2019-07,0.3
2019-07,0.4
2019-07,4.6
2019-07,5.6
2019-07,0.4
2019-07,0.4
2019-07,0.5
2019-07,4.5
2019-07,5.2
2019-07,0.6
2019-07,0.5
2019-07,0.8
2019-08,5.6
2019-08,6.3
2019-08,0.2
2019-08,0.2
2019-08,0.3
2019-08,5.6
2019-08,6.5
2019-08,0.2
2019-08,0.2
2019-08,0.3
2019-08,11.7
2019-08,11.5
2019-08,0.8
2019-08,0.9
2019-08,1.1
2019-08,15.3
2019-08,9.2
2019-08,4.6
2019-08,5.3
2019-08,0.2
2019-08,0.2
2019-08,0.3
2019-08,4.6
2019-08,5.5
2019-08,0.3
2019-08,0.2
2019-08,0.4
2019-08,4.3
2019-08,4.9
2019-08,0.4
2019-08,0.4
2019-08,0.6
2019-08,5.8
2019-08,5.9
2019-08,0.3
2019-08,0.3
2019-08,0.4
2019-08,5.9
2019-08,6.0
2019-08,0.3
2019-08,0.3
2019-08,0.4
2019-08,13.8
2019-08,12.7
2019-08,1.1
2019-08,1.2
2019-08,1.6
2019-08,16.1
2019-08,10.7
2019-08,4.4
2019-08,4.6
2019-08,0.3
2019-08,0.3
2019-08,0.4
2019-08,4.6
2019-08,4.8
2019-08,0.3
2019-08,0.3
2019-08,0.5
2019-08,4.0
2019-08,4.0
2019-08,0.5
2019-08,0.5
2019-08,0.8
2019-08,5.4
2019-08,6.9
2019-08,0.3
2019-08,0.3
2019-08,0.4
2019-08,5.3
2019-08,7.0
2019-08,0.3
2019-08,0.3
2019-08,0.4
2019-08,9.3
2019-08,10.1
2019-08,1.1
2019-08,1.2
2019-08,1.5
2019-08,14.4
2019-08,7.5
2019-08,4.7
2019-08,6.2
2019-08,0.3
2019-08,0.3
2019-08,0.4
2019-08,4.7
2019-08,6.3
2019-08,0.4
2019-08,0.4
2019-08,0.5
2019-08,4.6
2019-08,6.0
2019-08,0.6
2019-08,0.5
2019-08,0.8
2019-09,5.5
2019-09,5.0
2019-09,0.2
2019-09,0.2
2019-09,0.3
2019-09,5.6
2019-09,5.2
2019-09,0.2
2019-09,0.2
2019-09,0.3
2019-09,13.0
2019-09,12.2
2019-09,0.8
2019-09,0.9
2019-09,1.1
2019-09,14.1
2019-09,11.2
2019-09,4.2
2019-09,3.9
2019-09,0.2
2019-09,0.2
2019-09,0.3
2019-09,4.2
2019-09,4.0
2019-09,0.3
2019-09,0.2
2019-09,0.4
2019-09,4.0
2019-09,3.7
2019-09,0.4
2019-09,0.4
2019-09,0.6
2019-09,5.4
2019-09,4.8
2019-09,0.3
2019-09,0.3
2019-09,0.4
2019-09,5.7
2019-09,5.0
2019-09,0.3
2019-09,0.3
2019-09,0.4
2019-09,13.7
2019-09,11.8
2019-09,1.1
2019-09,1.2
2019-09,1.6
2019-09,15.8
2019-09,9.9
2019-09,4.0
2019-09,3.7
2019-09,0.3
2019-09,0.3
2019-09,0.4
2019-09,4.2
2019-09,4.0
2019-09,0.3
2019-09,0.3
2019-09,0.5
2019-09,3.6
2019-09,3.0
2019-09,0.5
2019-09,0.5
2019-09,0.8
2019-09,5.5
2019-09,5.3
2019-09,0.3
2019-09,0.3
2019-09,0.4
2019-09,5.6
2019-09,5.4
2019-09,0.3
2019-09,0.3
2019-09,0.4
2019-09,12.2
2019-09,12.6
2019-09,1.1
2019-09,1.2
2019-09,1.5
2019-09,12.5
2019-09,12.7
2019-09,4.4
2019-09,4.1
2019-09,0.3
2019-09,0.3
2019-09,0.4
2019-09,4.3
2019-09,4.0
2019-09,0.4
2019-09,0.4
2019-09,0.5
2019-09,4.6
2019-09,4.5
2019-09,0.6
2019-09,0.5
2019-09,0.8
2019-10,5.5
2019-10,4.9
2019-10,0.2
2019-10,0.2
2019-10,0.3
2019-10,5.6
2019-10,5.0
2019-10,0.2
2019-10,0.2
2019-10,0.3
2019-10,12.7
2019-10,11.4
2019-10,0.8
2019-10,0.9
2019-10,1.1
2019-10,15.6
2019-10,9.3
2019-10,4.2
2019-10,3.8
2019-10,0.2
2019-10,0.2
2019-10,0.3
2019-10,4.3
2019-10,4.0
2019-10,0.3
2019-10,0.2
2019-10,0.4
2019-10,4.0
2019-10,3.4
2019-10,0.4
2019-10,0.4
2019-10,0.6
2019-10,5.5
2019-10,4.9
2019-10,0.3
2019-10,0.3
2019-10,0.4
2019-10,5.8
2019-10,5.1
2019-10,0.3
2019-10,0.3
2019-10,0.4
2019-10,13.7
2019-10,12.7
2019-10,1.1
2019-10,1.2
2019-10,1.6
2019-10,19.2
2019-10,9.9
2019-10,4.2
2019-10,3.7
2019-10,0.3
2019-10,0.3
2019-10,0.4
2019-10,4.3
2019-10,3.9
2019-10,0.3
2019-10,0.3
2019-10,0.5
2019-10,3.9
2019-10,3.2
2019-10,0.5
2019-10,0.5
2019-10,0.8
2019-10,5.4
2019-10,4.8
2019-10,0.3
2019-10,0.3
2019-10,0.4
2019-10,5.4
2019-10,4.9
2019-10,0.3
2019-10,0.3
2019-10,0.4
2019-10,11.6
2019-10,10.0
2019-10,1.1
2019-10,1.2
2019-10,1.5
2019-10,12.4
2019-10,8.8
2019-10,4.3
2019-10,3.9
2019-10,0.3
2019-10,0.3
2019-10,0.4
2019-10,4.3
2019-10,4.0
2019-10,0.4
2019-10,0.4
2019-10,0.5
2019-10,4.1
2019-10,3.7
2019-10,0.6
2019-10,0.5
2019-10,0.8
2019-11,5.5
2019-11,4.9
2019-11,0.2
2019-11,0.2
2019-11,0.3
2019-11,5.7
2019-11,5.0
2019-11,0.2
2019-11,0.2
2019-11,0.3
2019-11,12.2
2019-11,10.9
2019-11,0.8
2019-11,0.9
2019-11,1.1
2019-11,13.2
2019-11,9.8
2019-11,4.3
2019-11,3.9
2019-11,0.2
2019-11,0.2
2019-11,0.3
2019-11,4.6
2019-11,4.1
2019-11,0.3
2019-11,0.2
2019-11,0.4
2019-11,3.7
2019-11,3.3
2019-11,0.4
2019-11,0.4
2019-11,0.6
2019-11,5.7
2019-11,5.2
2019-11,0.3
2019-11,0.3
2019-11,0.4
2019-11,5.9
2019-11,5.4
2019-11,0.3
2019-11,0.3
2019-11,0.4
2019-11,13.1
2019-11,12.0
2019-11,1.1
2019-11,1.2
2019-11,1.6
2019-11,11.9
2019-11,12.0
2019-11,4.5
2019-11,4.2
2019-11,0.3
2019-11,0.3
2019-11,0.4
2019-11,4.7
2019-11,4.5
2019-11,0.3
2019-11,0.3
2019-11,0.5
2019-11,3.8
2019-11,3.3
2019-11,0.5
2019-11,0.5
2019-11,0.8
2019-11,5.2
2019-11,4.5
2019-11,0.3
2019-11,0.3
2019-11,0.4
2019-11,5.5
2019-11,4.5
2019-11,0.3
2019-11,0.3
2019-11,0.4
2019-11,11.3
2019-11,9.8
2019-11,1.1
2019-11,1.2
2019-11,1.5
2019-11,14.5
2019-11,7.4
2019-11,4.2
2019-11,3.6
2019-11,0.3
2019-11,0.3
2019-11,0.4
2019-11,4.4
2019-11,3.6
2019-11,0.4
2019-11,0.4
2019-11,0.5
2019-11,3.7
2019-11,3.4
2019-11,0.6
2019-11,0.5
2019-11,0.8
2019-12,5.2
2019-12,4.6
2019-12,0.2
2019-12,0.2
2019-12,0.3
2019-12,5.3
2019-12,4.7
2019-12,0.2
2019-12,0.2
2019-12,0.3
2019-12,11.6
2019-12,9.5
2019-12,0.8
2019-12,0.9
2019-12,1.1
2019-12,11.6
2019-12,8.5
2019-12,4.2
2019-12,3.9
2019-12,0.2
2019-12,0.2
2019-12,0.3
2019-12,4.3
2019-12,4.0
2019-12,0.3
2019-12,0.2
2019-12,0.4
2019-12,3.7
2019-12,3.4
2019-12,0.4
2019-12,0.4
2019-12,0.6
2019-12,5.5
2019-12,5.1
2019-12,0.3
2019-12,0.3
2019-12,0.4
2019-12,5.5
2019-12,5.2
2019-12,0.3
2019-12,0.3
2019-12,0.4
2019-12,13.0
2019-12,10.6
2019-12,1.1
2019-12,1.2
2019-12,1.6
2019-12,12.8
2019-12,9.6
2019-12,4.3
2019-12,4.2
2019-12,0.3
2019-12,0.3
2019-12,0.4
2019-12,4.4
2019-12,4.3
2019-12,0.3
2019-12,0.3
2019-12,0.5
2019-12,4.0
2019-12,3.9
2019-12,0.5
2019-12,0.5
2019-12,0.8
2019-12,5.0
2019-12,4.1
2019-12,0.3
2019-12,0.3
2019-12,0.4
2019-12,5.1
2019-12,4.2
2019-12,0.3
2019-12,0.3
2019-12,0.4
2019-12,10.1
2019-12,8.3
2019-12,1.1
2019-12,1.2
2019-12,1.5
2019-12,10.4
2019-12,7.2
2019-12,4.1
2019-12,3.5
2019-12,0.3
2019-12,0.3
2019-12,0.4
2019-12,4.3
2019-12,3.6
2019-12,0.4
2019-12,0.4
2019-12,0.5
2019-12,3.4
2019-12,2.9
2019-12,0.6
2019-12,0.5
2019-12,0.8
2020-01,5.2
2020-01,5.4
2020-01,0.2
2020-01,0.2
2020-01,0.3
2020-01,5.4
2020-01,5.5
2020-01,0.2
2020-01,0.2
2020-01,0.3
2020-01,9.8
2020-01,10.2
2020-01,0.8
2020-01,0.9
2020-01,1.1
2020-01,13.1
2020-01,8.8
2020-01,4.4
2020-01,4.6
2020-01,0.2
2020-01,0.2
2020-01,0.3
2020-01,4.7
2020-01,4.8
2020-01,0.2
2020-01,0.2
2020-01,0.3
2020-01,3.8
2020-01,4.0
2020-01,0.4
2020-01,0.4
2020-01,0.6
2020-01,5.0
2020-01,5.6
2020-01,0.3
2020-01,0.3
2020-01,0.4
2020-01,5.4
2020-01,5.7
2020-01,0.3
2020-01,0.3
2020-01,0.4
2020-01,9.3
2020-01,10.5
2020-01,1.2
2020-01,1.2
2020-01,1.6
2020-01,13.8
2020-01,9.0
2020-01,4.4
2020-01,4.9
2020-01,0.3
2020-01,0.3
2020-01,0.4
2020-01,4.5
2020-01,5.0
2020-01,0.3
2020-01,0.3
2020-01,0.5
2020-01,4.0
2020-01,4.5
2020-01,0.5
2020-01,0.5
2020-01,0.8
2020-01,5.4
2020-01,5.1
2020-01,0.3
2020-01,0.3
2020-01,0.4
2020-01,5.5
2020-01,5.2
2020-01,0.3
2020-01,0.3
2020-01,0.4
2020-01,10.2
2020-01,9.9
2020-01,1.1
2020-01,1.2
2020-01,1.5
2020-01,12.5
2020-01,8.5
2020-01,4.5
2020-01,4.3
2020-01,0.3
2020-01,0.3
2020-01,0.4
2020-01,4.9
2020-01,4.6
2020-01,0.3
2020-01,0.4
2020-01,0.5
2020-01,3.6
2020-01,3.5
2020-01,0.6
2020-01,0.6
2020-01,0.8
2020-02,5.6
2020-02,5.7
2020-02,0.2
2020-02,0.2
2020-02,0.3
2020-02,5.7
2020-02,5.8
2020-02,0.2
2020-02,0.2
2020-02,0.3
2020-02,11.7
2020-02,11.3
2020-02,0.8
2020-02,0.9
2020-02,1.1
2020-02,15.6
2020-02,9.3
2020-02,4.6
2020-02,4.8
2020-02,0.2
2020-02,0.2
2020-02,0.3
2020-02,4.8
2020-02,4.9
2020-02,0.2
2020-02,0.2
2020-02,0.3
2020-02,4.2
2020-02,4.5
2020-02,0.4
2020-02,0.4
2020-02,0.6
2020-02,5.7
2020-02,6.0
2020-02,0.3
2020-02,0.3
2020-02,0.4
2020-02,5.6
2020-02,6.1
2020-02,0.3
2020-02,0.3
2020-02,0.4
2020-02,12.5
2020-02,13.1
2020-02,1.2
2020-02,1.2
2020-02,1.6
2020-02,19.3
2020-02,10.2
2020-02,4.6
2020-02,5.0
2020-02,0.3
2020-02,0.3
2020-02,0.4
2020-02,4.7
2020-02,5.0
2020-02,0.3
2020-02,0.3
2020-02,0.5
2020-02,4.1
2020-02,4.8
2020-02,0.5
2020-02,0.5
2020-02,0.8
2020-02,5.6
2020-02,5.3
2020-02,0.3
2020-02,0.3
2020-02,0.4
2020-02,5.7
2020-02,5.3
2020-02,0.3
2020-02,0.3
2020-02,0.4
2020-02,10.9
2020-02,9.5
2020-02,1.1
2020-02,1.2
2020-02,1.5
2020-02,11.9
2020-02,8.3
2020-02,4.7
2020-02,4.6
2020-02,0.3
2020-02,0.3
2020-02,0.4
2020-02,4.8
2020-02,4.8
2020-02,0.3
2020-02,0.4
2020-02,0.5
2020-02,4.3
2020-02,4.0
2020-02,0.6
2020-02,0.6
2020-02,0.8
2020-03,8.5
2020-03,8.8
2020-03,0.2
2020-03,0.2
2020-03,0.3
2020-03,8.7
2020-03,8.9
2020-03,0.2
2020-03,0.2
2020-03,0.3
2020-03,16.8
2020-03,17.2
2020-03,0.8
2020-03,0.9
2020-03,1.1
2020-03,24.0
2020-03,14.3
2020-03,7.2
2020-03,7.6
2020-03,0.2
2020-03,0.2
2020-03,0.3
2020-03,7.7
2020-03,7.8
2020-03,0.2
2020-03,0.2
2020-03,0.3
2020-03,5.9
2020-03,6.8
2020-03,0.4
2020-03,0.4
2020-03,0.6
2020-03,7.8
2020-03,8.3
2020-03,0.3
2020-03,0.3
2020-03,0.4
2020-03,8.1
2020-03,8.4
2020-03,0.3
2020-03,0.3
2020-03,0.4
2020-03,15.7
2020-03,16.5
2020-03,1.2
2020-03,1.2
2020-03,1.6
2020-03,23.9
2020-03,13.3
2020-03,6.6
2020-03,7.1
2020-03,0.3
2020-03,0.3
2020-03,0.4
2020-03,6.9
2020-03,7.2
2020-03,0.3
2020-03,0.3
2020-03,0.5
2020-03,5.9
2020-03,6.7
2020-03,0.5
2020-03,0.5
2020-03,0.8
2020-03,9.2
2020-03,9.4
2020-03,0.3
2020-03,0.3
2020-03,0.4
2020-03,9.3
2020-03,9.4
2020-03,0.3
2020-03,0.3
2020-03,0.4
2020-03,18.0
2020-03,18.1
2020-03,1.1
2020-03,1.2
2020-03,1.5
2020-03,24.1
2020-03,15.4
2020-03,7.9
2020-03,8.1
2020-03,0.3
2020-03,0.3
2020-03,0.4
2020-03,8.5
2020-03,8.5
2020-03,0.3
2020-03,0.4
2020-03,0.5
2020-03,5.9
2020-03,6.9
2020-03,0.6
2020-03,0.6
2020-03,0.8
2020-04,12.1
2020-04,12.1
2020-04,0.2
2020-04,0.2
2020-04,0.3
2020-04,12.3
2020-04,12.3
2020-04,0.2
2020-04,0.2
2020-04,0.3
2020-04,25.1
2020-04,25.1
2020-04,0.8
2020-04,0.9
2020-04,1.1
2020-04,28.7
2020-04,23.6
2020-04,10.3
2020-04,10.3
2020-04,0.2
2020-04,0.2
2020-04,0.3
2020-04,10.4
2020-04,10.4
2020-04,0.2
2020-04,0.2
2020-04,0.3
2020-04,9.9
2020-04,10.1
2020-04,0.4
2020-04,0.4
2020-04,0.6
2020-04,11.2
2020-04,11.7
2020-04,0.3
2020-04,0.3
2020-04,0.4
2020-04,11.9
2020-04,12.1
2020-04,0.3
2020-04,0.3
2020-04,0.4
2020-04,23.9
2020-04,24.2
2020-04,1.2
2020-04,1.2
2020-04,1.6
2020-04,26.0
2020-04,23.5
2020-04,9.5
2020-04,10.1
2020-04,0.3
2020-04,0.3
2020-04,0.4
2020-04,9.6
2020-04,10.2
2020-04,0.3
2020-04,0.3
2020-04,0.5
2020-04,8.9
2020-04,9.8
2020-04,0.5
2020-04,0.5
2020-04,0.8
2020-04,13.1
2020-04,12.4
2020-04,0.3
2020-04,0.3
2020-04,0.4
2020-04,12.8
2020-04,12.6
2020-04,0.3
2020-04,0.3
2020-04,0.4
2020-04,26.6
2020-04,26.2
2020-04,1.1
2020-04,1.2
2020-04,1.5
2020-04,31.5
2020-04,23.9
2020-04,11.2
2020-04,10.6
2020-04,0.3
2020-04,0.3
2020-04,0.4
2020-04,11.2
2020-04,10.7
2020-04,0.3
2020-04,0.4
2020-04,0.5
2020-04,11.1
2020-04,10.4
2020-04,0.6
2020-04,0.6
2020-04,0.8
2020-05,14.2
2020-05,14.5
2020-05,0.2
2020-05,0.2
2020-05,0.3
2020-05,14.6
2020-05,14.9
2020-05,0.2
2020-05,0.2
2020-05,0.3
2020-05,31.4
2020-05,34.4
2020-05,0.8
2020-05,0.9
2020-05,1.1
2020-05,39.7
2020-05,31.9
2020-05,11.7
2020-05,11.4
2020-05,0.2
2020-05,0.2
2020-05,0.3
2020-05,12.1
2020-05,11.8
2020-05,0.2
2020-05,0.2
2020-05,0.3
2020-05,10.7
2020-05,10.0
2020-05,0.4
2020-05,0.4
2020-05,0.6
2020-05,13.7
2020-05,13.9
2020-05,0.3
2020-05,0.3
2020-05,0.4
2020-05,14.3
2020-05,14.3
2020-05,0.3
2020-05,0.3
2020-05,0.4
2020-05,31.4
2020-05,32.0
2020-05,1.2
2020-05,1.2
2020-05,1.6
2020-05,35.8
2020-05,30.3
2020-05,11.1
2020-05,11.1
2020-05,0.3
2020-05,0.3
2020-05,0.4
2020-05,11.6
2020-05,11.6
2020-05,0.3
2020-05,0.3
2020-05,0.5
2020-05,9.7
2020-05,9.7
2020-05,0.5
2020-05,0.5
2020-05,0.8
2020-05,14.8
2020-05,15.3
2020-05,0.3
2020-05,0.3
2020-05,0.4
2020-05,15.0
2020-05,15.5
2020-05,0.3
2020-05,0.3
2020-05,0.4
2020-05,31.4
2020-05,37.0
2020-05,1.1
2020-05,1.2
2020-05,1.5
2020-05,43.6
2020-05,33.7
2020-05,12.4
2020-05,11.7
2020-05,0.3
2020-05,0.3
2020-05,0.4
2020-05,12.6
2020-05,12.1
2020-05,0.3
2020-05,0.4
2020-05,0.5
2020-05,11.9
2020-05,10.5
2020-05,0.6
2020-05,0.6
2020-05,0.8
2020-06,12.6
2020-06,12.4
2020-06,0.2
2020-06,0.2
2020-06,0.3
2020-06,12.7
2020-06,12.6
2020-06,0.2
2020-06,0.2
2020-06,0.3
2020-06,30.3
2020-06,30.5
2020-06,0.8
2020-06,0.9
2020-06,1.1
2020-06,32.3
2020-06,29.6
2020-06,9.8
2020-06,9.2
2020-06,0.2
2020-06,0.2
2020-06,0.3
2020-06,10.0
2020-06,9.5
2020-06,0.2
2020-06,0.2
2020-06,0.3
2020-06,9.2
2020-06,8.4
2020-06,0.4
2020-06,0.4
2020-06,0.6
2020-06,12.0
2020-06,11.6
2020-06,0.3
2020-06,0.3
2020-06,0.4
2020-06,12.2
2020-06,12.0
2020-06,0.3
2020-06,0.3
2020-06,0.4
2020-06,30.9
2020-06,30.7
2020-06,1.2
2020-06,1.2
2020-06,1.6
2020-06,32.6
2020-06,29.8
2020-06,9.0
2020-06,8.4
2020-06,0.3
2020-06,0.3
2020-06,0.4
2020-06,9.2
2020-06,8.6
2020-06,0.3
2020-06,0.3
2020-06,0.5
2020-06,8.3
2020-06,7.6
2020-06,0.5
2020-06,0.5
2020-06,0.8
2020-06,13.3
2020-06,13.2
2020-06,0.3
2020-06,0.3
2020-06,0.4
2020-06,13.3
2020-06,13.3
2020-06,0.3
2020-06,0.3
2020-06,0.4
2020-06,29.7
2020-06,30.3
2020-06,1.1
2020-06,1.2
2020-06,1.5
2020-06,31.9
2020-06,29.3
2020-06,10.7
2020-06,10.2
2020-06,0.3
2020-06,0.3
2020-06,0.4
2020-06,10.8
2020-06,10.4
2020-06,0.3
2020-06,0.4
2020-06,0.5
2020-06,10.3
2020-06,9.4
2020-06,0.6
2020-06,0.6
2020-06,0.8
2020-07,11.4
2020-07,12.5
2020-07,0.3
2020-07,0.3
2020-07,0.3
2020-07,12.1
2020-07,12.7
2020-07,0.3
2020-07,0.3
2020-07,0.4
2020-07,28.2
2020-07,29.2
2020-07,1.0
2020-07,1.1
2020-07,1.3
2020-07,32.1
2020-07,27.4
2020-07,8.7
2020-07,9.3
2020-07,0.2
2020-07,0.3
2020-07,0.3
2020-07,8.8
2020-07,9.5
2020-07,0.3
2020-07,0.3
2020-07,0.4
2020-07,8.3
2020-07,8.6
2020-07,0.5
2020-07,0.5
2020-07,0.6
2020-07,11.8
2020-07,11.8
2020-07,0.3
2020-07,0.4
2020-07,0.5
2020-07,12.0
2020-07,12.1
2020-07,0.4
2020-07,0.4
2020-07,0.5
2020-07,30.0
2020-07,29.3
2020-07,1.3
2020-07,1.5
2020-07,1.8
2020-07,30.8
2020-07,28.5
2020-07,8.8
2020-07,8.5
2020-07,0.3
2020-07,0.3
2020-07,0.4
2020-07,9.1
2020-07,8.9
2020-07,0.4
2020-07,0.4
2020-07,0.5
2020-07,7.9
2020-07,7.4
2020-07,0.6
2020-07,0.6
2020-07,0.8
2020-07,11.0
2020-07,13.3
2020-07,0.4
2020-07,0.4
2020-07,0.5
2020-07,12.1
2020-07,13.5
2020-07,0.4
2020-07,0.4
2020-07,0.5
2020-07,26.0
2020-07,29.1
2020-07,1.4
2020-07,1.5
2020-07,1.8
2020-07,33.4
2020-07,26.3
2020-07,8.6
2020-07,10.2
2020-07,0.4
2020-07,0.4
2020-07,0.5
2020-07,8.5
2020-07,10.2
2020-07,0.4
2020-07,0.4
2020-07,0.5
2020-07,8.8
2020-07,10.1
2020-07,0.7
2020-07,0.7
2020-07,0.9
2020-08,10.4
2020-08,11.7
2020-08,0.3
2020-08,0.3
2020-08,0.3
2020-08,10.8
2020-08,11.9
2020-08,0.3
2020-08,0.3
2020-08,0.4
2020-08,26.5
2020-08,26.4
2020-08,1.0
2020-08,1.1
2020-08,1.3
2020-08,30.6
2020-08,23.8
2020-08,7.7
2020-08,9.0
2020-08,0.2
2020-08,0.3
2020-08,0.3
2020-08,7.9
2020-08,9.1
2020-08,0.3
2020-08,0.3
2020-08,0.4
2020-08,7.4
2020-08,8.6
2020-08,0.5
2020-08,0.5
2020-08,0.6
2020-08,11.2
2020-08,11.0
2020-08,0.3
2020-08,0.4
2020-08,0.5
2020-08,11.3
2020-08,11.3
2020-08,0.4
2020-08,0.4
2020-08,0.5
2020-08,30.0
2020-08,27.8
2020-08,1.3
2020-08,1.5
2020-08,1.8
2020-08,31.7
2020-08,25.7
2020-08,8.1
2020-08,8.0
2020-08,0.3
2020-08,0.3
2020-08,0.4
2020-08,8.2
2020-08,8.1
2020-08,0.4
2020-08,0.4
2020-08,0.5
2020-08,7.7
2020-08,7.5
2020-08,0.6
2020-08,0.6
2020-08,0.8
2020-08,9.5
2020-08,12.5
2020-08,0.4
2020-08,0.4
2020-08,0.5
2020-08,10.3
2020-08,12.6
2020-08,0.4
2020-08,0.4
2020-08,0.5
2020-08,22.6
2020-08,24.8
2020-08,1.4
2020-08,1.5
2020-08,1.8
2020-08,29.5
2020-08,21.7
2020-08,7.4
2020-08,10.2
2020-08,0.4
2020-08,0.4
2020-08,0.5
2020-08,7.5
2020-08,10.3
2020-08,0.4
2020-08,0.4
2020-08,0.5
2020-08,7.1
2020-08,9.9
2020-08,0.7
2020-08,0.7
2020-08,0.9
2020-09,9.6
2020-09,9.1
2020-09,0.3
2020-09,0.3
2020-09,0.3
2020-09,9.3
2020-09,9.1
2020-09,0.3
2020-09,0.3
2020-09,0.4
2020-09,21.9
2020-09,22.3
2020-09,1.0
2020-09,1.1
2020-09,1.3
2020-09,25.6
2020-09,20.5
2020-09,7.5
2020-09,7.0
2020-09,0.2
2020-09,0.3
2020-09,0.3
2020-09,7.4
2020-09,7.0
2020-09,0.3
2020-09,0.3
2020-09,0.4
2020-09,7.5
2020-09,6.9
2020-09,0.5
2020-09,0.5
2020-09,0.6
2020-09,9.8
2020-09,9.2
2020-09,0.3
2020-09,0.4
2020-09,0.5
2020-09,9.7
2020-09,9.3
2020-09,0.4
2020-09,0.4
2020-09,0.5
2020-09,22.7
2020-09,22.3
2020-09,1.3
2020-09,1.5
2020-09,1.8
2020-09,25.1
2020-09,20.9
2020-09,7.6
2020-09,7.1
2020-09,0.3
2020-09,0.3
2020-09,0.4
2020-09,7.6
2020-09,7.3
2020-09,0.4
2020-09,0.4
2020-09,0.5
2020-09,7.7
2020-09,6.7
2020-09,0.6
2020-09,0.6
2020-09,0.8
2020-09,9.3
2020-09,9.0
2020-09,0.4
2020-09,0.4
2020-09,0.5
2020-09,8.9
2020-09,8.8
2020-09,0.4
2020-09,0.4
2020-09,0.5
2020-09,21.1
2020-09,22.3
2020-09,1.4
2020-09,1.5
2020-09,1.8
2020-09,26.2
2020-09,20.1
2020-09,7.3
2020-09,6.8
2020-09,0.4
2020-09,0.4
2020-09,0.5
2020-09,7.3
2020-09,6.7
2020-09,0.4
2020-09,0.4
2020-09,0.5
2020-09,7.3
2020-09,7.1
2020-09,0.7
2020-09,0.7
2020-09,0.9
2020-10,9.4
2020-10,8.6
2020-10,0.3
2020-10,0.3
2020-10,0.3
2020-10,9.2
2020-10,8.8
2020-10,0.3
2020-10,0.3
2020-10,0.4
2020-10,20.6
2020-10,19.6
2020-10,1.0
2020-10,1.1
2020-10,1.3
2020-10,21.5
2020-10,18.7
2020-10,7.5
2020-10,6.9
2020-10,0.2
2020-10,0.3
2020-10,0.3
2020-10,7.6
2020-10,7.1
2020-10,0.3
2020-10,0.3
2020-10,0.4
2020-10,7.2
2020-10,6.4
2020-10,0.5
2020-10,0.5
2020-10,0.6
2020-10,9.2
2020-10,8.6
2020-10,0.3
2020-10,0.4
2020-10,0.5
2020-10,9.1
2020-10,8.8
2020-10,0.4
2020-10,0.4
2020-10,0.5
2020-10,20.2
2020-10,20.1
2020-10,1.3
2020-10,1.5
2020-10,1.8
2020-10,25.4
2020-10,17.4
2020-10,7.4
2020-10,6.8
2020-10,0.3
2020-10,0.3
2020-10,0.4
2020-10,7.6
2020-10,7.0
2020-10,0.4
2020-10,0.4
2020-10,0.5
2020-10,7.0
2020-10,6.2
2020-10,0.6
2020-10,0.6
2020-10,0.8
2020-10,9.5
2020-10,8.7
2020-10,0.4
2020-10,0.4
2020-10,0.5
2020-10,9.3
2020-10,8.7
2020-10,0.4
2020-10,0.4
2020-10,0.5
2020-10,20.9
2020-10,19.1
2020-10,1.4
2020-10,1.5
2020-10,1.8
2020-10,17.2
2020-10,20.1
2020-10,7.5
2020-10,7.0
2020-10,0.4
2020-10,0.4
2020-10,0.5
2020-10,7.6
2020-10,7.1
2020-10,0.4
2020-10,0.4
2020-10,0.5
2020-10,7.4
2020-10,6.7
2020-10,0.7
2020-10,0.7
2020-10,0.9
2020-11,9.0
2020-11,8.1
2020-11,0.3
2020-11,0.3
2020-11,0.3
2020-11,8.9
2020-11,8.0
2020-11,0.3
2020-11,0.3
2020-11,0.4
2020-11,19.5
2020-11,18.2
2020-11,1.0
2020-11,1.1
2020-11,1.3
2020-11,21.3
2020-11,16.7
2020-11,7.3
2020-11,6.5
2020-11,0.2
2020-11,0.3
2020-11,0.3
2020-11,7.4
2020-11,6.5
2020-11,0.3
2020-11,0.3
2020-11,0.4
2020-11,7.0
2020-11,6.3
2020-11,0.5
2020-11,0.5
2020-11,0.6
2020-11,9.0
2020-11,8.4
2020-11,0.3
2020-11,0.4
2020-11,0.5
2020-11,8.8
2020-11,8.3
2020-11,0.4
2020-11,0.4
2020-11,0.5
2020-11,20.0
2020-11,19.2
2020-11,1.3
2020-11,1.5
2020-11,1.8
2020-11,22.8
2020-11,17.4
2020-11,7.2
2020-11,6.7
2020-11,0.3
2020-11,0.3
2020-11,0.4
2020-11,7.1
2020-11,6.6
2020-11,0.4
2020-11,0.4
2020-11,0.5
2020-11,7.5
2020-11,6.9
2020-11,0.6
2020-11,0.6
2020-11,0.8
2020-11,9.0
2020-11,7.7
2020-11,0.4
2020-11,0.4
2020-11,0.5
2020-11,9.0
2020-11,7.7
2020-11,0.4
2020-11,0.4
2020-11,0.5
2020-11,19.1
2020-11,17.1
2020-11,1.4
2020-11,1.5
2020-11,1.8
2020-11,19.5
2020-11,16.0
2020-11,7.3
2020-11,6.2
2020-11,0.4
2020-11,0.4
2020-11,0.5
2020-11,7.6
2020-11,6.4
2020-11,0.4
2020-11,0.4
2020-11,0.5
2020-11,6.3
2020-11,5.6
2020-11,0.7
2020-11,0.7
2020-11,0.9
2020-12,9.9
2020-12,8.8
2020-12,0.3
2020-12,0.3
2020-12,0.3
2020-12,9.6
2020-12,8.8
2020-12,0.3
2020-12,0.3
2020-12,0.4
2020-12,21.5
2020-12,18.3
2020-12,1.0
2020-12,1.1
2020-12,1.3
2020-12,20.8
2020-12,17.0
2020-12,7.9
2020-12,7.3
2020-12,0.2
2020-12,0.3
2020-12,0.3
2020-12,7.9
2020-12,7.2
2020-12,0.3
2020-12,0.3
2020-12,0.4
2020-12,8.2
2020-12,7.5
2020-12,0.5
2020-12,0.5
2020-12,0.6
2020-12,9.5
2020-12,9.0
2020-12,0.3
2020-12,0.4
2020-12,0.5
2020-12,9.4
2020-12,9.0
2020-12,0.4
2020-12,0.4
2020-12,0.5
2020-12,20.0
2020-12,17.8
2020-12,1.3
2020-12,1.5
2020-12,1.8
2020-12,21.7
2020-12,15.8
2020-12,7.8
2020-12,7.6
2020-12,0.3
2020-12,0.3
2020-12,0.4
2020-12,7.9
2020-12,7.7
2020-12,0.4
2020-12,0.4
2020-12,0.5
2020-12,7.5
2020-12,7.4
2020-12,0.6
2020-12,0.6
2020-12,0.8
2020-12,10.4
2020-12,8.6
2020-12,0.4
2020-12,0.4
2020-12,0.5
2020-12,9.9
2020-12,8.5
2020-12,0.4
2020-12,0.4
2020-12,0.5
2020-12,23.1
2020-12,18.8
2020-12,1.4
2020-12,1.5
2020-12,1.8
2020-12,19.9
2020-12,18.3
2020-12,8.1
2020-12,6.9
2020-12,0.4
2020-12,0.4
2020-12,0.5
2020-12,7.9
2020-12,6.7
2020-12,0.4
2020-12,0.4
2020-12,0.5
2020-12,9.0
2020-12,7.6
2020-12,0.7
2020-12,0.7
2020-12,0.9
2021-01,10.2
2021-01,10.5
2021-01,0.3
2021-01,0.3
2021-01,0.4
2021-01,10.7
2021-01,10.6
2021-01,0.3
2021-01,0.3
2021-01,0.4
2021-01,22.2
2021-01,22.7
2021-01,1.2
2021-01,1.3
2021-01,1.5
2021-01,24.4
2021-01,22.0
2021-01,8.3
2021-01,8.7
2021-01,0.3
2021-01,0.3
2021-01,0.4
2021-01,8.5
2021-01,8.8
2021-01,0.4
2021-01,0.4
2021-01,0.4
2021-01,8.0
2021-01,8.5
2021-01,0.6
2021-01,0.6
2021-01,0.7
2021-01,9.8
2021-01,10.8
2021-01,0.4
2021-01,0.4
2021-01,0.5
2021-01,10.8
2021-01,11.0
2021-01,0.4
2021-01,0.5
2021-01,0.5
2021-01,21.8
2021-01,23.4
2021-01,1.6
2021-01,1.7
2021-01,2.0
2021-01,24.7
2021-01,22.8
2021-01,8.0
2021-01,8.9
2021-01,0.4
2021-01,0.4
2021-01,0.5
2021-01,8.1
2021-01,9.1
2021-01,0.5
2021-01,0.5
2021-01,0.6
2021-01,7.8
2021-01,8.4
2021-01,0.7
2021-01,0.8
2021-01,0.9
2021-01,10.5
2021-01,10.2
2021-01,0.5
2021-01,0.5
2021-01,0.6
2021-01,10.6
2021-01,10.2
2021-01,0.5
2021-01,0.5
2021-01,0.6
2021-01,22.7
2021-01,22.0
2021-01,1.8
2021-01,1.9
2021-01,2.1
2021-01,24.0
2021-01,21.0
2021-01,8.7
2021-01,8.5
2021-01,0.4
2021-01,0.4
2021-01,0.5
2021-01,8.8
2021-01,8.5
2021-01,0.5
2021-01,0.5
2021-01,0.6
2021-01,8.1
2021-01,8.5
2021-01,0.9
2021-01,0.9
2021-01,1.0
2021-02,9.5
2021-02,9.4
2021-02,0.3
2021-02,0.3
2021-02,0.4
2021-02,9.6
2021-02,9.5
2021-02,0.3
2021-02,0.3
2021-02,0.4
2021-02,21.9
2021-02,21.2
2021-02,1.2
2021-02,1.3
2021-02,1.5
2021-02,24.4
2021-02,19.7
2021-02,7.5
2021-02,7.7
2021-02,0.3
2021-02,0.3
2021-02,0.4
2021-02,7.6
2021-02,7.6
2021-02,0.4
2021-02,0.4
2021-02,0.4
2021-02,7.5
2021-02,8.0
2021-02,0.6
2021-02,0.6
2021-02,0.7
2021-02,8.7
2021-02,9.1
2021-02,0.4
2021-02,0.4
2021-02,0.5
2021-02,8.8
2021-02,9.2
2021-02,0.4
2021-02,0.5
2021-02,0.5
2021-02,20.2
2021-02,20.8
2021-02,1.6
2021-02,1.7
2021-02,2.0
2021-02,22.5
2021-02,19.9
2021-02,7.0
2021-02,7.4
2021-02,0.4
2021-02,0.4
2021-02,0.5
2021-02,7.0
2021-02,7.3
2021-02,0.5
2021-02,0.5
2021-02,0.6
2021-02,7.0
2021-02,7.8
2021-02,0.7
2021-02,0.8
2021-02,0.9
2021-02,10.3
2021-02,9.8
2021-02,0.5
2021-02,0.5
2021-02,0.6
2021-02,10.5
2021-02,9.8
2021-02,0.5
2021-02,0.5
2021-02,0.6
2021-02,23.8
2021-02,21.7
2021-02,1.8
2021-02,1.9
2021-02,2.1
2021-02,26.6
2021-02,19.4
2021-02,8.2
2021-02,8.1
2021-02,0.4
2021-02,0.4
2021-02,0.5
2021-02,8.2
2021-02,8.0
2021-02,0.5
2021-02,0.5
2021-02,0.6
2021-02,8.1
2021-02,8.2
2021-02,0.9
2021-02,0.9
2021-02,1.0
2021-03,7.8
2021-03,8.1
2021-03,0.3
2021-03,0.3
2021-03,0.4
2021-03,7.9
2021-03,8.1
2021-03,0.3
2021-03,0.3
2021-03,0.4
2021-03,15.9
2021-03,16.3
2021-03,1.2
2021-03,1.3
2021-03,1.5
2021-03,23.6
2021-03,12.7
2021-03,6.5
2021-03,6.9
2021-03,0.3
2021-03,0.3
2021-03,0.4
2021-03,6.8
2021-03,7.0
2021-03,0.4
2021-03,0.4
2021-03,0.4
2021-03,5.8
2021-03,6.6
2021-03,0.6
2021-03,0.6
2021-03,0.7
2021-03,7.9
2021-03,8.4
2021-03,0.4
2021-03,0.4
2021-03,0.5
2021-03,8.1
2021-03,8.4
2021-03,0.4
2021-03,0.5
2021-03,0.5
2021-03,15.8
2021-03,16.5
2021-03,1.6
2021-03,1.7
2021-03,2.0
2021-03,25.3
2021-03,12.3
2021-03,6.7
2021-03,7.2
2021-03,0.4
2021-03,0.4
2021-03,0.5
2021-03,6.7
2021-03,7.0
2021-03,0.5
2021-03,0.5
2021-03,0.6
2021-03,6.7
2021-03,7.7
2021-03,0.7
2021-03,0.8
2021-03,0.9
2021-03,7.7
2021-03,7.8
2021-03,0.5
2021-03,0.5
2021-03,0.6
2021-03,7.8
2021-03,7.9
2021-03,0.5
2021-03,0.5
2021-03,0.6
2021-03,16.1
2021-03,16.0
2021-03,1.8
2021-03,1.9
2021-03,2.1
2021-03,21.6
2021-03,13.2
2021-03,6.4
2021-03,6.6
2021-03,0.4
2021-03,0.4
2021-03,0.5
2021-03,7.0
2021-03,7.0
2021-03,0.5
2021-03,0.5
2021-03,0.6
2021-03,4.6
2021-03,5.3
2021-03,0.9
2021-03,0.9
2021-03,1.0
2021-04,9.4
2021-04,9.2
2021-04,0.3
2021-04,0.3
2021-04,0.4
2021-04,9.4
2021-04,9.4
2021-04,0.3
2021-04,0.3
2021-04,0.4
2021-04,20.6
2021-04,20.6
2021-04,1.2
2021-04,1.3
2021-04,1.5
2021-04,25.4
2021-04,18.2
2021-04,7.6
2021-04,7.6
2021-04,0.3
2021-04,0.3
2021-04,0.4
2021-04,7.6
2021-04,7.4
2021-04,0.4
2021-04,0.4
2021-04,0.4
2021-04,7.8
2021-04,8.0
2021-04,0.6
2021-04,0.6
2021-04,0.7
2021-04,8.7
2021-04,8.9
2021-04,0.4
2021-04,0.4
2021-04,0.5
2021-04,8.8
2021-04,9.0
2021-04,0.4
2021-04,0.5
2021-04,0.5
2021-04,21.3
2021-04,21.7
2021-04,1.6
2021-04,1.7
2021-04,2.0
2021-04,24.3
2021-04,20.3
2021-04,6.7
2021-04,7.0
2021-04,0.4
2021-04,0.4
2021-04,0.5
2021-04,6.6
2021-04,6.8
2021-04,0.5
2021-04,0.5
2021-04,0.6
2021-04,7.0
2021-04,7.6
2021-04,0.7
2021-04,0.8
2021-04,0.9
2021-04,10.1
2021-04,9.6
2021-04,0.5
2021-04,0.5
2021-04,0.6
2021-04,10.0
2021-04,9.8
2021-04,0.5
2021-04,0.5
2021-04,0.6
2021-04,19.7
2021-04,19.3
2021-04,1.8
2021-04,1.9
2021-04,2.1
2021-04,26.7
2021-04,15.6
2021-04,8.7
2021-04,8.3
2021-04,0.4
2021-04,0.4
2021-04,0.5
2021-04,8.6
2021-04,8.2
2021-04,0.5
2021-04,0.5
2021-04,0.6
2021-04,8.8
2021-04,8.5
2021-04,0.9
2021-04,0.9
2021-04,1.0
2021-05,9.4
2021-05,9.7
2021-05,0.3
2021-05,0.3
2021-05,0.4
2021-05,9.5
2021-05,9.8
2021-05,0.3
2021-05,0.3
2021-05,0.4
2021-05,20.9
2021-05,23.4
2021-05,1.2
2021-05,1.3
2021-05,1.5
2021-05,25.2
2021-05,22.5
2021-05,7.7
2021-05,7.5
2021-05,0.3
2021-05,0.3
2021-05,0.4
2021-05,7.4
2021-05,7.3
2021-05,0.4
2021-05,0.4
2021-05,0.4
2021-05,8.8
2021-05,8.2
2021-05,0.6
2021-05,0.6
2021-05,0.7
2021-05,9.1
2021-05,9.4
2021-05,0.4
2021-05,0.4
2021-05,0.5
2021-05,9.2
2021-05,9.4
2021-05,0.4
2021-05,0.5
2021-05,0.5
2021-05,20.3
2021-05,21.4
2021-05,1.6
2021-05,1.7
2021-05,2.0
2021-05,23.9
2021-05,20.2
2021-05,7.4
2021-05,7.5
2021-05,0.4
2021-05,0.4
2021-05,0.5
2021-05,7.3
2021-05,7.4
2021-05,0.5
2021-05,0.5
2021-05,0.6
2021-05,7.6
2021-05,7.7
2021-05,0.7
2021-05,0.8
2021-05,0.9
2021-05,9.9
2021-05,10.1
2021-05,0.5
2021-05,0.5
2021-05,0.6
2021-05,9.9
2021-05,10.2
2021-05,0.5
2021-05,0.5
2021-05,0.6
2021-05,21.6
2021-05,25.6
2021-05,1.8
2021-05,1.9
2021-05,2.1
2021-05,26.4
2021-05,25.1
2021-05,8.1
2021-05,7.6
2021-05,0.4
2021-05,0.4
2021-05,0.5
2021-05,7.4
2021-05,7.2
2021-05,0.5
2021-05,0.5
2021-05,0.6
2021-05,10.2
2021-05,8.9
2021-05,0.9
2021-05,0.9
2021-05,1.0
2021-06,8.8
2021-06,8.6
2021-06,0.3
2021-06,0.3
2021-06,0.4
2021-06,8.7
2021-06,8.6
2021-06,0.3
2021-06,0.3
2021-06,0.4
2021-06,17.5
2021-06,17.9
2021-06,1.2
2021-06,1.3
2021-06,1.5
2021-06,21.8
2021-06,15.8
2021-06,7.4
2021-06,7.0
2021-06,0.3
2021-06,0.3
2021-06,0.4
2021-06,7.0
2021-06,6.7
2021-06,0.4
2021-06,0.4
2021-06,0.4
2021-06,8.5
2021-06,7.8
2021-06,0.6
2021-06,0.6
2021-06,0.7
2021-06,9.1
2021-06,8.9
2021-06,0.4
2021-06,0.4
2021-06,0.5
2021-06,9.0
2021-06,8.8
2021-06,0.4
2021-06,0.5
2021-06,0.5
2021-06,17.0
2021-06,17.4
2021-06,1.6
2021-06,1.7
2021-06,2.0
2021-06,18.4
2021-06,16.9
2021-06,7.9
2021-06,7.5
2021-06,0.4
2021-06,0.4
2021-06,0.5
2021-06,7.7
2021-06,7.3
2021-06,0.5
2021-06,0.5
2021-06,0.6
2021-06,8.5
2021-06,7.8
2021-06,0.7
2021-06,0.8
2021-06,0.9
2021-06,8.4
2021-06,8.3
2021-06,0.5
2021-06,0.5
2021-06,0.6
2021-06,8.3
2021-06,8.3
2021-06,0.5
2021-06,0.5
2021-06,0.6
2021-06,18.1
2021-06,18.5
2021-06,1.8
2021-06,1.9
2021-06,2.1
2021-06,25.2
2021-06,14.6
2021-06,6.8
2021-06,6.4
2021-06,0.4
2021-06,0.4
2021-06,0.5
2021-06,6.3
2021-06,6.0
2021-06,0.5
2021-06,0.5
2021-06,0.6
2021-06,8.5
2021-06,7.7
2021-06,0.9
2021-06,0.9
2021-06,1.0
2021-07,7.9
2021-07,8.6
2021-07,0.3
2021-07,0.3
2021-07,0.4
2021-07,8.0
2021-07,8.6
2021-07,0.4
2021-07,0.3
2021-07,0.4
2021-07,14.7
2021-07,16.0
2021-07,1.3
2021-07,1.3
2021-07,1.6
2021-07,19.3
2021-07,13.9
2021-07,6.9
2021-07,7.2
2021-07,0.3
2021-07,0.3
2021-07,0.4
2021-07,6.5
2021-07,6.9
2021-07,0.4
2021-07,0.4
2021-07,0.5
2021-07,8.0
2021-07,8.3
2021-07,0.6
2021-07,0.6
2021-07,0.8
2021-07,8.5
2021-07,8.5
2021-07,0.5
2021-07,0.4
2021-07,0.6
2021-07,8.5
2021-07,8.6
2021-07,0.5
2021-07,0.5
2021-07,0.6
2021-07,16.4
2021-07,17.0
2021-07,1.7
2021-07,1.7
2021-07,2.1
2021-07,19.8
2021-07,15.4
2021-07,7.3
2021-07,7.0
2021-07,0.4
2021-07,0.4
2021-07,0.6
2021-07,6.9
2021-07,6.7
2021-07,0.5
2021-07,0.5
2021-07,0.7
2021-07,8.3
2021-07,7.8
2021-07,0.8
2021-07,0.8
2021-07,1.0
2021-07,7.3
2021-07,8.7
2021-07,0.5
2021-07,0.5
2021-07,0.6
2021-07,7.5
2021-07,8.6
2021-07,0.5
2021-07,0.5
2021-07,0.6
2021-07,12.8
2021-07,14.8
2021-07,1.9
2021-07,1.9
2021-07,2.3
2021-07,18.8
2021-07,12.3
2021-07,6.4
2021-07,7.5
2021-07,0.4
2021-07,0.4
2021-07,0.6
2021-07,6.0
2021-07,7.1
2021-07,0.5
2021-07,0.5
2021-07,0.7
2021-07,7.8
2021-07,8.8
2021-07,0.9
2021-07,0.9
2021-07,1.1
2021-08,7.7
2021-08,8.9
2021-08,0.3
2021-08,0.3
2021-08,0.4
2021-08,7.7
2021-08,8.9
2021-08,0.4
2021-08,0.3
2021-08,0.4
2021-08,13.9
2021-08,13.5
2021-08,1.3
2021-08,1.3
2021-08,1.6
2021-08,16.2
2021-08,11.9
2021-08,6.7
2021-08,8.1
2021-08,0.3
2021-08,0.3
2021-08,0.4
2021-08,6.3
2021-08,7.8
2021-08,0.4
2021-08,0.4
2021-08,0.5
2021-08,7.7
2021-08,8.9
2021-08,0.6
2021-08,0.6
2021-08,0.8
2021-08,8.0
2021-08,8.3
2021-08,0.5
2021-08,0.4
2021-08,0.6
2021-08,7.9
2021-08,8.2
2021-08,0.5
2021-08,0.5
2021-08,0.6
2021-08,14.9
2021-08,14.0
2021-08,1.7
2021-08,1.7
2021-08,2.1
2021-08,17.4
2021-08,12.1
2021-08,6.9
2021-08,7.3
2021-08,0.4
2021-08,0.4
2021-08,0.6
2021-08,6.6
2021-08,7.1
2021-08,0.5
2021-08,0.5
2021-08,0.7
2021-08,7.7
2021-08,7.8
2021-08,0.8
2021-08,0.8
2021-08,1.0
2021-08,7.3
2021-08,9.6
2021-08,0.5
2021-08,0.5
2021-08,0.6
2021-08,7.5
2021-08,9.6
2021-08,0.5
2021-08,0.5
2021-08,0.6
2021-08,12.9
2021-08,13.0
2021-08,1.9
2021-08,1.9
2021-08,2.3
2021-08,15.0
2021-08,11.7
2021-08,6.4
2021-08,9.0
2021-08,0.4
2021-08,0.4
2021-08,0.6
2021-08,6.0
2021-08,8.6
2021-08,0.5
2021-08,0.5
2021-08,0.7
2021-08,7.6
2021-08,10.2
2021-08,0.9
2021-08,0.9
2021-08,1.1
2021-09,7.4
2021-09,7.1
2021-09,0.3
2021-09,0.3
2021-09,0.4
2021-09,7.3
2021-09,7.0
2021-09,0.4
2021-09,0.3
2021-09,0.4
2021-09,12.2
2021-09,12.4
2021-09,1.3
2021-09,1.3
2021-09,1.6
2021-09,15.2
2021-09,11.0
2021-09,6.7
2021-09,6.3
2021-09,0.3
2021-09,0.3
2021-09,0.4
2021-09,6.6
2021-09,6.2
2021-09,0.4
2021-09,0.4
2021-09,0.5
2021-09,7.0
2021-09,6.5
2021-09,0.6
2021-09,0.6
2021-09,0.8
2021-09,7.7
2021-09,7.2
2021-09,0.5
2021-09,0.4
2021-09,0.6
2021-09,7.6
2021-09,7.2
2021-09,0.5
2021-09,0.5
2021-09,0.6
2021-09,14.4
2021-09,14.0
2021-09,1.7
2021-09,1.7
2021-09,2.1
2021-09,18.2
2021-09,12.1
2021-09,6.6
2021-09,6.2
2021-09,0.4
2021-09,0.4
2021-09,0.6
2021-09,6.6
2021-09,6.4
2021-09,0.5
2021-09,0.5
2021-09,0.7
2021-09,6.6
2021-09,5.8
2021-09,0.8
2021-09,0.8
2021-09,1.0
2021-09,7.2
2021-09,7.0
2021-09,0.5
2021-09,0.5
2021-09,0.6
2021-09,6.9
2021-09,6.8
2021-09,0.5
2021-09,0.5
2021-09,0.6
2021-09,10.0
2021-09,10.7
2021-09,1.9
2021-09,1.9
2021-09,2.3
2021-09,12.3
2021-09,9.8
2021-09,6.7
2021-09,6.4
2021-09,0.4
2021-09,0.4
2021-09,0.6
2021-09,6.5
2021-09,6.1
2021-09,0.5
2021-09,0.5
2021-09,0.7
2021-09,7.4
2021-09,7.3
2021-09,0.9
2021-09,0.9
2021-09,1.1
2021-10,6.7
2021-10,6.3
2021-10,0.3
2021-10,0.3
2021-10,0.4
2021-10,6.5
2021-10,6.1
2021-10,0.4
2021-10,0.3
2021-10,0.4
2021-10,9.5
2021-10,8.9
2021-10,1.3
2021-10,1.3
2021-10,1.6
2021-10,8.2
2021-10,9.2
2021-10,6.3
2021-10,5.9
2021-10,0.3
2021-10,0.3
2021-10,0.4
2021-10,5.9
2021-10,5.6
2021-10,0.4
2021-10,0.4
2021-10,0.5
2021-10,7.4
2021-10,6.8
2021-10,0.6
2021-10,0.6
2021-10,0.8
2021-10,6.7
2021-10,6.2
2021-10,0.5
2021-10,0.4
2021-10,0.6
2021-10,6.4
2021-10,6.0
2021-10,0.5
2021-10,0.5
2021-10,0.6
2021-10,9.9
2021-10,9.5
2021-10,1.7
2021-10,1.7
2021-10,2.1
2021-10,7.8
2021-10,10.3
2021-10,6.2
2021-10,5.7
2021-10,0.4
2021-10,0.4
2021-10,0.6
2021-10,5.9
2021-10,5.5
2021-10,0.5
2021-10,0.5
2021-10,0.7
2021-10,7.0
2021-10,6.4
2021-10,0.8
2021-10,0.8
2021-10,1.0
2021-10,6.8
2021-10,6.3
2021-10,0.5
2021-10,0.5
2021-10,0.6
2021-10,6.6
2021-10,6.2
2021-10,0.5
2021-10,0.5
2021-10,0.6
2021-10,9.0
2021-10,8.2
2021-10,1.9
2021-10,1.9
2021-10,2.3
2021-10,8.7
2021-10,8.0
2021-10,6.4
2021-10,6.0
2021-10,0.4
2021-10,0.4
2021-10,0.6
2021-10,5.9
2021-10,5.7
2021-10,0.5
2021-10,0.5
2021-10,0.7
2021-10,7.9
2021-10,7.3
2021-10,0.9
2021-10,0.9
2021-10,1.1
2021-11,6.5
2021-11,5.8
2021-11,0.3
2021-11,0.3
2021-11,0.4
2021-11,6.3
2021-11,5.6
2021-11,0.4
2021-11,0.3
2021-11,0.4
2021-11,10.9
2021-11,10.1
2021-11,1.3
2021-11,1.3
2021-11,1.6
2021-11,10.8
2021-11,9.8
2021-11,5.8
2021-11,5.1
2021-11,0.3
2021-11,0.3
2021-11,0.4
2021-11,5.2
2021-11,4.6
2021-11,0.4
2021-11,0.4
2021-11,0.5
2021-11,7.3
2021-11,6.7
2021-11,0.6
2021-11,0.6
2021-11,0.8
2021-11,6.7
2021-11,6.1
2021-11,0.5
2021-11,0.4
2021-11,0.6
2021-11,6.3
2021-11,5.9
2021-11,0.5
2021-11,0.5
2021-11,0.6
2021-11,14.3
2021-11,13.4
2021-11,1.7
2021-11,1.7
2021-11,2.1
2021-11,13.9
2021-11,13.2
2021-11,5.5
2021-11,5.0
2021-11,0.4
2021-11,0.4
2021-11,0.6
2021-11,5.2
2021-11,4.6
2021-11,0.5
2021-11,0.5
2021-11,0.7
2021-11,6.5
2021-11,6.1
2021-11,0.8
2021-11,0.8
2021-11,1.0
2021-11,6.2
2021-11,5.5
2021-11,0.5
2021-11,0.5
2021-11,0.6
2021-11,6.2
2021-11,5.3
2021-11,0.5
2021-11,0.5
2021-11,0.6
2021-11,7.4
2021-11,6.6
2021-11,1.9
2021-11,1.9
2021-11,2.3
2021-11,7.7
2021-11,6.1
2021-11,6.0
2021-11,5.3
2021-11,0.4
2021-11,0.4
2021-11,0.6
2021-11,5.2
2021-11,4.6
2021-11,0.5
2021-11,0.5
2021-11,0.7
2021-11,8.4
2021-11,7.5
2021-11,0.9
2021-11,0.9
2021-11,1.1
2021-12,6.3
2021-12,5.5
2021-12,0.3
2021-12,0.3
2021-12,0.4
2021-12,6.1
2021-12,5.4
2021-12,0.4
2021-12,0.3
2021-12,0.4
2021-12,11.6
2021-12,9.1
2021-12,1.3
2021-12,1.3
2021-12,1.6
2021-12,11.1
2021-12,8.1
2021-12,5.4
2021-12,4.9
2021-12,0.3
2021-12,0.3
2021-12,0.4
2021-12,5.1
2021-12,4.6
2021-12,0.4
2021-12,0.4
2021-12,0.5
2021-12,6.4
2021-12,5.7
2021-12,0.6
2021-12,0.6
2021-12,0.8
2021-12,6.1
2021-12,5.4
2021-12,0.5
2021-12,0.4
2021-12,0.6
2021-12,5.8
2021-12,5.3
2021-12,0.5
2021-12,0.5
2021-12,0.6
2021-12,13.2
2021-12,10.4
2021-12,1.7
2021-12,1.7
2021-12,2.1
2021-12,12.1
2021-12,9.6
2021-12,5.0
2021-12,4.7
2021-12,0.4
2021-12,0.4
2021-12,0.6
2021-12,4.8
2021-12,4.5
2021-12,0.5
2021-12,0.5
2021-12,0.7
2021-12,5.5
2021-12,5.3
2021-12,0.8
2021-12,0.8
2021-12,1.0
2021-12,6.6
2021-12,5.5
2021-12,0.5
2021-12,0.5
2021-12,0.6
2021-12,6.4
2021-12,5.4
2021-12,0.5
2021-12,0.5
2021-12,0.6
2021-12,10.0
2021-12,7.7
2021-12,1.9
2021-12,1.9
2021-12,2.3
2021-12,10.1
2021-12,6.5
2021-12,6.0
2021-12,5.1
2021-12,0.4
2021-12,0.4
2021-12,0.6
2021-12,5.5
2021-12,4.7
2021-12,0.5
2021-12,0.5
2021-12,0.7
2021-12,7.4
2021-12,6.3
2021-12,0.9
2021-12,0.9
2021-12,1.1
2022-01,7.4
2022-01,7.6
2022-01,0.3
2022-01,0.3
2022-01,0.4
2022-01,7.7
2022-01,7.6
2022-01,0.3
2022-01,0.3
2022-01,0.5
2022-01,15.5
2022-01,15.9
2022-01,1.1
2022-01,1.2
2022-01,1.6
2022-01,18.9
2022-01,14.6
2022-01,6.1
2022-01,6.3
2022-01,0.3
2022-01,0.3
2022-01,0.4
2022-01,6.0
2022-01,6.2
2022-01,0.3
2022-01,0.3
2022-01,0.5
2022-01,6.3
2022-01,6.6
2022-01,0.6
2022-01,0.6
2022-01,0.8
2022-01,6.9
2022-01,7.5
2022-01,0.4
2022-01,0.4
2022-01,0.6
2022-01,7.4
2022-01,7.5
2022-01,0.4
2022-01,0.4
2022-01,0.6
2022-01,15.5
2022-01,16.9
2022-01,1.5
2022-01,1.6
2022-01,2.2
2022-01,17.9
2022-01,16.5
2022-01,5.7
2022-01,6.2
2022-01,0.4
2022-01,0.4
2022-01,0.6
2022-01,5.4
2022-01,6.1
2022-01,0.5
2022-01,0.5
2022-01,0.7
2022-01,6.5
2022-01,6.6
2022-01,0.8
2022-01,0.7
2022-01,1.1
2022-01,7.8
2022-01,7.6
2022-01,0.4
2022-01,0.4
2022-01,0.6
2022-01,8.0
2022-01,7.6
2022-01,0.4
2022-01,0.4
2022-01,0.6
2022-01,15.4
2022-01,14.9
2022-01,1.6
2022-01,1.7
2022-01,2.4
2022-01,19.9
2022-01,12.5
2022-01,6.6
2022-01,6.4
2022-01,0.4
2022-01,0.4
2022-01,0.6
2022-01,6.8
2022-01,6.4
2022-01,0.5
2022-01,0.5
2022-01,0.7
2022-01,6.0
2022-01,6.6
2022-01,0.9
2022-01,0.9
2022-01,1.2
2022-02,5.7
2022-02,5.7
2022-02,0.3
2022-02,0.3
2022-02,0.4
2022-02,5.7
2022-02,5.6
2022-02,0.3
2022-02,0.3
2022-02,0.5
2022-02,12.0
2022-02,11.7
2022-02,1.1
2022-02,1.2
2022-02,1.6
2022-02,13.4
2022-02,10.8
2022-02,4.6
2022-02,4.7
2022-02,0.3
2022-02,0.3
2022-02,0.4
2022-02,4.5
2022-02,4.6
2022-02,0.3
2022-02,0.3
2022-02,0.5
2022-02,4.9
2022-02,5.3
2022-02,0.6
2022-02,0.6
2022-02,0.8
2022-02,5.8
2022-02,6.1
2022-02,0.4
2022-02,0.4
2022-02,0.6
2022-02,5.7
2022-02,6.0
2022-02,0.4
2022-02,0.4
2022-02,0.6
2022-02,13.4
2022-02,13.5
2022-02,1.5
2022-02,1.6
2022-02,2.2
2022-02,13.3
2022-02,13.6
2022-02,4.7
2022-02,4.9
2022-02,0.4
2022-02,0.4
2022-02,0.6
2022-02,4.5
2022-02,4.7
2022-02,0.5
2022-02,0.5
2022-02,0.7
2022-02,5.1
2022-02,5.7
2022-02,0.8
2022-02,0.7
2022-02,1.1
2022-02,5.4
2022-02,5.2
2022-02,0.4
2022-02,0.4
2022-02,0.6
2022-02,5.6
2022-02,5.2
2022-02,0.4
2022-02,0.4
2022-02,0.6
2022-02,10.6
2022-02,9.7
2022-02,1.6
2022-02,1.7
2022-02,2.4
2022-02,13.5
2022-02,7.7
2022-02,4.6
2022-02,4.5
2022-02,0.4
2022-02,0.4
2022-02,0.6
2022-02,4.5
2022-02,4.4
2022-02,0.5
2022-02,0.5
2022-02,0.7
2022-02,4.8
2022-02,4.7
2022-02,0.9
2022-02,0.9
2022-02,1.2
2022-03,5.4
2022-03,5.7
2022-03,0.3
2022-03,0.3
2022-03,0.4
2022-03,5.4
2022-03,5.6
2022-03,0.3
2022-03,0.3
2022-03,0.5
2022-03,10.6
2022-03,10.8
2022-03,1.1
2022-03,1.2
2022-03,1.6
2022-03,13.4
2022-03,9.5
2022-03,4.6
2022-03,4.9
2022-03,0.3
2022-03,0.3
2022-03,0.4
2022-03,4.6
2022-03,4.7
2022-03,0.3
2022-03,0.3
2022-03,0.5
2022-03,4.6
2022-03,5.3
2022-03,0.6
2022-03,0.6
2022-03,0.8
2022-03,5.1
2022-03,5.4
2022-03,0.4
2022-03,0.4
2022-03,0.6
2022-03,4.9
2022-03,5.3
2022-03,0.4
2022-03,0.4
2022-03,0.6
2022-03,10.7
2022-03,11.2
2022-03,1.5
2022-03,1.6
2022-03,2.2
2022-03,11.5
2022-03,11.0
2022-03,4.2
2022-03,4.5
2022-03,0.4
2022-03,0.4
2022-03,0.6
2022-03,3.9
2022-03,4.1
2022-03,0.5
2022-03,0.5
2022-03,0.7
2022-03,4.9
2022-03,5.7
2022-03,0.8
2022-03,0.7
2022-03,1.1
2022-03,5.9
2022-03,6.0
2022-03,0.4
2022-03,0.4
2022-03,0.6
2022-03,6.0
2022-03,6.0
2022-03,0.4
2022-03,0.4
2022-03,0.6
2022-03,10.4
2022-03,10.3
2022-03,1.6
2022-03,1.7
2022-03,2.4
2022-03,15.2
2022-03,7.9
2022-03,5.1
2022-03,5.3
2022-03,0.4
2022-03,0.4
2022-03,0.6
2022-03,5.4
2022-03,5.4
2022-03,0.5
2022-03,0.5
2022-03,0.7
2022-03,4.3
2022-03,4.7
2022-03,0.9
2022-03,0.9
2022-03,1.2
2022-04,5.6
2022-04,5.4
2022-04,0.3
2022-04,0.3
2022-04,0.4
2022-04,5.6
2022-04,5.5
2022-04,0.3
2022-04,0.3
2022-04,0.5
2022-04,11.4
2022-04,11.2
2022-04,1.1
2022-04,1.2
2022-04,1.6
2022-04,13.6
2022-04,10.0
2022-04,4.6
2022-04,4.5
2022-04,0.3
2022-04,0.3
2022-04,0.4
2022-04,4.7
2022-04,4.5
2022-04,0.3
2022-04,0.3
2022-04,0.5
2022-04,4.4
2022-04,4.6
2022-04,0.6
2022-04,0.6
2022-04,0.8
2022-04,5.7
2022-04,5.7
2022-04,0.4
2022-04,0.4
2022-04,0.6
2022-04,5.6
2022-04,5.7
2022-04,0.4
2022-04,0.4
2022-04,0.6
2022-04,13.7
2022-04,13.6
2022-04,1.5
2022-04,1.6
2022-04,2.2
2022-04,16.4
2022-04,12.2
2022-04,4.4
2022-04,4.5
2022-04,0.4
2022-04,0.4
2022-04,0.6
2022-04,4.3
2022-04,4.3
2022-04,0.5
2022-04,0.5
2022-04,0.7
2022-04,4.8
2022-04,5.1
2022-04,0.8
2022-04,0.7
2022-04,1.1
2022-04,5.4
2022-04,5.2
2022-04,0.4
2022-04,0.4
2022-04,0.6
2022-04,5.5
2022-04,5.2
2022-04,0.4
2022-04,0.4
2022-04,0.6
2022-04,8.9
2022-04,8.7
2022-04,1.6
2022-04,1.7
2022-04,2.4
2022-04,11.0
2022-04,7.5
2022-04,4.9
2022-04,4.6
2022-04,0.4
2022-04,0.4
2022-04,0.6
2022-04,5.1
2022-04,4.8
2022-04,0.5
2022-04,0.5
2022-04,0.7
2022-04,4.0
2022-04,3.9
2022-04,0.9
2022-04,0.9
2022-04,1.2
2022-05,5.4
2022-05,5.5
2022-05,0.3
2022-05,0.3
2022-05,0.4
2022-05,5.4
2022-05,5.6
2022-05,0.3
2022-05,0.3
2022-05,0.5
2022-05,10.6
2022-05,12.2
2022-05,1.1
2022-05,1.2
2022-05,1.6
2022-05,16.1
2022-05,9.9
2022-05,4.6
2022-05,4.4
2022-05,0.3
2022-05,0.3
2022-05,0.4
2022-05,4.7
2022-05,4.6
2022-05,0.3
2022-05,0.3
2022-05,0.5
2022-05,4.1
2022-05,3.8
2022-05,0.6
2022-05,0.6
2022-05,0.8
2022-05,5.6
2022-05,5.7
2022-05,0.4
2022-05,0.4
2022-05,0.6
2022-05,5.7
2022-05,5.8
2022-05,0.4
2022-05,0.4
2022-05,0.6
2022-05,12.7
2022-05,13.8
2022-05,1.5
2022-05,1.6
2022-05,2.2
2022-05,18.6
2022-05,11.3
2022-05,4.5
2022-05,4.3
2022-05,0.4
2022-05,0.4
2022-05,0.6
2022-05,4.7
2022-05,4.7
2022-05,0.5
2022-05,0.5
2022-05,0.7
2022-05,3.8
2022-05,3.4
2022-05,0.8
2022-05,0.7
2022-05,1.1
2022-05,5.2
2022-05,5.4
2022-05,0.4
2022-05,0.4
2022-05,0.6
2022-05,5.0
2022-05,5.4
2022-05,0.4
2022-05,0.4
2022-05,0.6
2022-05,8.3
2022-05,10.5
2022-05,1.6
2022-05,1.7
2022-05,2.4
2022-05,13.8
2022-05,8.5
2022-05,4.6
2022-05,4.4
2022-05,0.4
2022-05,0.4
2022-05,0.6
2022-05,4.7
2022-05,4.5
2022-05,0.5
2022-05,0.5
2022-05,0.7
2022-05,4.3
2022-05,4.2
2022-05,0.9
2022-05,0.9
2022-05,1.2
2022-06,5.1
2022-06,5.1
2022-06,0.3
2022-06,0.3
2022-06,0.4
2022-06,5.2
2022-06,5.2
2022-06,0.3
2022-06,0.3
2022-06,0.5
2022-06,10.4
2022-06,10.9
2022-06,1.1
2022-06,1.2
2022-06,1.6
2022-06,13.8
2022-06,9.3
2022-06,4.3
2022-06,4.1
2022-06,0.3
2022-06,0.3
2022-06,0.4
2022-06,4.3
2022-06,4.1
2022-06,0.3
2022-06,0.3
2022-06,0.5
2022-06,4.2
2022-06,3.9
2022-06,0.6
2022-06,0.6
2022-06,0.8
2022-06,5.1
2022-06,5.1
2022-06,0.4
2022-06,0.4
2022-06,0.6
2022-06,5.3
2022-06,5.3
2022-06,0.4
2022-06,0.4
2022-06,0.6
2022-06,12.1
2022-06,12.5
2022-06,1.5
2022-06,1.6
2022-06,2.2
2022-06,13.8
2022-06,11.9
2022-06,4.1
2022-06,3.9
2022-06,0.4
2022-06,0.4
2022-06,0.6
2022-06,4.1
2022-06,3.9
2022-06,0.5
2022-06,0.5
2022-06,0.7
2022-06,4.1
2022-06,3.7
2022-06,0.8
2022-06,0.7
2022-06,1.1
2022-06,5.1
2022-06,5.0
2022-06,0.4
2022-06,0.4
2022-06,0.6
2022-06,5.1
2022-06,5.1
2022-06,0.4
2022-06,0.4
2022-06,0.6
2022-06,8.7
2022-06,9.1
2022-06,1.6
2022-06,1.7
2022-06,2.4
2022-06,13.8
2022-06,6.6
2022-06,4.5
2022-06,4.3
2022-06,0.4
2022-06,0.4
2022-06,0.6
2022-06,4.6
2022-06,4.4
2022-06,0.5
2022-06,0.5
2022-06,0.7
2022-06,4.4
2022-06,4.1
2022-06,0.9
2022-06,0.9
2022-06,1.2
2022-07,5.1
2022-07,5.6
2022-07,0.2
2022-07,0.2
2022-07,0.4
2022-07,5.2
2022-07,5.7
2022-07,0.2
2022-07,0.2
2022-07,0.4
2022-07,10.1
2022-07,11.5
2022-07,0.8
2022-07,0.9
2022-07,1.5
2022-07,15.1
2022-07,9.2
2022-07,4.3
2022-07,4.5
2022-07,0.2
2022-07,0.2
2022-07,0.4
2022-07,4.1
2022-07,4.4
2022-07,0.3
2022-07,0.3
2022-07,0.5
2022-07,4.6
2022-07,4.8
2022-07,0.5
2022-07,0.5
2022-07,0.8
2022-07,4.9
2022-07,5.1
2022-07,0.3
2022-07,0.3
2022-07,0.6
2022-07,5.2
2022-07,5.3
2022-07,0.3
2022-07,0.3
2022-07,0.6
2022-07,11.7
2022-07,12.9
2022-07,1.2
2022-07,1.3
2022-07,2.1
2022-07,17.9
2022-07,9.8
2022-07,3.9
2022-07,3.7
2022-07,0.3
2022-07,0.3
2022-07,0.5
2022-07,3.9
2022-07,3.7
2022-07,0.4
2022-07,0.4
2022-07,0.6
2022-07,4.0
2022-07,3.8
2022-07,0.6
2022-07,0.6
2022-07,1.0
2022-07,5.2
2022-07,6.1
2022-07,0.3
2022-07,0.3
2022-07,0.6
2022-07,5.2
2022-07,6.3
2022-07,0.3
2022-07,0.4
2022-07,0.6
2022-07,8.5
2022-07,10.1
2022-07,1.1
2022-07,1.3
2022-07,2.2
2022-07,12.4
2022-07,8.6
2022-07,4.7
2022-07,5.4
2022-07,0.3
2022-07,0.3
2022-07,0.6
2022-07,4.4
2022-07,5.1
2022-07,0.4
2022-07,0.4
2022-07,0.7
2022-07,5.5
2022-07,6.0
2022-07,0.7
2022-07,0.7
2022-07,1.1
2022-08,5.4
2022-08,6.3
2022-08,0.2
2022-08,0.2
2022-08,0.4
2022-08,5.4
2022-08,6.5
2022-08,0.2
2022-08,0.2
2022-08,0.4
2022-08,10.3
2022-08,10.3
2022-08,0.8
2022-08,0.9
2022-08,1.5
2022-08,13.4
2022-08,8.3
2022-08,4.6
2022-08,5.6
2022-08,0.2
2022-08,0.2
2022-08,0.4
2022-08,4.6
2022-08,5.7
2022-08,0.3
2022-08,0.3
2022-08,0.5
2022-08,4.5
2022-08,5.3
2022-08,0.5
2022-08,0.5
2022-08,0.8
2022-08,5.2
2022-08,5.6
2022-08,0.3
2022-08,0.3
2022-08,0.6
2022-08,5.4
2022-08,5.7
2022-08,0.3
2022-08,0.3
2022-08,0.6
2022-08,11.4
2022-08,11.2
2022-08,1.2
2022-08,1.3
2022-08,2.1
2022-08,14.7
2022-08,9.1
2022-08,4.3
2022-08,4.6
2022-08,0.3
2022-08,0.3
2022-08,0.5
2022-08,4.3
2022-08,4.7
2022-08,0.4
2022-08,0.4
2022-08,0.6
2022-08,4.1
2022-08,4.2
2022-08,0.6
2022-08,0.6
2022-08,1.0
2022-08,5.6
2022-08,7.2
2022-08,0.3
2022-08,0.3
2022-08,0.6
2022-08,5.4
2022-08,7.3
2022-08,0.3
2022-08,0.4
2022-08,0.6
2022-08,9.3
2022-08,9.3
2022-08,1.1
2022-08,1.3
2022-08,2.2
2022-08,12.2
2022-08,7.4
2022-08,5.0
2022-08,6.8
2022-08,0.3
2022-08,0.3
2022-08,0.6
2022-08,5.0
2022-08,6.8
2022-08,0.4
2022-08,0.4
2022-08,0.7
2022-08,5.0
2022-08,6.7
2022-08,0.7
2022-08,0.7
2022-08,1.1
2022-09,5.5
2022-09,5.3
2022-09,0.2
2022-09,0.2
2022-09,0.4
2022-09,5.6
2022-09,5.4
2022-09,0.2
2022-09,0.2
2022-09,0.4
2022-09,11.6
2022-09,11.9
2022-09,0.8
2022-09,0.9
2022-09,1.5
2022-09,13.9
2022-09,10.9
2022-09,4.5
2022-09,4.3
2022-09,0.2
2022-09,0.2
2022-09,0.4
2022-09,4.5
2022-09,4.4
2022-09,0.3
2022-09,0.3
2022-09,0.5
2022-09,4.4
2022-09,4.2
2022-09,0.5
2022-09,0.5
2022-09,0.8
2022-09,5.4
2022-09,5.2
2022-09,0.3
2022-09,0.3
2022-09,0.6
2022-09,5.7
2022-09,5.3
2022-09,0.3
2022-09,0.3
2022-09,0.6
2022-09,12.5
2022-09,12.5
2022-09,1.2
2022-09,1.3
2022-09,2.1
2022-09,14.2
2022-09,11.6
2022-09,4.3
2022-09,4.1
2022-09,0.3
2022-09,0.3
2022-09,0.5
2022-09,4.3
2022-09,4.3
2022-09,0.4
2022-09,0.4
2022-09,0.6
2022-09,4.0
2022-09,3.6
2022-09,0.6
2022-09,0.6
2022-09,1.0
2022-09,5.6
2022-09,5.5
2022-09,0.3
2022-09,0.3
2022-09,0.6
2022-09,5.6
2022-09,5.5
2022-09,0.3
2022-09,0.4
2022-09,0.6
2022-09,10.6
2022-09,11.3
2022-09,1.1
2022-09,1.3
2022-09,2.2
2022-09,13.5
2022-09,10.0
2022-09,4.7
2022-09,4.6
2022-09,0.3
2022-09,0.3
2022-09,0.6
2022-09,4.7
2022-09,4.5
2022-09,0.4
2022-09,0.4
2022-09,0.7
2022-09,4.9
2022-09,4.8
2022-09,0.7
2022-09,0.7
2022-09,1.1
2022-10,5.5
2022-10,5.2
2022-10,0.2
2022-10,0.2
2022-10,0.4
2022-10,5.6
2022-10,5.2
2022-10,0.2
2022-10,0.2
2022-10,0.4
2022-10,12.0
2022-10,11.6
2022-10,0.8
2022-10,0.9
2022-10,1.5
2022-10,12.8
2022-10,11.0
2022-10,4.4
2022-10,4.2
2022-10,0.2
2022-10,0.2
2022-10,0.4
2022-10,4.4
2022-10,4.2
2022-10,0.3
2022-10,0.3
2022-10,0.5
2022-10,4.3
2022-10,4.1
2022-10,0.5
2022-10,0.5
2022-10,0.8
2022-10,5.1
2022-10,4.8
2022-10,0.3
2022-10,0.3
2022-10,0.6
2022-10,5.2
2022-10,4.8
2022-10,0.3
2022-10,0.3
2022-10,0.6
2022-10,11.0
2022-10,10.9
2022-10,1.2
2022-10,1.3
2022-10,2.1
2022-10,12.3
2022-10,10.2
2022-10,4.1
2022-10,3.8
2022-10,0.3
2022-10,0.3
2022-10,0.5
2022-10,4.1
2022-10,3.8
2022-10,0.4
2022-10,0.4
2022-10,0.6
2022-10,4.1
2022-10,3.9
2022-10,0.6
2022-10,0.6
2022-10,1.0
2022-10,5.9
2022-10,5.6
2022-10,0.3
2022-10,0.3
2022-10,0.6
2022-10,6.0
2022-10,5.7
2022-10,0.3
2022-10,0.4
2022-10,0.6
2022-10,13.1
2022-10,12.5
2022-10,1.1
2022-10,1.3
2022-10,2.2
2022-10,13.4
2022-10,11.9
2022-10,4.7
2022-10,4.5
2022-10,0.3
2022-10,0.3
2022-10,0.6
2022-10,4.8
2022-10,4.6
2022-10,0.4
2022-10,0.4
2022-10,0.7
2022-10,4.6
2022-10,4.3
2022-10,0.7
2022-10,0.7
2022-10,1.1
2022-11,5.6
2022-11,5.0
2022-11,0.2
2022-11,0.2
2022-11,0.4
2022-11,5.6
2022-11,5.0
2022-11,0.2
2022-11,0.2
2022-11,0.4
2022-11,11.9
2022-11,11.0
2022-11,0.8
2022-11,0.9
2022-11,1.5
2022-11,13.5
2022-11,9.6
2022-11,4.5
2022-11,4.0
2022-11,0.2
2022-11,0.2
2022-11,0.4
2022-11,4.6
2022-11,4.1
2022-11,0.3
2022-11,0.3
2022-11,0.5
2022-11,4.2
2022-11,3.8
2022-11,0.5
2022-11,0.5
2022-11,0.8
2022-11,5.5
2022-11,4.9
2022-11,0.3
2022-11,0.3
2022-11,0.6
2022-11,5.4
2022-11,4.9
2022-11,0.3
2022-11,0.3
2022-11,0.6
2022-11,12.0
2022-11,11.1
2022-11,1.2
2022-11,1.3
2022-11,2.1
2022-11,14.2
2022-11,9.5
2022-11,4.5
2022-11,4.0
2022-11,0.3
2022-11,0.3
2022-11,0.5
2022-11,4.5
2022-11,3.9
2022-11,0.4
2022-11,0.4
2022-11,0.6
2022-11,4.4
2022-11,4.1
2022-11,0.6
2022-11,0.6
2022-11,1.0
2022-11,5.7
2022-11,5.1
2022-11,0.3
2022-11,0.3
2022-11,0.6
2022-11,6.0
2022-11,5.1
2022-11,0.3
2022-11,0.4
2022-11,0.6
2022-11,11.8
2022-11,10.9
2022-11,1.1
2022-11,1.3
2022-11,2.2
2022-11,12.7
2022-11,9.8
2022-11,4.6
2022-11,4.1
2022-11,0.3
2022-11,0.3
2022-11,0.6
2022-11,4.8
2022-11,4.3
2022-11,0.4
2022-11,0.4
2022-11,0.7
2022-11,4.1
2022-11,3.6
2022-11,0.7
2022-11,0.7
2022-11,1.1
2022-12,5.3
2022-12,4.5
2022-12,0.2
2022-12,0.2
2022-12,0.4
2022-12,5.2
2022-12,4.5
2022-12,0.2
2022-12,0.2
2022-12,0.4
2022-12,11.1
2022-12,8.5
2022-12,0.8
2022-12,0.9
2022-12,1.5
2022-12,9.8
2022-12,7.8
2022-12,4.3
2022-12,3.9
2022-12,0.2
2022-12,0.2
2022-12,0.4
2022-12,4.3
2022-12,3.9
2022-12,0.3
2022-12,0.3
2022-12,0.5
2022-12,4.3
2022-12,3.9
2022-12,0.5
2022-12,0.5
2022-12,0.8
2022-12,5.3
2022-12,4.6
2022-12,0.3
2022-12,0.3
2022-12,0.6
2022-12,5.1
2022-12,4.5
2022-12,0.3
2022-12,0.3
2022-12,0.6
2022-12,11.5
2022-12,8.8
2022-12,1.2
2022-12,1.3
2022-12,2.1
2022-12,11.9
2022-12,7.2
2022-12,4.3
2022-12,4.0
2022-12,0.3
2022-12,0.3
2022-12,0.5
2022-12,4.2
2022-12,3.8
2022-12,0.4
2022-12,0.4
2022-12,0.6
2022-12,4.6
2022-12,4.3
2022-12,0.6
2022-12,0.6
2022-12,1.0
2022-12,5.3
2022-12,4.4
2022-12,0.3
2022-12,0.3
2022-12,0.6
2022-12,5.3
2022-12,4.4
2022-12,0.3
2022-12,0.4
2022-12,0.6
2022-12,10.7
2022-12,8.2
2022-12,1.1
2022-12,1.3
2022-12,2.2
2022-12,7.8
2022-12,8.5
2022-12,4.4
2022-12,3.8
2022-12,0.3
2022-12,0.3
2022-12,0.6
2022-12,4.5
2022-12,3.9
2022-12,0.4
2022-12,0.4
2022-12,0.7
2022-12,4.1
2022-12,3.4
2022-12,0.7
2022-12,0.7
2022-12,1.1
2023-01,5.3
2023-01,5.4
2023-01,0.2
2023-01,0.2
2023-01,0.4
2023-01,5.3
2023-01,5.5
2023-01,0.2
2023-01,0.2
2023-01,0.4
2023-01,11.3
2023-01,11.7
2023-01,0.7
2023-01,0.8
2023-01,1.3
2023-01,13.5
2023-01,10.7
2023-01,4.3
2023-01,4.4
2023-01,0.2
2023-01,0.2
2023-01,0.4
2023-01,4.2
2023-01,4.4
2023-01,0.2
2023-01,0.2
2023-01,0.4
2023-01,4.4
2023-01,4.6
2023-01,0.4
2023-01,0.4
2023-01,0.7
2023-01,5.2
2023-01,5.7
2023-01,0.3
2023-01,0.3
2023-01,0.5
2023-01,5.2
2023-01,5.7
2023-01,0.3
2023-01,0.3
2023-01,0.5
2023-01,11.3
2023-01,12.8
2023-01,1.0
2023-01,1.1
2023-01,1.8
2023-01,14.1
2023-01,12.1
2023-01,4.2
2023-01,4.7
2023-01,0.3
2023-01,0.3
2023-01,0.5
2023-01,4.1
2023-01,4.6
2023-01,0.3
2023-01,0.3
2023-01,0.6
2023-01,4.3
2023-01,4.9
2023-01,0.5
2023-01,0.5
2023-01,0.9
2023-01,5.4
2023-01,5.1
2023-01,0.3
2023-01,0.3
2023-01,0.5
2023-01,5.5
2023-01,5.2
2023-01,0.3
2023-01,0.3
2023-01,0.5
2023-01,11.3
2023-01,10.5
2023-01,1.0
2023-01,1.1
2023-01,1.9
2023-01,13.0
2023-01,9.2
2023-01,4.4
2023-01,4.2
2023-01,0.3
2023-01,0.3
2023-01,0.5
2023-01,4.3
2023-01,4.2
2023-01,0.3
2023-01,0.3
2023-01,0.6
2023-01,4.5
2023-01,4.2
2023-01,0.6
2023-01,0.6
2023-01,1.1
2023-02,5.2
2023-02,5.1
2023-02,0.2
2023-02,0.2
2023-02,0.4
2023-02,5.2
2023-02,5.1
2023-02,0.2
2023-02,0.2
2023-02,0.4
2023-02,11.4
2023-02,10.7
2023-02,0.7
2023-02,0.8
2023-02,1.3
2023-02,14.3
2023-02,8.9
2023-02,4.1
2023-02,4.2
2023-02,0.2
2023-02,0.2
2023-02,0.4
2023-02,4.2
2023-02,4.2
2023-02,0.2
2023-02,0.2
2023-02,0.4
2023-02,4.0
2023-02,4.1
2023-02,0.4
2023-02,0.4
2023-02,0.7
2023-02,5.1
2023-02,5.2
2023-02,0.3
2023-02,0.3
2023-02,0.5
2023-02,5.1
2023-02,5.2
2023-02,0.3
2023-02,0.3
2023-02,0.5
2023-02,11.2
2023-02,10.9
2023-02,1.0
2023-02,1.1
2023-02,1.8
2023-02,13.3
2023-02,9.6
2023-02,4.0
2023-02,4.3
2023-02,0.3
2023-02,0.3
2023-02,0.5
2023-02,4.0
2023-02,4.2
2023-02,0.3
2023-02,0.3
2023-02,0.6
2023-02,4.2
2023-02,4.6
2023-02,0.5
2023-02,0.5
2023-02,0.9
2023-02,5.3
2023-02,5.0
2023-02,0.3
2023-02,0.3
2023-02,0.5
2023-02,5.3
2023-02,5.1
2023-02,0.3
2023-02,0.3
2023-02,0.5
2023-02,11.5
2023-02,10.6
2023-02,1.0
2023-02,1.1
2023-02,1.9
2023-02,15.3
2023-02,8.1
2023-02,4.2
2023-02,4.1
2023-02,0.3
2023-02,0.3
2023-02,0.5
2023-02,4.3
2023-02,4.3
2023-02,0.3
2023-02,0.3
2023-02,0.6
2023-02,3.8
2023-02,3.6
2023-02,0.6
2023-02,0.6
2023-02,1.1
2023-03,5.3
2023-03,5.4
2023-03,0.2
2023-03,0.2
2023-03,0.4
2023-03,5.3
2023-03,5.5
2023-03,0.2
2023-03,0.2
2023-03,0.4
2023-03,10.4
2023-03,10.2
2023-03,0.7
2023-03,0.8
2023-03,1.3
2023-03,13.3
2023-03,8.6
2023-03,4.4
2023-03,4.7
2023-03,0.2
2023-03,0.2
2023-03,0.4
2023-03,4.5
2023-03,4.7
2023-03,0.2
2023-03,0.2
2023-03,0.4
2023-03,4.1
2023-03,4.6
2023-03,0.4
2023-03,0.4
2023-03,0.7
2023-03,5.4
2023-03,5.6
2023-03,0.3
2023-03,0.3
2023-03,0.5
2023-03,5.3
2023-03,5.8
2023-03,0.3
2023-03,0.3
2023-03,0.5
2023-03,10.9
2023-03,10.5
2023-03,1.0
2023-03,1.1
2023-03,1.8
2023-03,12.2
2023-03,9.6
2023-03,4.5
2023-03,4.9
2023-03,0.3
2023-03,0.3
2023-03,0.5
2023-03,4.5
2023-03,4.8
2023-03,0.3
2023-03,0.3
2023-03,0.6
2023-03,4.4
2023-03,5.1
2023-03,0.5
2023-03,0.5
2023-03,0.9
2023-03,5.1
2023-03,5.2
2023-03,0.3
2023-03,0.3
2023-03,0.5
2023-03,5.2
2023-03,5.3
2023-03,0.3
2023-03,0.3
2023-03,0.5
2023-03,9.9
2023-03,9.9
2023-03,1.0
2023-03,1.1
2023-03,1.9
2023-03,14.3
2023-03,7.5
2023-03,4.3
2023-03,4.4
2023-03,0.3
2023-03,0.3
2023-03,0.5
2023-03,4.5
2023-03,4.6
2023-03,0.3
2023-03,0.3
2023-03,0.6
2023-03,3.8
2023-03,4.0
2023-03,0.6
2023-03,0.6
2023-03,1.1
2023-04,5.0
2023-04,4.8
2023-04,0.2
2023-04,0.2
2023-04,0.4
2023-04,5.0
2023-04,4.9
2023-04,0.2
2023-04,0.2
2023-04,0.4
2023-04,11.1
2023-04,10.7
2023-04,0.7
2023-04,0.8
2023-04,1.3
2023-04,14.0
2023-04,9.2
2023-04,4.0
2023-04,3.9
2023-04,0.2
2023-04,0.2
2023-04,0.4
2023-04,4.2
2023-04,4.1
2023-04,0.2
2023-04,0.2
2023-04,0.4
2023-04,3.4
2023-04,3.4
2023-04,0.4
2023-04,0.4
2023-04,0.7
2023-04,5.1
2023-04,5.0
2023-04,0.3
2023-04,0.3
2023-04,0.5
2023-04,5.0
2023-04,5.0
2023-04,0.3
2023-04,0.3
2023-04,0.5
2023-04,11.8
2023-04,11.2
2023-04,1.0
2023-04,1.1
2023-04,1.8
2023-04,12.9
2023-04,10.3
2023-04,4.0
2023-04,4.0
2023-04,0.3
2023-04,0.3
2023-04,0.5
2023-04,4.1
2023-04,4.0
2023-04,0.3
2023-04,0.3
2023-04,0.6
2023-04,3.7
2023-04,3.9
2023-04,0.5
2023-04,0.5
2023-04,0.9
2023-04,5.0
2023-04,4.7
2023-04,0.3
2023-04,0.3
2023-04,0.5
2023-04,5.0
2023-04,4.8
2023-04,0.3
2023-04,0.3
2023-04,0.5
2023-04,10.4
2023-04,10.3
2023-04,1.0
2023-04,1.1
2023-04,1.9
2023-04,15.0
2023-04,7.8
2023-04,4.0
2023-04,3.8
2023-04,0.3
2023-04,0.3
2023-04,0.5
2023-04,4.4
2023-04,4.1
2023-04,0.3
2023-04,0.3
2023-04,0.6
2023-04,2.9
2023-04,2.8
2023-04,0.6
2023-04,0.6
2023-04,1.1
2023-05,5.5
2023-05,5.8
2023-05,0.2
2023-05,0.2
2023-05,0.4
2023-05,5.6
2023-05,5.9
2023-05,0.2
2023-05,0.2
2023-05,0.4
2023-05,13.0
2023-05,14.8
2023-05,0.7
2023-05,0.8
2023-05,1.3
2023-05,19.6
2023-05,12.1
2023-05,4.3
2023-05,4.2
2023-05,0.2
2023-05,0.2
2023-05,0.4
2023-05,4.5
2023-05,4.5
2023-05,0.2
2023-05,0.2
2023-05,0.4
2023-05,3.5
2023-05,3.2
2023-05,0.4
2023-05,0.4
2023-05,0.7
2023-05,5.2
2023-05,5.3
2023-05,0.3
2023-05,0.3
2023-05,0.5
2023-05,5.3
2023-05,5.5
2023-05,0.3
2023-05,0.3
2023-05,0.5
2023-05,12.8
2023-05,13.5
2023-05,1.0
2023-05,1.1
2023-05,1.8
2023-05,18.2
2023-05,11.0
2023-05,4.0
2023-05,3.9
2023-05,0.3
2023-05,0.3
2023-05,0.5
2023-05,4.0
2023-05,4.1
2023-05,0.3
2023-05,0.3
2023-05,0.6
2023-05,3.8
2023-05,3.5
2023-05,0.5
2023-05,0.5
2023-05,0.9
2023-05,5.9
2023-05,6.2
2023-05,0.3
2023-05,0.3
2023-05,0.5
2023-05,6.0
2023-05,6.4
2023-05,0.3
2023-05,0.3
2023-05,0.5
2023-05,13.3
2023-05,16.2
2023-05,1.0
2023-05,1.1
2023-05,1.9
2023-05,21.1
2023-05,13.3
2023-05,4.6
2023-05,4.5
2023-05,0.3
2023-05,0.3
2023-05,0.5
2023-05,5.1
2023-05,5.0
2023-05,0.3
2023-05,0.3
2023-05,0.6
2023-05,3.2
2023-05,2.8
2023-05,0.6
2023-05,0.6
2023-05,1.1
2023-06,5.6
2023-06,5.5
2023-06,0.2
2023-06,0.2
2023-06,0.4
2023-06,5.8
2023-06,5.7
2023-06,0.2
2023-06,0.2
2023-06,0.4
2023-06,13.0
2023-06,13.4
2023-06,0.7
2023-06,0.8
2023-06,1.3
2023-06,16.7
2023-06,11.6
2023-06,4.4
2023-06,4.2
2023-06,0.2
2023-06,0.2
2023-06,0.4
2023-06,4.6
2023-06,4.4
2023-06,0.2
2023-06,0.2
2023-06,0.4
2023-06,3.7
2023-06,3.4
2023-06,0.4
2023-06,0.4
2023-06,0.7
2023-06,5.4
2023-06,5.3
2023-06,0.3
2023-06,0.3
2023-06,0.5
2023-06,5.5
2023-06,5.5
2023-06,0.3
2023-06,0.3
2023-06,0.5
2023-06,13.4
2023-06,13.4
2023-06,1.0
2023-06,1.1
2023-06,1.8
2023-06,16.9
2023-06,11.5
2023-06,4.1
2023-06,3.9
2023-06,0.3
2023-06,0.3
2023-06,0.5
2023-06,4.2
2023-06,4.0
2023-06,0.3
2023-06,0.3
2023-06,0.6
2023-06,3.8
2023-06,3.5
2023-06,0.5
2023-06,0.5
2023-06,0.9
2023-06,5.9
2023-06,5.8
2023-06,0.3
2023-06,0.3
2023-06,0.5
2023-06,6.1
2023-06,6.0
2023-06,0.3
2023-06,0.3
2023-06,0.5
2023-06,12.7
2023-06,13.5
2023-06,1.0
2023-06,1.1
2023-06,1.9
2023-06,16.6
2023-06,11.7
2023-06,4.8
2023-06,4.5
2023-06,0.3
2023-06,0.3
2023-06,0.5
2023-06,5.2
2023-06,4.8
2023-06,0.3
2023-06,0.3
2023-06,0.6
2023-06,3.5
2023-06,3.2
2023-06,0.6
2023-06,0.6
2023-06,1.1
2023-07,5.6
2023-07,6.2
2023-07,0.2
2023-07,0.2
2023-07,0.3
2023-07,5.8
2023-07,6.4
2023-07,0.2
2023-07,0.2
2023-07,0.3
2023-07,12.1
2023-07,13.9
2023-07,0.7
2023-07,0.8
2023-07,1.1
2023-07,15.8
2023-07,12.6
2023-07,4.5
2023-07,4.8
2023-07,0.2
2023-07,0.2
2023-07,0.3
2023-07,4.8
2023-07,5.1
2023-07,0.2
2023-07,0.2
2023-07,0.4
2023-07,3.8
2023-07,3.9
2023-07,0.4
2023-07,0.3
2023-07,0.6
2023-07,5.1
2023-07,5.3
2023-07,0.3
2023-07,0.3
2023-07,0.4
2023-07,5.4
2023-07,5.5
2023-07,0.3
2023-07,0.3
2023-07,0.4
2023-07,11.4
2023-07,12.9
2023-07,1.0
2023-07,1.1
2023-07,1.6
2023-07,14.7
2023-07,11.8
2023-07,4.1
2023-07,3.9
2023-07,0.3
2023-07,0.2
2023-07,0.4
2023-07,4.2
2023-07,4.0
2023-07,0.3
2023-07,0.3
2023-07,0.5
2023-07,3.9
2023-07,3.7
2023-07,0.5
2023-07,0.5
2023-07,0.8
2023-07,6.1
2023-07,7.2
2023-07,0.3
2023-07,0.3
2023-07,0.4
2023-07,6.3
2023-07,7.4
2023-07,0.3
2023-07,0.3
2023-07,0.4
2023-07,12.8
2023-07,14.9
2023-07,1.1
2023-07,1.1
2023-07,1.6
2023-07,16.9
2023-07,13.6
2023-07,5.0
2023-07,5.8
2023-07,0.3
2023-07,0.3
2023-07,0.4
2023-07,5.4
2023-07,6.3
2023-07,0.3
2023-07,0.3
2023-07,0.5
2023-07,3.6
2023-07,4.1
2023-07,0.5
2023-07,0.5
2023-07,0.9
2023-08,5.8
2023-08,6.8
2023-08,0.2
2023-08,0.2
2023-08,0.3
2023-08,5.9
2023-08,7.0
2023-08,0.2
2023-08,0.2
2023-08,0.3
2023-08,12.9
2023-08,13.1
2023-08,0.7
2023-08,0.8
2023-08,1.1
2023-08,17.2
2023-08,10.5
2023-08,4.6
2023-08,5.6
2023-08,0.2
2023-08,0.2
2023-08,0.3
2023-08,4.7
2023-08,5.8
2023-08,0.2
2023-08,0.2
2023-08,0.4
2023-08,4.1
2023-08,4.9
2023-08,0.4
2023-08,0.3
2023-08,0.6
2023-08,5.4
2023-08,5.8
2023-08,0.3
2023-08,0.3
2023-08,0.4
2023-08,5.6
2023-08,6.0
2023-08,0.3
2023-08,0.3
2023-08,0.4
2023-08,14.2
2023-08,14.3
2023-08,1.0
2023-08,1.1
2023-08,1.6
2023-08,19.5
2023-08,11.2
2023-08,4.0
2023-08,4.2
2023-08,0.3
2023-08,0.2
2023-08,0.4
2023-08,3.9
2023-08,4.2
2023-08,0.3
2023-08,0.3
2023-08,0.5
2023-08,4.1
2023-08,4.2
2023-08,0.5
2023-08,0.5
2023-08,0.8
2023-08,6.1
2023-08,7.9
2023-08,0.3
2023-08,0.3
2023-08,0.4
2023-08,6.3
2023-08,8.0
2023-08,0.3
2023-08,0.3
2023-08,0.4
2023-08,11.4
2023-08,11.7
2023-08,1.1
2023-08,1.1
2023-08,1.6
2023-08,14.8
2023-08,9.6
2023-08,5.3
2023-08,7.2
2023-08,0.3
2023-08,0.3
2023-08,0.4
2023-08,5.6
2023-08,7.6
2023-08,0.3
2023-08,0.3
2023-08,0.5
2023-08,4.2
2023-08,5.8
2023-08,0.5
2023-08,0.5
2023-08,0.9
2023-09,5.8
2023-09,5.8
2023-09,0.2
2023-09,0.2
2023-09,0.3
2023-09,6.0
2023-09,5.9
2023-09,0.2
2023-09,0.2
2023-09,0.3
2023-09,11.7
2023-09,12.6
2023-09,0.7
2023-09,0.8
2023-09,1.1
2023-09,17.1
2023-09,10.5
2023-09,4.9
2023-09,4.7
2023-09,0.2
2023-09,0.2
2023-09,0.3
2023-09,5.1
2023-09,4.9
2023-09,0.2
2023-09,0.2
2023-09,0.4
2023-09,4.2
2023-09,4.1
2023-09,0.4
2023-09,0.3
2023-09,0.6
2023-09,5.6
2023-09,5.5
2023-09,0.3
2023-09,0.3
2023-09,0.4
2023-09,5.8
2023-09,5.7
2023-09,0.3
2023-09,0.3
2023-09,0.4
2023-09,12.1
2023-09,12.9
2023-09,1.0
2023-09,1.1
2023-09,1.6
2023-09,17.9
2023-09,10.6
2023-09,4.6
2023-09,4.4
2023-09,0.3
2023-09,0.2
2023-09,0.4
2023-09,4.8
2023-09,4.7
2023-09,0.3
2023-09,0.3
2023-09,0.5
2023-09,4.0
2023-09,3.8
2023-09,0.5
2023-09,0.5
2023-09,0.8
2023-09,6.0
2023-09,6.0
2023-09,0.3
2023-09,0.3
2023-09,0.4
2023-09,6.1
2023-09,6.1
2023-09,0.3
2023-09,0.3
2023-09,0.4
2023-09,11.4
2023-09,12.3
2023-09,1.1
2023-09,1.1
2023-09,1.6
2023-09,16.2
2023-09,10.4
2023-09,5.1
2023-09,5.1
2023-09,0.3
2023-09,0.3
2023-09,0.4
2023-09,5.3
2023-09,5.2
2023-09,0.3
2023-09,0.3
2023-09,0.5
2023-09,4.5
2023-09,4.5
2023-09,0.5
2023-09,0.5
2023-09,0.9
2023-10,6.2
2023-10,5.9
2023-10,0.2
2023-10,0.2
2023-10,0.3
2023-10,6.4
2023-10,6.0
2023-10,0.2
2023-10,0.2
2023-10,0.3
2023-10,14.1
2023-10,13.8
2023-10,0.7
2023-10,0.8
2023-10,1.1
2023-10,16.2
2023-10,12.7
2023-10,4.9
2023-10,4.7
2023-10,0.2
2023-10,0.2
2023-10,0.3
2023-10,4.9
2023-10,4.7
2023-10,0.2
2023-10,0.2
2023-10,0.4
2023-10,4.8
2023-10,4.6
2023-10,0.4
2023-10,0.3
2023-10,0.6
2023-10,6.2
2023-10,5.9
2023-10,0.3
2023-10,0.3
2023-10,0.4
2023-10,6.5
2023-10,6.1
2023-10,0.3
2023-10,0.3
2023-10,0.4
2023-10,14.3
2023-10,14.2
2023-10,1.0
2023-10,1.1
2023-10,1.6
2023-10,16.8
2023-10,13.1
2023-10,5.0
2023-10,4.7
2023-10,0.3
2023-10,0.2
2023-10,0.4
2023-10,5.0
2023-10,4.7
2023-10,0.3
2023-10,0.3
2023-10,0.5
2023-10,4.7
2023-10,4.7
2023-10,0.5
2023-10,0.5
2023-10,0.8
2023-10,6.1
2023-10,5.8
2023-10,0.3
2023-10,0.3
2023-10,0.4
2023-10,6.3
2023-10,5.9
2023-10,0.3
2023-10,0.3
2023-10,0.4
2023-10,13.9
2023-10,13.4
2023-10,1.1
2023-10,1.1
2023-10,1.6
2023-10,15.5
2023-10,12.3
2023-10,4.8
2023-10,4.6
2023-10,0.3
2023-10,0.3
2023-10,0.4
2023-10,4.8
2023-10,4.7
2023-10,0.3
2023-10,0.3
2023-10,0.5
2023-10,4.8
2023-10,4.6
2023-10,0.5
2023-10,0.5
2023-10,0.9
2023-11,6.1
2023-11,5.4
2023-11,0.2
2023-11,0.2
2023-11,0.3
2023-11,6.2
2023-11,5.5
2023-11,0.2
2023-11,0.2
2023-11,0.3
2023-11,13.3
2023-11,12.5
2023-11,0.7
2023-11,0.8
2023-11,1.1
2023-11,16.6
2023-11,10.6
2023-11,5.0
2023-11,4.4
2023-11,0.2
2023-11,0.2
2023-11,0.3
2023-11,5.1
2023-11,4.5
2023-11,0.2
2023-11,0.2
2023-11,0.4
2023-11,4.5
2023-11,4.0
2023-11,0.4
2023-11,0.3
2023-11,0.6
2023-11,6.1
2023-11,5.5
2023-11,0.3
2023-11,0.3
2023-11,0.4
2023-11,6.1
2023-11,5.5
2023-11,0.3
2023-11,0.3
2023-11,0.4
2023-11,13.5
2023-11,12.9
2023-11,1.0
2023-11,1.1
2023-11,1.6
2023-11,17.0
2023-11,11.1
2023-11,5.0
2023-11,4.4
2023-11,0.3
2023-11,0.2
2023-11,0.4
2023-11,5.2
2023-11,4.5
2023-11,0.3
2023-11,0.3
2023-11,0.5
2023-11,4.2
2023-11,3.8
2023-11,0.5
2023-11,0.5
2023-11,0.8
2023-11,6.0
2023-11,5.4
2023-11,0.3
2023-11,0.3
2023-11,0.4
2023-11,6.2
2023-11,5.5
2023-11,0.3
2023-11,0.3
2023-11,0.4
2023-11,13.1
2023-11,12.1
2023-11,1.1
2023-11,1.1
2023-11,1.6
2023-11,16.2
2023-11,10.0
2023-11,4.9
2023-11,4.4
2023-11,0.3
2023-11,0.3
2023-11,0.4
2023-11,5.0
2023-11,4.4
2023-11,0.3
2023-11,0.3
2023-11,0.5
2023-11,4.7
2023-11,4.1
2023-11,0.5
2023-11,0.5
2023-11,0.9
2023-12,6.2
2023-12,5.4
2023-12,0.2
2023-12,0.2
2023-12,0.3
2023-12,6.3
2023-12,5.5
2023-12,0.2
2023-12,0.2
2023-12,0.3
2023-12,13.4
2023-12,11.0
2023-12,0.7
2023-12,0.8
2023-12,1.1
2023-12,14.9
2023-12,9.2
2023-12,5.1
2023-12,4.6
2023-12,0.2
2023-12,0.2
2023-12,0.3
2023-12,5.3
2023-12,4.7
2023-12,0.2
2023-12,0.2
2023-12,0.4
2023-12,4.6
2023-12,4.1
2023-12,0.4
2023-12,0.3
2023-12,0.6
2023-12,6.4
2023-12,5.8
2023-12,0.3
2023-12,0.3
2023-12,0.4
2023-12,6.4
2023-12,5.8
2023-12,0.3
2023-12,0.3
2023-12,0.4
2023-12,14.4
2023-12,12.4
2023-12,1.0
2023-12,1.1
2023-12,1.6
2023-12,16.2
2023-12,10.8
2023-12,5.2
2023-12,4.8
2023-12,0.3
2023-12,0.2
2023-12,0.4
2023-12,5.4
2023-12,4.9
2023-12,0.3
2023-12,0.3
2023-12,0.5
2023-12,4.7
2023-12,4.2
2023-12,0.5
2023-12,0.5
2023-12,0.8
2023-12,6.0
2023-12,5.0
2023-12,0.3
2023-12,0.3
2023-12,0.4
2023-12,6.1
2023-12,5.1
2023-12,0.3
2023-12,0.3
2023-12,0.4
2023-12,12.2
2023-12,9.5
2023-12,1.1
2023-12,1.1
2023-12,1.6
2023-12,13.6
2023-12,7.4
2023-12,5.0
2023-12,4.4
2023-12,0.3
2023-12,0.3
2023-12,0.4
2023-12,5.1
2023-12,4.5
2023-12,0.3
2023-12,0.3
2023-12,0.5
2023-12,4.5
2023-12,3.9
2023-12,0.5
2023-12,0.5
2023-12,0.9
2024-01,6.1
2024-01,6.3
2024-01,0.2
2024-01,0.2
2024-01,0.3
2024-01,6.2
2024-01,6.4
2024-01,0.2
2024-01,0.2
2024-01,0.3
2024-01,12.2
2024-01,12.6
2024-01,0.8
2024-01,0.8
2024-01,1.1
2024-01,14.4
2024-01,11.8
2024-01,5.2
2024-01,5.4
2024-01,0.2
2024-01,0.2
2024-01,0.3
2024-01,5.5
2024-01,5.7
2024-01,0.2
2024-01,0.2
2024-01,0.3
2024-01,4.2
2024-01,4.4
2024-01,0.4
2024-01,0.4
2024-01,0.5
2024-01,6.3
2024-01,6.9
2024-01,0.3
2024-01,0.3
2024-01,0.4
2024-01,6.4
2024-01,7.0
2024-01,0.3
2024-01,0.3
2024-01,0.4
2024-01,13.3
2024-01,14.7
2024-01,1.1
2024-01,1.1
2024-01,1.5
2024-01,16.7
2024-01,13.9
2024-01,5.2
2024-01,5.8
2024-01,0.3
2024-01,0.2
2024-01,0.4
2024-01,5.5
2024-01,6.1
2024-01,0.3
2024-01,0.3
2024-01,0.4
2024-01,4.3
2024-01,4.8
2024-01,0.5
2024-01,0.5
2024-01,0.7
2024-01,5.9
2024-01,5.6
2024-01,0.3
2024-01,0.3
2024-01,0.4
2024-01,6.0
2024-01,5.7
2024-01,0.3
2024-01,0.3
2024-01,0.4
2024-01,11.0
2024-01,10.2
2024-01,1.2
2024-01,1.2
2024-01,1.5
2024-01,11.9
2024-01,9.5
2024-01,5.1
2024-01,4.9
2024-01,0.3
2024-01,0.3
2024-01,0.4
2024-01,5.4
2024-01,5.2
2024-01,0.3
2024-01,0.3
2024-01,0.5
2024-01,4.2
2024-01,3.9
2024-01,0.5
2024-01,0.5
2024-01,0.8
2024-02,6.6
2024-02,6.5
2024-02,0.2
2024-02,0.2
2024-02,0.3
2024-02,6.7
2024-02,6.7
2024-02,0.2
2024-02,0.2
2024-02,0.3
2024-02,14.7
2024-02,13.9
2024-02,0.8
2024-02,0.8
2024-02,1.1
2024-02,19.6
2024-02,11.3
2024-02,5.3
2024-02,5.4
2024-02,0.2
2024-02,0.2
2024-02,0.3
2024-02,5.6
2024-02,5.7
2024-02,0.2
2024-02,0.2
2024-02,0.3
2024-02,4.6
2024-02,4.7
2024-02,0.4
2024-02,0.4
2024-02,0.5
2024-02,6.9
2024-02,7.0
2024-02,0.3
2024-02,0.3
2024-02,0.4
2024-02,7.0
2024-02,7.1
2024-02,0.3
2024-02,0.3
2024-02,0.4
2024-02,15.7
2024-02,15.1
2024-02,1.1
2024-02,1.1
2024-02,1.5
2024-02,20.1
2024-02,13.0
2024-02,5.5
2024-02,5.8
2024-02,0.3
2024-02,0.2
2024-02,0.4
2024-02,5.7
2024-02,6.0
2024-02,0.3
2024-02,0.3
2024-02,0.4
2024-02,4.8
2024-02,5.3
2024-02,0.5
2024-02,0.5
2024-02,0.7
2024-02,6.3
2024-02,6.0
2024-02,0.3
2024-02,0.3
2024-02,0.4
2024-02,6.5
2024-02,6.1
2024-02,0.3
2024-02,0.3
2024-02,0.4
2024-02,13.6
2024-02,12.5
2024-02,1.2
2024-02,1.2
2024-02,1.5
2024-02,19.1
2024-02,9.4
2024-02,5.2
2024-02,5.0
2024-02,0.3
2024-02,0.3
2024-02,0.4
2024-02,5.5
2024-02,5.3
2024-02,0.3
2024-02,0.3
2024-02,0.5
2024-02,4.3
2024-02,4.0
2024-02,0.5
2024-02,0.5
2024-02,0.8
2024-03,6.8
2024-03,7.0
2024-03,0.2
2024-03,0.2
2024-03,0.3
2024-03,6.8
2024-03,7.2
2024-03,0.2
2024-03,0.2
2024-03,0.3
2024-03,16.0
2024-03,16.0
2024-03,0.8
2024-03,0.8
2024-03,1.1
2024-03,20.0
2024-03,14.1
2024-03,5.3
2024-03,5.6
2024-03,0.2
2024-03,0.2
2024-03,0.3
2024-03,5.6
2024-03,5.9
2024-03,0.2
2024-03,0.2
2024-03,0.3
2024-03,4.4
2024-03,4.9
2024-03,0.4
2024-03,0.4
2024-03,0.5
2024-03,7.2
2024-03,7.7
2024-03,0.3
2024-03,0.3
2024-03,0.4
2024-03,7.2
2024-03,7.9
2024-03,0.3
2024-03,0.3
2024-03,0.4
2024-03,17.5
2024-03,17.8
2024-03,1.1
2024-03,1.1
2024-03,1.5
2024-03,23.0
2024-03,15.4
2024-03,5.5
2024-03,6.1
2024-03,0.3
2024-03,0.2
2024-03,0.4
2024-03,5.9
2024-03,6.4
2024-03,0.3
2024-03,0.3
2024-03,0.4
2024-03,4.5
2024-03,5.4
2024-03,0.5
2024-03,0.5
2024-03,0.7
2024-03,6.3
2024-03,6.3
2024-03,0.3
2024-03,0.3
2024-03,0.4
2024-03,6.4
2024-03,6.4
2024-03,0.3
2024-03,0.3
2024-03,0.4
2024-03,14.4
2024-03,13.9
2024-03,1.2
2024-03,1.2
2024-03,1.5
2024-03,16.6
2024-03,12.7
2024-03,5.0
2024-03,5.1
2024-03,0.3
2024-03,0.3
2024-03,0.4
2024-03,5.3
2024-03,5.3
2024-03,0.3
2024-03,0.3
2024-03,0.5
2024-03,4.2
2024-03,4.3
2024-03,0.5
2024-03,0.5
2024-03,0.8
2024-04,6.8
2024-04,6.7
2024-04,0.2
2024-04,0.2
2024-04,0.3
2024-04,6.9
2024-04,6.8
2024-04,0.2
2024-04,0.2
2024-04,0.3
2024-04,15.6
2024-04,15.3
2024-04,0.8
2024-04,0.8
2024-04,1.1
2024-04,20.6
2024-04,12.8
2024-04,5.3
2024-04,5.4
2024-04,0.2
2024-04,0.2
2024-04,0.3
2024-04,5.5
2024-04,5.5
2024-04,0.2
2024-04,0.2
2024-04,0.3
2024-04,4.9
2024-04,4.9
2024-04,0.4
2024-04,0.4
2024-04,0.5
2024-04,7.1
2024-04,7.3
2024-04,0.3
2024-04,0.3
2024-04,0.4
2024-04,7.2
2024-04,7.5
2024-04,0.3
2024-04,0.3
2024-04,0.4
2024-04,16.0
2024-04,15.9
2024-04,1.1
2024-04,1.1
2024-04,1.5
2024-04,22.7
2024-04,12.7
2024-04,5.6
2024-04,6.0
2024-04,0.3
2024-04,0.2
2024-04,0.4
2024-04,6.0
2024-04,6.3
2024-04,0.3
2024-04,0.3
2024-04,0.4
2024-04,4.6
2024-04,5.2
2024-04,0.5
2024-04,0.5
2024-04,0.7
2024-04,6.4
2024-04,5.9
2024-04,0.3
2024-04,0.3
2024-04,0.4
2024-04,6.5
2024-04,6.1
2024-04,0.3
2024-04,0.3
2024-04,0.4
2024-04,15.1
2024-04,14.6
2024-04,1.2
2024-04,1.2
2024-04,1.5
2024-04,18.2
2024-04,12.9
2024-04,5.0
2024-04,4.6
2024-04,0.3
2024-04,0.3
2024-04,0.4
2024-04,5.0
2024-04,4.7
2024-04,0.3
2024-04,0.3
2024-04,0.5
2024-04,5.2
2024-04,4.4
2024-04,0.5
2024-04,0.5
2024-04,0.8
2024-05,6.7
2024-05,7.0
2024-05,0.2
2024-05,0.2
2024-05,0.3
2024-05,6.9
2024-05,7.2
2024-05,0.2
2024-05,0.2
2024-05,0.3
2024-05,15.7
2024-05,17.6
2024-05,0.8
2024-05,0.8
2024-05,1.1
2024-05,23.1
2024-05,14.9
2024-05,5.3
2024-05,5.2
2024-05,0.2
2024-05,0.2
2024-05,0.3
2024-05,5.5
2024-05,5.5
2024-05,0.2
2024-05,0.2
2024-05,0.3
2024-05,4.7
2024-05,4.3
2024-05,0.4
2024-05,0.4
2024-05,0.5
2024-05,7.0
2024-05,7.2
2024-05,0.3
2024-05,0.3
2024-05,0.4
2024-05,7.2
2024-05,7.4
2024-05,0.3
2024-05,0.3
2024-05,0.4
2024-05,17.1
2024-05,17.6
2024-05,1.1
2024-05,1.1
2024-05,1.5
2024-05,23.6
2024-05,14.7
2024-05,5.4
2024-05,5.5
2024-05,0.3
2024-05,0.2
2024-05,0.4
2024-05,5.6
2024-05,5.7
2024-05,0.3
2024-05,0.3
2024-05,0.4
2024-05,4.9
2024-05,4.9
2024-05,0.5
2024-05,0.5
2024-05,0.7
2024-05,6.4
2024-05,6.8
2024-05,0.3
2024-05,0.3
2024-05,0.4
2024-05,6.5
2024-05,6.9
2024-05,0.3
2024-05,0.3
2024-05,0.4
2024-05,14.3
2024-05,17.7
2024-05,1.2
2024-05,1.2
2024-05,1.5
2024-05,22.6
2024-05,15.2
2024-05,5.1
2024-05,4.9
2024-05,0.3
2024-05,0.3
2024-05,0.4
2024-05,5.3
2024-05,5.2
2024-05,0.3
2024-05,0.3
2024-05,0.5
2024-05,4.4
2024-05,3.7
2024-05,0.5
2024-05,0.5
2024-05,0.8
2024-06,7.0
2024-06,6.9
2024-06,0.2
2024-06,0.2
2024-06,0.3
2024-06,7.1
2024-06,7.0
2024-06,0.2
2024-06,0.2
2024-06,0.3
2024-06,16.5
2024-06,16.7
2024-06,0.8
2024-06,0.8
2024-06,1.1
2024-06,22.4
2024-06,13.8
2024-06,5.4
2024-06,5.2
2024-06,0.2
2024-06,0.2
2024-06,0.3
2024-06,5.6
2024-06,5.4
2024-06,0.2
2024-06,0.2
2024-06,0.3
2024-06,4.8
2024-06,4.4
2024-06,0.4
2024-06,0.4
2024-06,0.5
2024-06,7.4
2024-06,7.3
2024-06,0.3
2024-06,0.3
2024-06,0.4
2024-06,7.6
2024-06,7.5
2024-06,0.3
2024-06,0.3
2024-06,0.4
2024-06,18.8
2024-06,18.0
2024-06,1.1
2024-06,1.1
2024-06,1.5
2024-06,24.5
2024-06,14.9
2024-06,5.6
2024-06,5.4
2024-06,0.3
2024-06,0.2
2024-06,0.4
2024-06,5.8
2024-06,5.7
2024-06,0.3
2024-06,0.3
2024-06,0.4
2024-06,4.9
2024-06,4.6
2024-06,0.5
2024-06,0.5
2024-06,0.7
2024-06,6.5
2024-06,6.4
2024-06,0.3
2024-06,0.3
2024-06,0.4
2024-06,6.6
2024-06,6.5
2024-06,0.3
2024-06,0.3
2024-06,0.4
2024-06,14.0
2024-06,15.2
2024-06,1.2
2024-06,1.2
2024-06,1.5
2024-06,20.4
2024-06,12.5
2024-06,5.2
2024-06,4.8
2024-06,0.3
2024-06,0.3
2024-06,0.4
2024-06,5.4
2024-06,5.0
2024-06,0.3
2024-06,0.3
2024-06,0.5
2024-06,4.6
2024-06,4.3
2024-06,0.5
2024-06,0.5
2024-06,0.8
2024-07,6.8
2024-07,7.4
2024-07,0.2
2024-07,0.2
2024-07,0.3
2024-07,7.0
2024-07,7.5
2024-07,0.2
2024-07,0.2
2024-07,0.3
2024-07,16.2
2024-07,17.1
2024-07,0.8
2024-07,0.8
2024-07,1.1
2024-07,24.4
2024-07,13.3
2024-07,5.3
2024-07,5.6
2024-07,0.2
2024-07,0.2
2024-07,0.3
2024-07,5.5
2024-07,5.7
2024-07,0.2
2024-07,0.2
2024-07,0.3
2024-07,4.9
2024-07,5.2
2024-07,0.4
2024-07,0.4
2024-07,0.5
2024-07,7.3
2024-07,7.4
2024-07,0.3
2024-07,0.3
2024-07,0.4
2024-07,7.5
2024-07,7.6
2024-07,0.3
2024-07,0.3
2024-07,0.4
2024-07,18.6
2024-07,19.3
2024-07,1.1
2024-07,1.1
2024-07,1.5
2024-07,26.9
2024-07,15.5
2024-07,5.4
2024-07,5.2
2024-07,0.3
2024-07,0.3
2024-07,0.4
2024-07,5.6
2024-07,5.4
2024-07,0.3
2024-07,0.3
2024-07,0.4
2024-07,4.8
2024-07,4.5
2024-07,0.5
2024-07,0.5
2024-07,0.7
2024-07,6.4
2024-07,7.4
2024-07,0.3
2024-07,0.3
2024-07,0.4
2024-07,6.5
2024-07,7.5
2024-07,0.3
2024-07,0.3
2024-07,0.4
2024-07,13.6
2024-07,14.8
2024-07,1.2
2024-07,1.3
2024-07,1.6
2024-07,22.0
2024-07,10.6
2024-07,5.2
2024-07,5.9
2024-07,0.3
2024-07,0.3
2024-07,0.4
2024-07,5.3
2024-07,6.0
2024-07,0.3
2024-07,0.3
2024-07,0.5
2024-07,4.9
2024-07,5.9
2024-07,0.6
2024-07,0.5
2024-07,0.8
2024-08,7.2
2024-08,8.3
2024-08,0.2
2024-08,0.2
2024-08,0.3
2024-08,7.4
2024-08,8.5
2024-08,0.2
2024-08,0.2
2024-08,0.3
2024-08,17.1
2024-08,17.4
2024-08,0.8
2024-08,0.8
2024-08,1.1
2024-08,23.8
2024-08,14.1
2024-08,5.6
2024-08,6.6
2024-08,0.2
2024-08,0.2
2024-08,0.3
2024-08,5.8
2024-08,6.8
2024-08,0.2
2024-08,0.2
2024-08,0.3
2024-08,5.1
2024-08,6.0
2024-08,0.4
2024-08,0.4
2024-08,0.5
2024-08,7.7
2024-08,8.0
2024-08,0.3
2024-08,0.3
2024-08,0.4
2024-08,7.9
2024-08,8.3
2024-08,0.3
2024-08,0.3
2024-08,0.4
2024-08,19.0
2024-08,19.0
2024-08,1.1
2024-08,1.1
2024-08,1.5
2024-08,25.9
2024-08,15.5
2024-08,5.9
2024-08,6.0
2024-08,0.3
2024-08,0.3
2024-08,0.4
2024-08,6.0
2024-08,6.2
2024-08,0.3
2024-08,0.3
2024-08,0.4
2024-08,5.3
2024-08,5.4
2024-08,0.5
2024-08,0.5
2024-08,0.7
2024-08,6.7
2024-08,8.7
2024-08,0.3
2024-08,0.3
2024-08,0.4
2024-08,6.8
2024-08,8.8
2024-08,0.3
2024-08,0.3
2024-08,0.4
2024-08,15.0
2024-08,15.8
2024-08,1.2
2024-08,1.3
2024-08,1.6
2024-08,21.7
2024-08,12.4
2024-08,5.3
2024-08,7.3
2024-08,0.3
2024-08,0.3
2024-08,0.4
2024-08,5.5
2024-08,7.5
2024-08,0.3
2024-08,0.3
2024-08,0.5
2024-08,4.7
2024-08,6.8
2024-08,0.6
2024-08,0.5
2024-08,0.8
2024-09,7.0
2024-09,6.7
2024-09,0.2
2024-09,0.2
2024-09,0.3
2024-09,7.1
2024-09,6.8
2024-09,0.2
2024-09,0.2
2024-09,0.3
2024-09,15.6
2024-09,15.0
2024-09,0.8
2024-09,0.8
2024-09,1.1
2024-09,24.4
2024-09,11.0
2024-09,5.6
2024-09,5.4
2024-09,0.2
2024-09,0.2
2024-09,0.3
2024-09,5.9
2024-09,5.7
2024-09,0.2
2024-09,0.2
2024-09,0.3
2024-09,4.5
2024-09,4.5
2024-09,0.4
2024-09,0.4
2024-09,0.5
2024-09,7.5
2024-09,7.1
2024-09,0.3
2024-09,0.3
2024-09,0.4
2024-09,7.7
2024-09,7.3
2024-09,0.3
2024-09,0.3
2024-09,0.4
2024-09,18.1
2024-09,17.0
2024-09,1.1
2024-09,1.1
2024-09,1.5
2024-09,26.6
2024-09,13.4
2024-09,5.8
2024-09,5.6
2024-09,0.3
2024-09,0.3
2024-09,0.4
2024-09,5.9
2024-09,5.8
2024-09,0.3
2024-09,0.3
2024-09,0.4
2024-09,5.3
2024-09,5.0
2024-09,0.5
2024-09,0.5
2024-09,0.7
2024-09,6.4
2024-09,6.2
2024-09,0.3
2024-09,0.3
2024-09,0.4
2024-09,6.5
2024-09,6.3
2024-09,0.3
2024-09,0.3
2024-09,0.4
2024-09,12.8
2024-09,12.7
2024-09,1.2
2024-09,1.3
2024-09,1.6
2024-09,22.2
2024-09,8.0
2024-09,5.3
2024-09,5.2
2024-09,0.3
2024-09,0.3
2024-09,0.4
2024-09,5.8
2024-09,5.6
2024-09,0.3
2024-09,0.3
2024-09,0.5
2024-09,3.6
2024-09,3.7
2024-09,0.6
2024-09,0.5
2024-09,0.8
2024-10,7.1
2024-10,6.5
2024-10,0.2
2024-10,0.2
2024-10,0.3
2024-10,7.3
2024-10,6.7
2024-10,0.2
2024-10,0.2
2024-10,0.3
2024-10,14.2
2024-10,12.8
2024-10,0.8
2024-10,0.8
2024-10,1.1
2024-10,21.6
2024-10,9.0
2024-10,5.9
2024-10,5.6
2024-10,0.2
2024-10,0.2
2024-10,0.3
2024-10,6.4
2024-10,6.0
2024-10,0.2
2024-10,0.2
2024-10,0.3
2024-10,4.5
2024-10,4.1
2024-10,0.4
2024-10,0.4
2024-10,0.5
2024-10,7.6
2024-10,6.9
2024-10,0.3
2024-10,0.3
2024-10,0.4
2024-10,7.8
2024-10,7.0
2024-10,0.3
2024-10,0.3
2024-10,0.4
2024-10,16.9
2024-10,15.4
2024-10,1.1
2024-10,1.1
2024-10,1.5
2024-10,26.8
2024-10,10.8
2024-10,6.0
2024-10,5.6
2024-10,0.3
2024-10,0.3
2024-10,0.4
2024-10,6.3
2024-10,6.0
2024-10,0.3
2024-10,0.3
2024-10,0.4
2024-10,5.2
2024-10,4.6
2024-10,0.5
2024-10,0.5
2024-10,0.7
2024-10,6.6
2024-10,6.1
2024-10,0.3
2024-10,0.3
2024-10,0.4
2024-10,6.8
2024-10,6.2
2024-10,0.3
2024-10,0.3
2024-10,0.4
2024-10,11.3
2024-10,9.9
2024-10,1.2
2024-10,1.3
2024-10,1.6
2024-10,16.3
2024-10,7.1
2024-10,5.8
2024-10,5.5
2024-10,0.3
2024-10,0.3
2024-10,0.4
2024-10,6.4
2024-10,6.1
2024-10,0.3
2024-10,0.3
2024-10,0.5
2024-10,3.7
2024-10,3.5
2024-10,0.6
2024-10,0.5
2024-10,0.8
2024-11,7.8
2024-11,7.2
2024-11,0.2
2024-11,0.2
2024-11,0.3
2024-11,8.1
2024-11,7.4
2024-11,0.2
2024-11,0.2
2024-11,0.3
2024-11,17.1
2024-11,16.2
2024-11,0.8
2024-11,0.8
2024-11,1.1
2024-11,20.6
2024-11,14.3
2024-11,6.3
2024-11,5.8
2024-11,0.2
2024-11,0.2
2024-11,0.3
2024-11,6.6
2024-11,6.1
2024-11,0.2
2024-11,0.2
2024-11,0.3
2024-11,5.2
2024-11,4.8
2024-11,0.4
2024-11,0.4
2024-11,0.5
2024-11,8.1
2024-11,7.6
2024-11,0.3
2024-11,0.3
2024-11,0.4
2024-11,8.4
2024-11,7.8
2024-11,0.3
2024-11,0.3
2024-11,0.4
2024-11,20.0
2024-11,20.0
2024-11,1.1
2024-11,1.1
2024-11,1.5
2024-11,24.8
2024-11,18.1
2024-11,6.1
2024-11,5.7
2024-11,0.3
2024-11,0.3
2024-11,0.4
2024-11,6.3
2024-11,5.9
2024-11,0.3
2024-11,0.3
2024-11,0.4
2024-11,5.6
2024-11,4.9
2024-11,0.5
2024-11,0.5
2024-11,0.7
2024-11,7.5
2024-11,6.8
2024-11,0.3
2024-11,0.3
2024-11,0.4
2024-11,7.8
2024-11,7.0
2024-11,0.3
2024-11,0.3
2024-11,0.4
2024-11,13.8
2024-11,12.0
2024-11,1.2
2024-11,1.3
2024-11,1.6
2024-11,16.5
2024-11,9.9
2024-11,6.5
2024-11,6.0
2024-11,0.3
2024-11,0.3
2024-11,0.4
2024-11,7.0
2024-11,6.4
2024-11,0.3
2024-11,0.3
2024-11,0.5
2024-11,4.6
2024-11,4.8
2024-11,0.6
2024-11,0.5
2024-11,0.8
2024-12,7.5
2024-12,6.8
2024-12,0.2
2024-12,0.2
2024-12,0.3
2024-12,7.7
2024-12,6.9
2024-12,0.2
2024-12,0.2
2024-12,0.3
2024-12,17.9
2024-12,15.9
2024-12,0.8
2024-12,0.8
2024-12,1.1
2024-12,21.3
2024-12,13.6
2024-12,5.8
2024-12,5.4
2024-12,0.2
2024-12,0.2
2024-12,0.3
2024-12,6.1
2024-12,5.6
2024-12,0.2
2024-12,0.2
2024-12,0.3
2024-12,4.7
2024-12,4.5
2024-12,0.4
2024-12,0.4
2024-12,0.5
2024-12,7.7
2024-12,7.3
2024-12,0.3
2024-12,0.3
2024-12,0.4
2024-12,7.9
2024-12,7.5
2024-12,0.3
2024-12,0.3
2024-12,0.4
2024-12,20.6
2024-12,19.6
2024-12,1.1
2024-12,1.1
2024-12,1.5
2024-12,24.8
2024-12,17.5
2024-12,5.6
2024-12,5.4
2024-12,0.3
2024-12,0.3
2024-12,0.4
2024-12,6.0
2024-12,5.7
2024-12,0.3
2024-12,0.3
2024-12,0.4
2024-12,4.4
2024-12,4.4
2024-12,0.5
2024-12,0.5
2024-12,0.7
2024-12,7.3
2024-12,6.2
2024-12,0.3
2024-12,0.3
2024-12,0.4
2024-12,7.4
2024-12,6.3
2024-12,0.3
2024-12,0.3
2024-12,0.4
2024-12,14.8
2024-12,11.9
2024-12,1.2
2024-12,1.3
2024-12,1.6
2024-12,18.0
2024-12,8.9
2024-12,6.0
2024-12,5.3
2024-12,0.3
2024-12,0.3
2024-12,0.4
2024-12,6.3
2024-12,5.5
2024-12,0.3
2024-12,0.3
2024-12,0.5
2024-12,4.9
2024-12,4.7
2024-12,0.6
2024-12,0.5
2024-12,0.8
2025-01,7.6
2025-01,7.7
2025-01,0.2
2025-01,0.2
2025-01,0.3
2025-01,7.8
2025-01,7.9
2025-01,0.2
2025-01,0.2
2025-01,0.3
2025-01,16.9
2025-01,17.2
2025-01,0.8
2025-01,0.8
2025-01,1.1
2025-01,23.1
2025-01,14.6
2025-01,6.0
2025-01,6.2
2025-01,0.2
2025-01,0.2
2025-01,0.3
2025-01,6.4
2025-01,6.7
2025-01,0.3
2025-01,0.2
2025-01,0.3
2025-01,4.8
2025-01,4.9
2025-01,0.4
2025-01,0.4
2025-01,0.5
2025-01,7.7
2025-01,8.3
2025-01,0.3
2025-01,0.3
2025-01,0.4
2025-01,8.0
2025-01,8.6
2025-01,0.3
2025-01,0.3
2025-01,0.4
2025-01,18.1
2025-01,19.6
2025-01,1.2
2025-01,1.1
2025-01,1.6
2025-01,28.3
2025-01,16.2
2025-01,6.0
2025-01,6.6
2025-01,0.3
2025-01,0.3
2025-01,0.4
2025-01,6.3
2025-01,7.0
2025-01,0.3
2025-01,0.3
2025-01,0.5
2025-01,5.0
2025-01,5.3
2025-01,0.5
2025-01,0.5
2025-01,0.7
2025-01,7.4
2025-01,7.0
2025-01,0.3
2025-01,0.3
2025-01,0.4
2025-01,7.5
2025-01,7.2
2025-01,0.3
2025-01,0.3
2025-01,0.4
2025-01,15.6
2025-01,14.6
2025-01,1.1
2025-01,1.1
2025-01,1.6
2025-01,18.3
2025-01,12.7
2025-01,6.0
2025-01,5.8
2025-01,0.3
2025-01,0.3
2025-01,0.4
2025-01,6.5
2025-01,6.3
2025-01,0.4
2025-01,0.3
2025-01,0.5
2025-01,4.4
2025-01,4.3
2025-01,0.6
2025-01,0.5
2025-01,0.8
2025-02,7.4
2025-02,7.3
2025-02,0.2
2025-02,0.2
2025-02,0.3
2025-02,7.5
2025-02,7.5
2025-02,0.2
2025-02,0.2
2025-02,0.3
2025-02,15.4
2025-02,14.4
2025-02,0.8
2025-02,0.8
2025-02,1.1
2025-02,20.0
2025-02,11.9
2025-02,6.0
2025-02,6.1
2025-02,0.2
2025-02,0.2
2025-02,0.3
2025-02,6.4
2025-02,6.5
2025-02,0.3
2025-02,0.2
2025-02,0.3
2025-02,4.9
2025-02,5.0
2025-02,0.4
2025-02,0.4
2025-02,0.5
2025-02,7.7
2025-02,7.8
2025-02,0.3
2025-02,0.3
2025-02,0.4
2025-02,7.9
2025-02,8.1
2025-02,0.3
2025-02,0.3
2025-02,0.4
2025-02,16.5
2025-02,15.7
2025-02,1.2
2025-02,1.1
2025-02,1.6
2025-02,21.2
2025-02,13.6
2025-02,6.2
2025-02,6.6
2025-02,0.3
2025-02,0.3
2025-02,0.4
2025-02,6.6
2025-02,7.0
2025-02,0.3
2025-02,0.3
2025-02,0.5
2025-02,5.0
2025-02,5.6
2025-02,0.5
2025-02,0.5
2025-02,0.7
2025-02,7.1
2025-02,6.6
2025-02,0.3
2025-02,0.3
2025-02,0.4
2025-02,7.1
2025-02,6.7
2025-02,0.3
2025-02,0.3
2025-02,0.4
2025-02,14.3
2025-02,12.9
2025-02,1.1
2025-02,1.1
2025-02,1.6
2025-02,18.9
2025-02,9.8
2025-02,5.9
2025-02,5.6
2025-02,0.3
2025-02,0.3
2025-02,0.4
2025-02,6.2
2025-02,6.0
2025-02,0.4
2025-02,0.3
2025-02,0.5
2025-02,4.7
2025-02,4.2
2025-02,0.6
2025-02,0.5
2025-02,0.8
2025-03,7.5
2025-03,7.8
2025-03,0.2
2025-03,0.2
2025-03,0.3
2025-03,7.7
2025-03,8.1
2025-03,0.2
2025-03,0.2
2025-03,0.3
2025-03,16.5
2025-03,16.4
2025-03,0.8
2025-03,0.8
2025-03,1.1
2025-03,22.9
2025-03,13.3
2025-03,6.0
2025-03,6.5
2025-03,0.2
2025-03,0.2
2025-03,0.3
2025-03,6.4
2025-03,6.7
2025-03,0.3
2025-03,0.2
2025-03,0.3
2025-03,5.0
2025-03,5.6
2025-03,0.4
2025-03,0.4
2025-03,0.5
2025-03,7.9
2025-03,8.6
2025-03,0.3
2025-03,0.3
2025-03,0.4
2025-03,8.1
2025-03,8.8
2025-03,0.3
2025-03,0.3
2025-03,0.4
2025-03,17.1
2025-03,17.6
2025-03,1.2
2025-03,1.1
2025-03,1.6
2025-03,27.2
2025-03,13.2
2025-03,6.4
2025-03,7.2
2025-03,0.3
2025-03,0.3
2025-03,0.4
2025-03,6.7
2025-03,7.3
2025-03,0.3
2025-03,0.3
2025-03,0.5
2025-03,5.5
2025-03,6.6
2025-03,0.5
2025-03,0.5
2025-03,0.7
2025-03,7.1
2025-03,7.0
2025-03,0.3
2025-03,0.3
2025-03,0.4
2025-03,7.2
2025-03,7.2
2025-03,0.3
2025-03,0.3
2025-03,0.4
2025-03,15.8
2025-03,15.1
2025-03,1.1
2025-03,1.1
2025-03,1.6
2025-03,18.5
2025-03,13.3
2025-03,5.7
2025-03,5.7
2025-03,0.3
2025-03,0.3
2025-03,0.4
2025-03,6.0
2025-03,6.1
2025-03,0.4
2025-03,0.3
2025-03,0.5
2025-03,4.5
2025-03,4.4
2025-03,0.6
2025-03,0.5
2025-03,0.8
2025-04,7.8
2025-04,7.7
2025-04,0.2
2025-04,0.2
2025-04,0.3
2025-04,8.0
2025-04,7.9
2025-04,0.2
2025-04,0.2
2025-04,0.3
2025-04,15.9
2025-04,15.6
2025-04,0.8
2025-04,0.8
2025-04,1.1
2025-04,19.3
2025-04,14.0
2025-04,6.4
2025-04,6.4
2025-04,0.2
2025-04,0.2
2025-04,0.3
2025-04,6.7
2025-04,6.7
2025-04,0.3
2025-04,0.2
2025-04,0.3
2025-04,5.4
2025-04,5.4
2025-04,0.4
2025-04,0.4
2025-04,0.5
2025-04,8.0
2025-04,8.3
2025-04,0.3
2025-04,0.3
2025-04,0.4
2025-04,8.3
2025-04,8.6
2025-04,0.3
2025-04,0.3
2025-04,0.4
2025-04,16.8
2025-04,16.6
2025-04,1.2
2025-04,1.1
2025-04,1.6
2025-04,21.3
2025-04,14.7
2025-04,6.5
2025-04,6.9
2025-04,0.3
2025-04,0.3
2025-04,0.4
2025-04,6.8
2025-04,7.1
2025-04,0.3
2025-04,0.3
2025-04,0.5
2025-04,5.8
2025-04,6.3
2025-04,0.5
2025-04,0.5
2025-04,0.7
2025-04,7.5
2025-04,7.0
2025-04,0.3
2025-04,0.3
2025-04,0.4
2025-04,7.7
2025-04,7.2
2025-04,0.3
2025-04,0.3
2025-04,0.4
2025-04,14.9
2025-04,14.5
2025-04,1.1
2025-04,1.1
2025-04,1.6
2025-04,17.3
2025-04,13.1
2025-04,6.3
2025-04,5.8
2025-04,0.3
2025-04,0.3
2025-04,0.4
2025-04,6.7
2025-04,6.3
2025-04,0.4
2025-04,0.3
2025-04,0.5
2025-04,5.0
2025-04,4.3
2025-04,0.6
2025-04,0.5
2025-04,0.8
2025-05,7.9
2025-05,8.2
2025-05,0.2
2025-05,0.2
2025-05,0.3
2025-05,8.1
2025-05,8.4
2025-05,0.2
2025-05,0.2
2025-05,0.3
2025-05,15.4
2025-05,17.4
2025-05,0.8
2025-05,0.8
2025-05,1.1
2025-05,21.8
2025-05,15.3
2025-05,6.7
2025-05,6.5
2025-05,0.2
2025-05,0.2
2025-05,0.3
2025-05,7.0
2025-05,6.9
2025-05,0.3
2025-05,0.2
2025-05,0.3
2025-05,5.7
2025-05,5.3
2025-05,0.4
2025-05,0.4
2025-05,0.5
2025-05,8.2
2025-05,8.4
2025-05,0.3
2025-05,0.3
2025-05,0.4
2025-05,8.4
2025-05,8.6
2025-05,0.3
2025-05,0.3
2025-05,0.4
2025-05,16.4
2025-05,16.8
2025-05,1.2
2025-05,1.1
2025-05,1.6
2025-05,19.5
2025-05,15.6
2025-05,6.8
2025-05,6.9
2025-05,0.3
2025-05,0.3
2025-05,0.4
2025-05,7.1
2025-05,7.1
2025-05,0.3
2025-05,0.3
2025-05,0.5
2025-05,6.0
2025-05,6.1
2025-05,0.5
2025-05,0.5
2025-05,0.7
2025-05,7.5
2025-05,7.9
2025-05,0.3
2025-05,0.3
2025-05,0.4
2025-05,7.7
2025-05,8.2
2025-05,0.3
2025-05,0.3
2025-05,0.4
2025-05,14.3
2025-05,18.0
2025-05,1.1
2025-05,1.1
2025-05,1.6
2025-05,24.2
2025-05,14.9
2025-05,6.4
2025-05,6.2
2025-05,0.3
2025-05,0.3
2025-05,0.4
2025-05,6.8
2025-05,6.7
2025-05,0.4
2025-05,0.3
2025-05,0.5
2025-05,5.2
2025-05,4.3
2025-05,0.6
2025-05,0.5
2025-05,0.8
2025-06,7.8
2025-06,7.5
2025-06,0.2
2025-06,0.2
2025-06,0.3
2025-06,8.0
2025-06,7.8
2025-06,0.2
2025-06,0.2
2025-06,0.3
2025-06,15.8
2025-06,16.6
2025-06,0.8
2025-06,0.8
2025-06,1.1
2025-06,22.0
2025-06,14.2
2025-06,6.5
2025-06,5.9
2025-06,0.2
2025-06,0.2
2025-06,0.3
2025-06,6.8
2025-06,6.3
2025-06,0.3
2025-06,0.2
2025-06,0.3
2025-06,5.4
2025-06,4.8
2025-06,0.4
2025-06,0.4
2025-06,0.5
2025-06,8.1
2025-06,7.8
2025-06,0.3
2025-06,0.3
2025-06,0.4
2025-06,8.3
2025-06,8.0
2025-06,0.3
2025-06,0.3
2025-06,0.4
2025-06,16.1
2025-06,16.5
2025-06,1.2
2025-06,1.1
2025-06,1.6
2025-06,20.8
2025-06,14.8
2025-06,6.8
2025-06,6.2
2025-06,0.3
2025-06,0.3
2025-06,0.4
2025-06,7.0
2025-06,6.5
2025-06,0.3
2025-06,0.3
2025-06,0.5
2025-06,6.0
2025-06,5.4
2025-06,0.5
2025-06,0.5
2025-06,0.7
2025-06,7.4
2025-06,7.3
2025-06,0.3
2025-06,0.3
2025-06,0.4
2025-06,7.7
2025-06,7.5
2025-06,0.3
2025-06,0.3
2025-06,0.4
2025-06,15.6
2025-06,16.7
2025-06,1.1
2025-06,1.1
2025-06,1.6
2025-06,23.1
2025-06,13.4
2025-06,6.1
2025-06,5.6
2025-06,0.3
2025-06,0.3
2025-06,0.4
2025-06,6.5
2025-06,6.2
2025-06,0.4
2025-06,0.3
2025-06,0.5
2025-06,4.7
2025-06,4.0
2025-06,0.6
2025-06,0.5
2025-06,0.8
2025-07,7.8
2025-07,8.4
2025-07,0.2
2025-07,0.2
2025-07,0.3
2025-07,8.1
2025-07,8.6
2025-07,0.2
2025-07,0.2
2025-07,0.3
2025-07,15.9
2025-07,17.0
2025-07,0.8
2025-07,0.8
2025-07,1.2
2025-07,22.3
2025-07,14.2
2025-07,6.5
2025-07,6.7
2025-07,0.2
2025-07,0.2
2025-07,0.3
2025-07,6.8
2025-07,7.0
2025-07,0.3
2025-07,0.2
2025-07,0.4
2025-07,5.4
2025-07,5.7
2025-07,0.4
2025-07,0.4
2025-07,0.6
2025-07,8.6
2025-07,8.6
2025-07,0.3
2025-07,0.3
2025-07,0.4
2025-07,8.9
2025-07,8.9
2025-07,0.3
2025-07,0.3
2025-07,0.4
2025-07,17.9
2025-07,18.7
2025-07,1.2
2025-07,1.2
2025-07,1.6
2025-07,24.6
2025-07,15.8
2025-07,7.0
2025-07,6.7
2025-07,0.3
2025-07,0.3
2025-07,0.4
2025-07,7.4
2025-07,7.1
2025-07,0.4
2025-07,0.3
2025-07,0.5
2025-07,6.0
2025-07,5.7
2025-07,0.6
2025-07,0.5
2025-07,0.8
2025-07,7.0
2025-07,8.1
2025-07,0.3
2025-07,0.3
2025-07,0.4
2025-07,7.2
2025-07,8.3
2025-07,0.3
2025-07,0.3
2025-07,0.4
2025-07,13.7
2025-07,15.0
2025-07,1.1
2025-07,1.1
2025-07,1.6
2025-07,19.9
2025-07,12.3
2025-07,5.9
2025-07,6.7
2025-07,0.3
2025-07,0.3
2025-07,0.4
2025-07,6.2
2025-07,7.0
2025-07,0.4
2025-07,0.3
2025-07,0.5
2025-07,4.6
2025-07,5.7
2025-07,0.6
2025-07,0.6
2025-07,0.8
2025-08,7.7
2025-08,8.9
2025-08,0.2
2025-08,0.2
2025-08,0.3
2025-08,7.9
2025-08,9.2
2025-08,0.2
2025-08,0.2
2025-08,0.3
2025-08,16.4
2025-08,17.1
2025-08,0.8
2025-08,0.8
2025-08,1.2
2025-08,22.7
2025-08,14.1
2025-08,6.3
2025-08,7.4
2025-08,0.2
2025-08,0.2
2025-08,0.3
2025-08,6.7
2025-08,7.9
2025-08,0.3
2025-08,0.2
2025-08,0.4
2025-08,5.0
2025-08,6.0
2025-08,0.4
2025-08,0.4
2025-08,0.6
2025-08,8.1
2025-08,8.4
2025-08,0.3
2025-08,0.3
2025-08,0.4
2025-08,8.4
2025-08,8.7
2025-08,0.3
2025-08,0.3
2025-08,0.4
2025-08,17.8
2025-08,18.1
2025-08,1.2
2025-08,1.2
2025-08,1.6
2025-08,24.0
2025-08,15.2
2025-08,6.5
2025-08,6.6
2025-08,0.3
2025-08,0.3
2025-08,0.4
2025-08,7.0
2025-08,7.1
2025-08,0.4
2025-08,0.3
2025-08,0.5
2025-08,5.1
2025-08,5.1
2025-08,0.6
2025-08,0.5
2025-08,0.8
2025-08,7.3
2025-08,9.5
2025-08,0.3
2025-08,0.3
2025-08,0.4
2025-08,7.5
2025-08,9.8
2025-08,0.3
2025-08,0.3
2025-08,0.4
2025-08,14.9
2025-08,16.0
2025-08,1.1
2025-08,1.1
2025-08,1.6
2025-08,21.4
2025-08,12.9
2025-08,6.0
2025-08,8.3
2025-08,0.3
2025-08,0.3
2025-08,0.4
2025-08,6.4
2025-08,8.7
2025-08,0.4
2025-08,0.3
2025-08,0.5
2025-08,4.9
2025-08,7.1
2025-08,0.6
2025-08,0.6
2025-08,0.8
2025-09,7.9
2025-09,7.6
2025-09,0.2
2025-09,0.2
2025-09,0.3
2025-09,8.1
2025-09,7.8
2025-09,0.2
2025-09,0.2
2025-09,0.3
2025-09,17.6
2025-09,17.3
2025-09,0.8
2025-09,0.8
2025-09,1.2
2025-09,28.4
2025-09,12.5
2025-09,6.3
2025-09,6.1
2025-09,0.2
2025-09,0.2
2025-09,0.3
2025-09,6.6
2025-09,6.4
2025-09,0.3
2025-09,0.2
2025-09,0.4
2025-09,5.5
2025-09,5.4
2025-09,0.4
2025-09,0.4
2025-09,0.6
2025-09,8.1
2025-09,7.7
2025-09,0.3
2025-09,0.3
2025-09,0.4
2025-09,8.2
2025-09,7.8
2025-09,0.3
2025-09,0.3
2025-09,0.4
2025-09,18.0
2025-09,17.4
2025-09,1.2
2025-09,1.2
2025-09,1.6
2025-09,28.9
2025-09,12.5
2025-09,6.4
2025-09,6.2
2025-09,0.3
2025-09,0.3
2025-09,0.4
2025-09,6.7
2025-09,6.5
2025-09,0.4
2025-09,0.3
2025-09,0.5
2025-09,5.5
2025-09,5.3
2025-09,0.6
2025-09,0.5
2025-09,0.8
2025-09,7.7
2025-09,7.6
2025-09,0.3
2025-09,0.3
2025-09,0.4
2025-09,8.0
2025-09,7.8
2025-09,0.3
2025-09,0.3
2025-09,0.4
2025-09,17.2
2025-09,17.2
2025-09,1.1
2025-09,1.1
2025-09,1.6
2025-09,27.8
2025-09,12.6
2025-09,6.2
2025-09,6.1
2025-09,0.3
2025-09,0.3
2025-09,0.4
2025-09,6.4
2025-09,6.2
2025-09,0.4
2025-09,0.3
2025-09,0.5
2025-09,5.4
2025-09,5.6
2025-09,0.6
2025-09,0.6
2025-09,0.8
2025-10,7.6
2025-10,7.0
2025-10,0.2
2025-10,0.2
2025-10,0.3
2025-10,7.8
2025-10,7.2
2025-10,0.2
2025-10,0.2
2025-10,0.3
2025-10,15.9
2025-10,14.4
2025-10,0.8
2025-10,0.8
2025-10,1.2
2025-10,22.5
2025-10,11.1
2025-10,6.2
2025-10,5.9
2025-10,0.2
2025-10,0.2
2025-10,0.3
2025-10,6.5
2025-10,6.2
2025-10,0.3
2025-10,0.2
2025-10,0.4
2025-10,5.3
2025-10,4.9
2025-10,0.4
2025-10,0.4
2025-10,0.6
2025-10,7.5
2025-10,6.9
2025-10,0.3
2025-10,0.3
2025-10,0.4
2025-10,7.7
2025-10,7.1
2025-10,0.3
2025-10,0.3
2025-10,0.4
2025-10,16.3
2025-10,14.9
2025-10,1.2
2025-10,1.2
2025-10,1.6
2025-10,24.6
2025-10,11.0
2025-10,6.1
2025-10,5.7
2025-10,0.3
2025-10,0.3
2025-10,0.4
2025-10,6.5
2025-10,6.2
2025-10,0.4
2025-10,0.3
2025-10,0.5
2025-10,4.8
2025-10,4.3
2025-10,0.6
2025-10,0.5
2025-10,0.8
2025-10,7.6
2025-10,7.1
2025-10,0.3
2025-10,0.3
2025-10,0.4
2025-10,7.9
2025-10,7.3
2025-10,0.3
2025-10,0.3
2025-10,0.4
2025-10,15.4
2025-10,13.9
2025-10,1.1
2025-10,1.1
2025-10,1.6
2025-10,20.3
2025-10,11.3
2025-10,6.4
2025-10,6.1
2025-10,0.3
2025-10,0.3
2025-10,0.4
2025-10,6.5
2025-10,6.3
2025-10,0.4
2025-10,0.3
2025-10,0.5
2025-10,5.9
2025-10,5.5
2025-10,0.6
2025-10,0.6
2025-10,0.8
2025-11,7.4
2025-11,6.8
2025-11,0.2
2025-11,0.2
2025-11,0.3
2025-11,7.7
2025-11,7.0
2025-11,0.2
2025-11,0.2
2025-11,0.3
2025-11,15.3
2025-11,14.4
2025-11,0.8
2025-11,0.8
2025-11,1.2
2025-11,23.1
2025-11,10.8
2025-11,6.1
2025-11,5.6
2025-11,0.2
2025-11,0.2
2025-11,0.3
2025-11,6.4
2025-11,5.9
2025-11,0.3
2025-11,0.2
2025-11,0.4
2025-11,5.1
2025-11,4.8
2025-11,0.4
2025-11,0.4
2025-11,0.6
2025-11,7.3
2025-11,6.8
2025-11,0.3
2025-11,0.3
2025-11,0.4
2025-11,7.6
2025-11,7.0
2025-11,0.3
2025-11,0.3
2025-11,0.4
2025-11,15.1
2025-11,14.9
2025-11,1.2
2025-11,1.2
2025-11,1.6
2025-11,24.2
2025-11,11.3
2025-11,6.0
2025-11,5.5
2025-11,0.3
2025-11,0.3
2025-11,0.4
2025-11,6.4
2025-11,6.0
2025-11,0.4
2025-11,0.3
2025-11,0.5
2025-11,4.8
2025-11,4.1
2025-11,0.6
2025-11,0.5
2025-11,0.8
2025-11,7.5
2025-11,6.8
2025-11,0.3
2025-11,0.3
2025-11,0.4
2025-11,7.7
2025-11,7.0
2025-11,0.3
2025-11,0.3
2025-11,0.4
2025-11,15.5
2025-11,13.7
2025-11,1.1
2025-11,1.1
2025-11,1.6
2025-11,21.9
2025-11,10.2
2025-11,6.2
2025-11,5.8
2025-11,0.3
2025-11,0.3
2025-11,0.4
2025-11,6.4
2025-11,5.8
2025-11,0.4
2025-11,0.3
2025-11,0.5
2025-11,5.5
2025-11,5.6
2025-11,0.6
2025-11,0.6
2025-11,0.8
2025-12,7.9
2025-12,7.2
2025-12,0.2
2025-12,0.2
2025-12,0.3
2025-12,8.2
2025-12,7.4
2025-12,0.2
2025-12,0.2
2025-12,0.3
2025-12,15.6
2025-12,13.4
2025-12,0.8
2025-12,0.8
2025-12,1.2
2025-12,23.7
2025-12,9.2
2025-12,6.7
2025-12,6.2
2025-12,0.2
2025-12,0.2
2025-12,0.3
2025-12,7.1
2025-12,6.6
2025-12,0.3
2025-12,0.2
2025-12,0.4
2025-12,5.4
2025-12,5.2
2025-12,0.4
2025-12,0.4
2025-12,0.6
2025-12,7.9
2025-12,7.5
2025-12,0.3
2025-12,0.3
2025-12,0.4
2025-12,8.2
2025-12,7.8
2025-12,0.3
2025-12,0.3
2025-12,0.4
2025-12,14.7
2025-12,13.5
2025-12,1.2
2025-12,1.2
2025-12,1.6
2025-12,25.1
2025-12,9.1
2025-12,6.8
2025-12,6.5
2025-12,0.3
2025-12,0.3
2025-12,0.4
2025-12,7.3
2025-12,7.0
2025-12,0.4
2025-12,0.3
2025-12,0.5
2025-12,5.3
2025-12,5.1
2025-12,0.6
2025-12,0.5
2025-12,0.8
2025-12,8.0
2025-12,6.9
2025-12,0.3
2025-12,0.3
2025-12,0.4
2025-12,8.2
2025-12,7.0
2025-12,0.3
2025-12,0.3
2025-12,0.4
2025-12,16.5
2025-12,13.3
2025-12,1.1
2025-12,1.1
2025-12,1.6
2025-12,22.4
2025-12,9.3
2025-12,6.6
2025-12,5.9
2025-12,0.3
2025-12,0.3
2025-12,0.4
2025-12,6.9
2025-12,6.1
2025-12,0.4
2025-12,0.3
2025-12,0.5
2025-12,5.4
2025-12,5.2
2025-12,0.6
2025-12,0.6
2025-12,0.8
2026-01,7.3
2026-01,7.3
2026-01,0.2
2026-01,0.2
2026-01,0.3
2026-01,7.5
2026-01,7.5
2026-01,0.2
2026-01,0.2
2026-01,0.3
2026-01,14.3
2026-01,14.0
2026-01,0.8
2026-01,0.8
2026-01,1.2
2026-01,20.7
2026-01,11.3
2026-01,6.2
2026-01,6.4
2026-01,0.2
2026-01,0.2
2026-01,0.3
2026-01,6.5
2026-01,6.7
2026-01,0.3
2026-01,0.2
2026-01,0.4
2026-01,5.1
2026-01,5.2
2026-01,0.4
2026-01,0.4
2026-01,0.6
2026-01,7.4
2026-01,7.9
2026-01,0.3
2026-01,0.3
2026-01,0.4
2026-01,7.6
2026-01,8.1
2026-01,0.3
2026-01,0.3
2026-01,0.4
2026-01,15.4
2026-01,16.3
2026-01,1.2
2026-01,1.1
2026-01,1.6
2026-01,24.5
2026-01,13.2
2026-01,6.2
2026-01,6.7
2026-01,0.3
2026-01,0.3
2026-01,0.4
2026-01,6.4
2026-01,7.0
2026-01,0.4
2026-01,0.3
2026-01,0.5
2026-01,5.5
2026-01,5.9
2026-01,0.6
2026-01,0.5
2026-01,0.8
2026-01,7.1
2026-01,6.7
2026-01,0.3
2026-01,0.3
2026-01,0.4
2026-01,7.3
2026-01,6.9
2026-01,0.3
2026-01,0.3
2026-01,0.4
2026-01,13.1
2026-01,11.5
2026-01,1.2
2026-01,1.2
2026-01,1.6
2026-01,16.9
2026-01,9.2
2026-01,6.1
2026-01,6.0
2026-01,0.3
2026-01,0.3
2026-01,0.4
2026-01,6.6
2026-01,6.5
2026-01,0.4
2026-01,0.3
2026-01,0.5
2026-01,4.6
2026-01,4.3
2026-01,0.6
2026-01,0.6
2026-01,0.8
2026-02,7.6
2026-02,7.4
2026-02,0.2
2026-02,0.2
2026-02,0.3
2026-02,7.8
2026-02,7.7
2026-02,0.2
2026-02,0.2
2026-02,0.3
2026-02,16.3
2026-02,15.9
2026-02,0.8
2026-02,0.8
2026-02,1.2
2026-02,26.1
2026-02,11.6
2026-02,6.2
2026-02,6.2
2026-02,0.2
2026-02,0.2
2026-02,0.3
2026-02,6.6
2026-02,6.7
2026-02,0.3
2026-02,0.2
2026-02,0.4
2026-02,4.6
2026-02,4.6
2026-02,0.4
2026-02,0.4
2026-02,0.6
2026-02,7.7
2026-02,7.9
2026-02,0.3
2026-02,0.3
2026-02,0.4
2026-02,8.0
2026-02,8.2
2026-02,0.3
2026-02,0.3
2026-02,0.4
2026-02,17.5
2026-02,17.6
2026-02,1.2
2026-02,1.1
2026-02,1.6
2026-02,27.3
2026-02,13.7
2026-02,6.2
2026-02,6.5
2026-02,0.3
2026-02,0.3
2026-02,0.4
2026-02,6.5
2026-02,6.9
2026-02,0.4
2026-02,0.3
2026-02,0.5
2026-02,5.0
2026-02,5.1
2026-02,0.6
2026-02,0.5
2026-02,0.8
2026-02,7.5
2026-02,7.0
2026-02,0.3
2026-02,0.3
2026-02,0.4
2026-02,7.6
2026-02,7.1
2026-02,0.3
2026-02,0.3
2026-02,0.4
2026-02,15.1
2026-02,14.1
2026-02,1.2
2026-02,1.2
2026-02,1.6
2026-02,24.8
2026-02,9.4
2026-02,6.2
2026-02,5.9
2026-02,0.3
2026-02,0.3
2026-02,0.4
2026-02,6.8
2026-02,6.5
2026-02,0.4
2026-02,0.3
2026-02,0.5
2026-02,4.2
2026-02,3.9
2026-02,0.6
2026-02,0.6
2026-02,0.8
2026-03,7.6
2026-03,7.6
2026-03,0.2
2026-03,0.2
2026-03,0.3
2026-03,7.8
2026-03,7.9
2026-03,0.2
2026-03,0.2
2026-03,0.3
2026-03,17.0
2026-03,17.2
2026-03,0.8
2026-03,0.8
2026-03,1.2
2026-03,27.8
2026-03,12.7
2026-03,6.1
2026-03,6.2
2026-03,0.2
2026-03,0.2
2026-03,0.3
2026-03,6.6
2026-03,6.7
2026-03,0.3
2026-03,0.2
2026-03,0.4
2026-03,4.5
2026-03,4.6
2026-03,0.4
2026-03,0.4
2026-03,0.6
2026-03,7.9
2026-03,8.2
2026-03,0.3
2026-03,0.3
2026-03,0.4
2026-03,8.0
2026-03,8.6
2026-03,0.3
2026-03,0.3
2026-03,0.4
2026-03,19.8
2026-03,20.3
2026-03,1.2
2026-03,1.1
2026-03,1.6
2026-03,32.7
2026-03,15.3
2026-03,6.0
2026-03,6.5
2026-03,0.3
2026-03,0.3
2026-03,0.4
2026-03,6.5
2026-03,7.0
2026-03,0.4
2026-03,0.3
2026-03,0.5
2026-03,4.6
2026-03,4.9
2026-03,0.6
2026-03,0.5
2026-03,0.8
2026-03,7.3
2026-03,6.9
2026-03,0.3
2026-03,0.3
2026-03,0.4
2026-03,7.5
2026-03,7.1
2026-03,0.3
2026-03,0.3
2026-03,0.4
2026-03,14.0
2026-03,13.9
2026-03,1.2
2026-03,1.2
2026-03,1.6
2026-03,23.0
2026-03,9.9
2026-03,6.2
2026-03,5.8
2026-03,0.3
2026-03,0.3
2026-03,0.4
2026-03,6.8
2026-03,6.3
2026-03,0.4
2026-03,0.3
2026-03,0.5
2026-03,4.3
2026-03,4.2
2026-03,0.6
2026-03,0.6
2026-03,0.8
