REF_DATE,GEO,unemployment_rate
2020-01,Alberta,7.3
2020-01,Alberta,7.7
2020-01,Alberta,0.4
2020-01,Alberta,0.3
2020-01,Alberta,0.5
2020-01,Alberta,7.5
2020-01,Alberta,7.9
2020-01,Alberta,0.4
2020-01,Alberta,0.4
2020-01,Alberta,0.5
2020-01,Alberta,14.0
2020-01,Alberta,13.9
2020-01,Alberta,1.3
2020-01,Alberta,1.3
2020-01,Alberta,1.8
2020-01,Alberta,18.8
2020-01,Alberta,11.4
2020-01,Alberta,6.2
2020-01,Alberta,6.8
2020-01,Alberta,0.4
2020-01,Alberta,0.3
2020-01,Alberta,0.5
2020-01,Alberta,6.2
2020-01,Alberta,6.8
2020-01,Alberta,0.4
2020-01,Alberta,0.4
2020-01,Alberta,0.6
2020-01,Alberta,6.2
2020-01,Alberta,6.7
2020-01,Alberta,0.9
2020-01,Alberta,0.8
2020-01,Alberta,1.1
2020-01,Alberta,7.5
2020-01,Alberta,8.3
2020-01,Alberta,0.5
2020-01,Alberta,0.5
2020-01,Alberta,0.7
2020-01,Alberta,7.8
2020-01,Alberta,8.6
2020-01,Alberta,0.5
2020-01,Alberta,0.5
2020-01,Alberta,0.7
2020-01,Alberta,18.0
2020-01,Alberta,18.6
2020-01,Alberta,2.0
2020-01,Alberta,1.9
2020-01,Alberta,2.7
2020-01,Alberta,28.1
2020-01,Alberta,13.8
2020-01,Alberta,5.9
2020-01,Alberta,6.9
2020-01,Alberta,0.5
2020-01,Alberta,0.5
2020-01,Alberta,0.7
2020-01,Alberta,5.7
2020-01,Alberta,6.9
2020-01,Alberta,0.6
2020-01,Alberta,0.6
2020-01,Alberta,0.8
2020-01,Alberta,6.3
2020-01,Alberta,7.1
2020-01,Alberta,1.2
2020-01,Alberta,1.1
2020-01,Alberta,1.6
2020-01,Alberta,7.0
2020-01,Alberta,7.0
2020-01,Alberta,0.5
2020-01,Alberta,0.5
2020-01,Alberta,0.7
2020-01,Alberta,7.1
2020-01,Alberta,7.1
2020-01,Alberta,0.5
2020-01,Alberta,0.5
2020-01,Alberta,0.7
2020-01,Alberta,9.7
2020-01,Alberta,9.1
2020-01,Alberta,1.7
2020-01,Alberta,1.8
2020-01,Alberta,2.3
2020-01,Alberta,9.7
2020-01,Alberta,8.8
2020-01,Alberta,6.6
2020-01,Alberta,6.6
2020-01,Alberta,0.5
2020-01,Alberta,0.5
2020-01,Alberta,0.7
2020-01,Alberta,6.7
2020-01,Alberta,6.7
2020-01,Alberta,0.6
2020-01,Alberta,0.6
2020-01,Alberta,0.8
2020-01,Alberta,6.1
2020-01,Alberta,6.2
2020-01,Alberta,1.1
2020-01,Alberta,1.0
2020-01,Alberta,1.6
2020-02,Alberta,7.4
2020-02,Alberta,7.7
2020-02,Alberta,0.4
2020-02,Alberta,0.3
2020-02,Alberta,0.5
2020-02,Alberta,7.4
2020-02,Alberta,7.8
2020-02,Alberta,0.4
2020-02,Alberta,0.4
2020-02,Alberta,0.5
2020-02,Alberta,13.8
2020-02,Alberta,14.4
2020-02,Alberta,1.3
2020-02,Alberta,1.3
2020-02,Alberta,1.8
2020-02,Alberta,21.8
2020-02,Alberta,10.4
2020-02,Alberta,6.4
2020-02,Alberta,6.7
2020-02,Alberta,0.4
2020-02,Alberta,0.3
2020-02,Alberta,0.5
2020-02,Alberta,6.1
2020-02,Alberta,6.2
2020-02,Alberta,0.4
2020-02,Alberta,0.4
2020-02,Alberta,0.6
2020-02,Alberta,7.4
2020-02,Alberta,8.1
2020-02,Alberta,0.9
2020-02,Alberta,0.8
2020-02,Alberta,1.1
2020-02,Alberta,7.7
2020-02,Alberta,8.5
2020-02,Alberta,0.5
2020-02,Alberta,0.5
2020-02,Alberta,0.7
2020-02,Alberta,7.7
2020-02,Alberta,8.7
2020-02,Alberta,0.5
2020-02,Alberta,0.5
2020-02,Alberta,0.7
2020-02,Alberta,17.9
2020-02,Alberta,19.5
2020-02,Alberta,2.0
2020-02,Alberta,1.9
2020-02,Alberta,2.7
2020-02,Alberta,32.1
2020-02,Alberta,12.9
2020-02,Alberta,6.2
2020-02,Alberta,6.9
2020-02,Alberta,0.5
2020-02,Alberta,0.5
2020-02,Alberta,0.7
2020-02,Alberta,5.8
2020-02,Alberta,6.5
2020-02,Alberta,0.6
2020-02,Alberta,0.6
2020-02,Alberta,0.8
2020-02,Alberta,7.5
2020-02,Alberta,8.3
2020-02,Alberta,1.2
2020-02,Alberta,1.1
2020-02,Alberta,1.6
2020-02,Alberta,7.0
2020-02,Alberta,6.8
2020-02,Alberta,0.5
2020-02,Alberta,0.5
2020-02,Alberta,0.7
2020-02,Alberta,7.1
2020-02,Alberta,6.8
2020-02,Alberta,0.5
2020-02,Alberta,0.5
2020-02,Alberta,0.7
2020-02,Alberta,9.5
2020-02,Alberta,9.3
2020-02,Alberta,1.7
2020-02,Alberta,1.8
2020-02,Alberta,2.3
2020-02,Alberta,11.8
2020-02,Alberta,7.8
2020-02,Alberta,6.6
2020-02,Alberta,6.4
2020-02,Alberta,0.5
2020-02,Alberta,0.5
2020-02,Alberta,0.7
2020-02,Alberta,6.4
2020-02,Alberta,6.0
2020-02,Alberta,0.6
2020-02,Alberta,0.6
2020-02,Alberta,0.8
2020-02,Alberta,7.4
2020-02,Alberta,7.8
2020-02,Alberta,1.1
2020-02,Alberta,1.0
2020-02,Alberta,1.6
2020-03,Alberta,8.8
2020-03,Alberta,9.5
2020-03,Alberta,0.4
2020-03,Alberta,0.3
2020-03,Alberta,0.5
2020-03,Alberta,9.4
2020-03,Alberta,9.8
2020-03,Alberta,0.4
2020-03,Alberta,0.4
2020-03,Alberta,0.5
2020-03,Alberta,21.9
2020-03,Alberta,23.6
2020-03,Alberta,1.3
2020-03,Alberta,1.3
2020-03,Alberta,1.8
2020-03,Alberta,32.4
2020-03,Alberta,19.1
2020-03,Alberta,6.9
2020-03,Alberta,7.6
2020-03,Alberta,0.4
2020-03,Alberta,0.3
2020-03,Alberta,0.5
2020-03,Alberta,7.0
2020-03,Alberta,7.8
2020-03,Alberta,0.4
2020-03,Alberta,0.4
2020-03,Alberta,0.6
2020-03,Alberta,6.4
2020-03,Alberta,6.7
2020-03,Alberta,0.9
2020-03,Alberta,0.8
2020-03,Alberta,1.1
2020-03,Alberta,8.2
2020-03,Alberta,9.4
2020-03,Alberta,0.5
2020-03,Alberta,0.5
2020-03,Alberta,0.7
2020-03,Alberta,8.9
2020-03,Alberta,9.7
2020-03,Alberta,0.5
2020-03,Alberta,0.5
2020-03,Alberta,0.7
2020-03,Alberta,20.7
2020-03,Alberta,22.1
2020-03,Alberta,2.0
2020-03,Alberta,1.9
2020-03,Alberta,2.7
2020-03,Alberta,32.6
2020-03,Alberta,17.2
2020-03,Alberta,6.5
2020-03,Alberta,7.8
2020-03,Alberta,0.5
2020-03,Alberta,0.5
2020-03,Alberta,0.7
2020-03,Alberta,6.5
2020-03,Alberta,8.1
2020-03,Alberta,0.6
2020-03,Alberta,0.6
2020-03,Alberta,0.8
2020-03,Alberta,6.5
2020-03,Alberta,6.8
2020-03,Alberta,1.2
2020-03,Alberta,1.1
2020-03,Alberta,1.6
2020-03,Alberta,9.5
2020-03,Alberta,9.7
2020-03,Alberta,0.5
2020-03,Alberta,0.5
2020-03,Alberta,0.7
2020-03,Alberta,9.9
2020-03,Alberta,9.8
2020-03,Alberta,0.5
2020-03,Alberta,0.5
2020-03,Alberta,0.7
2020-03,Alberta,23.1
2020-03,Alberta,25.3
2020-03,Alberta,1.7
2020-03,Alberta,1.8
2020-03,Alberta,2.3
2020-03,Alberta,32.1
2020-03,Alberta,21.3
2020-03,Alberta,7.4
2020-03,Alberta,7.3
2020-03,Alberta,0.5
2020-03,Alberta,0.5
2020-03,Alberta,0.7
2020-03,Alberta,7.6
2020-03,Alberta,7.5
2020-03,Alberta,0.6
2020-03,Alberta,0.6
2020-03,Alberta,0.8
2020-03,Alberta,6.4
2020-03,Alberta,6.6
2020-03,Alberta,1.1
2020-03,Alberta,1.0
2020-03,Alberta,1.6
2020-04,Alberta,13.1
2020-04,Alberta,13.9
2020-04,Alberta,0.4
2020-04,Alberta,0.3
2020-04,Alberta,0.5
2020-04,Alberta,13.8
2020-04,Alberta,14.2
2020-04,Alberta,0.4
2020-04,Alberta,0.4
2020-04,Alberta,0.5
2020-04,Alberta,27.0
2020-04,Alberta,27.6
2020-04,Alberta,1.3
2020-04,Alberta,1.3
2020-04,Alberta,1.8
2020-04,Alberta,41.1
2020-04,Alberta,20.6
2020-04,Alberta,11.4
2020-04,Alberta,12.3
2020-04,Alberta,0.4
2020-04,Alberta,0.3
2020-04,Alberta,0.5
2020-04,Alberta,11.5
2020-04,Alberta,12.4
2020-04,Alberta,0.4
2020-04,Alberta,0.4
2020-04,Alberta,0.6
2020-04,Alberta,11.2
2020-04,Alberta,11.8
2020-04,Alberta,0.9
2020-04,Alberta,0.8
2020-04,Alberta,1.1
2020-04,Alberta,12.5
2020-04,Alberta,14.3
2020-04,Alberta,0.5
2020-04,Alberta,0.5
2020-04,Alberta,0.7
2020-04,Alberta,13.5
2020-04,Alberta,14.5
2020-04,Alberta,0.5
2020-04,Alberta,0.5
2020-04,Alberta,0.7
2020-04,Alberta,23.4
2020-04,Alberta,24.1
2020-04,Alberta,2.0
2020-04,Alberta,1.9
2020-04,Alberta,2.7
2020-04,Alberta,39.1
2020-04,Alberta,17.8
2020-04,Alberta,11.1
2020-04,Alberta,13.1
2020-04,Alberta,0.5
2020-04,Alberta,0.5
2020-04,Alberta,0.7
2020-04,Alberta,10.6
2020-04,Alberta,12.8
2020-04,Alberta,0.6
2020-04,Alberta,0.6
2020-04,Alberta,0.8
2020-04,Alberta,12.7
2020-04,Alberta,14.0
2020-04,Alberta,1.2
2020-04,Alberta,1.1
2020-04,Alberta,1.6
2020-04,Alberta,13.9
2020-04,Alberta,13.4
2020-04,Alberta,0.5
2020-04,Alberta,0.5
2020-04,Alberta,0.7
2020-04,Alberta,14.2
2020-04,Alberta,13.8
2020-04,Alberta,0.5
2020-04,Alberta,0.5
2020-04,Alberta,0.7
2020-04,Alberta,31.2
2020-04,Alberta,31.9
2020-04,Alberta,1.7
2020-04,Alberta,1.8
2020-04,Alberta,2.3
2020-04,Alberta,43.0
2020-04,Alberta,24.5
2020-04,Alberta,11.7
2020-04,Alberta,11.2
2020-04,Alberta,0.5
2020-04,Alberta,0.5
2020-04,Alberta,0.7
2020-04,Alberta,12.4
2020-04,Alberta,12.0
2020-04,Alberta,0.6
2020-04,Alberta,0.6
2020-04,Alberta,0.8
2020-04,Alberta,8.8
2020-04,Alberta,8.3
2020-04,Alberta,1.1
2020-04,Alberta,1.0
2020-04,Alberta,1.6
2020-05,Alberta,15.4
2020-05,Alberta,15.8
2020-05,Alberta,0.4
2020-05,Alberta,0.3
2020-05,Alberta,0.5
2020-05,Alberta,15.6
2020-05,Alberta,16.2
2020-05,Alberta,0.4
2020-05,Alberta,0.4
2020-05,Alberta,0.5
2020-05,Alberta,32.2
2020-05,Alberta,34.8
2020-05,Alberta,1.3
2020-05,Alberta,1.3
2020-05,Alberta,1.8
2020-05,Alberta,43.4
2020-05,Alberta,30.3
2020-05,Alberta,13.1
2020-05,Alberta,13.0
2020-05,Alberta,0.4
2020-05,Alberta,0.3
2020-05,Alberta,0.5
2020-05,Alberta,13.5
2020-05,Alberta,13.4
2020-05,Alberta,0.4
2020-05,Alberta,0.4
2020-05,Alberta,0.6
2020-05,Alberta,11.6
2020-05,Alberta,11.5
2020-05,Alberta,0.9
2020-05,Alberta,0.8
2020-05,Alberta,1.1
2020-05,Alberta,15.6
2020-05,Alberta,15.8
2020-05,Alberta,0.5
2020-05,Alberta,0.5
2020-05,Alberta,0.7
2020-05,Alberta,14.8
2020-05,Alberta,16.1
2020-05,Alberta,0.5
2020-05,Alberta,0.5
2020-05,Alberta,0.7
2020-05,Alberta,30.7
2020-05,Alberta,30.8
2020-05,Alberta,2.0
2020-05,Alberta,1.9
2020-05,Alberta,2.7
2020-05,Alberta,38.5
2020-05,Alberta,26.8
2020-05,Alberta,13.4
2020-05,Alberta,13.5
2020-05,Alberta,0.5
2020-05,Alberta,0.5
2020-05,Alberta,0.7
2020-05,Alberta,13.8
2020-05,Alberta,14.0
2020-05,Alberta,0.6
2020-05,Alberta,0.6
2020-05,Alberta,0.8
2020-05,Alberta,12.0
2020-05,Alberta,12.1
2020-05,Alberta,1.2
2020-05,Alberta,1.1
2020-05,Alberta,1.6
2020-05,Alberta,15.2
2020-05,Alberta,15.9
2020-05,Alberta,0.5
2020-05,Alberta,0.5
2020-05,Alberta,0.7
2020-05,Alberta,16.5
2020-05,Alberta,16.2
2020-05,Alberta,0.5
2020-05,Alberta,0.5
2020-05,Alberta,0.7
2020-05,Alberta,34.1
2020-05,Alberta,39.8
2020-05,Alberta,1.7
2020-05,Alberta,1.8
2020-05,Alberta,2.3
2020-05,Alberta,49.4
2020-05,Alberta,34.6
2020-05,Alberta,12.7
2020-05,Alberta,12.2
2020-05,Alberta,0.5
2020-05,Alberta,0.5
2020-05,Alberta,0.7
2020-05,Alberta,13.1
2020-05,Alberta,12.7
2020-05,Alberta,0.6
2020-05,Alberta,0.6
2020-05,Alberta,0.8
2020-05,Alberta,11.0
2020-05,Alberta,10.5
2020-05,Alberta,1.1
2020-05,Alberta,1.0
2020-05,Alberta,1.6
2020-06,Alberta,15.3
2020-06,Alberta,14.4
2020-06,Alberta,0.4
2020-06,Alberta,0.3
2020-06,Alberta,0.5
2020-06,Alberta,15.1
2020-06,Alberta,14.6
2020-06,Alberta,0.4
2020-06,Alberta,0.4
2020-06,Alberta,0.5
2020-06,Alberta,32.9
2020-06,Alberta,30.3
2020-06,Alberta,1.3
2020-06,Alberta,1.3
2020-06,Alberta,1.8
2020-06,Alberta,38.9
2020-06,Alberta,25.2
2020-06,Alberta,12.5
2020-06,Alberta,11.7
2020-06,Alberta,0.4
2020-06,Alberta,0.3
2020-06,Alberta,0.5
2020-06,Alberta,11.8
2020-06,Alberta,11.1
2020-06,Alberta,0.4
2020-06,Alberta,0.4
2020-06,Alberta,0.6
2020-06,Alberta,15.1
2020-06,Alberta,13.9
2020-06,Alberta,0.9
2020-06,Alberta,0.8
2020-06,Alberta,1.1
2020-06,Alberta,15.7
2020-06,Alberta,14.7
2020-06,Alberta,0.5
2020-06,Alberta,0.5
2020-06,Alberta,0.7
2020-06,Alberta,15.5
2020-06,Alberta,14.9
2020-06,Alberta,0.5
2020-06,Alberta,0.5
2020-06,Alberta,0.7
2020-06,Alberta,28.4
2020-06,Alberta,26.6
2020-06,Alberta,2.0
2020-06,Alberta,1.9
2020-06,Alberta,2.7
2020-06,Alberta,35.6
2020-06,Alberta,21.4
2020-06,Alberta,13.8
2020-06,Alberta,12.8
2020-06,Alberta,0.5
2020-06,Alberta,0.5
2020-06,Alberta,0.7
2020-06,Alberta,13.3
2020-06,Alberta,12.2
2020-06,Alberta,0.6
2020-06,Alberta,0.6
2020-06,Alberta,0.8
2020-06,Alberta,15.4
2020-06,Alberta,14.6
2020-06,Alberta,1.2
2020-06,Alberta,1.1
2020-06,Alberta,1.6
2020-06,Alberta,15.0
2020-06,Alberta,14.1
2020-06,Alberta,0.5
2020-06,Alberta,0.5
2020-06,Alberta,0.7
2020-06,Alberta,14.6
2020-06,Alberta,14.3
2020-06,Alberta,0.5
2020-06,Alberta,0.5
2020-06,Alberta,0.7
2020-06,Alberta,37.6
2020-06,Alberta,34.4
2020-06,Alberta,1.7
2020-06,Alberta,1.8
2020-06,Alberta,2.3
2020-06,Alberta,42.3
2020-06,Alberta,29.4
2020-06,Alberta,10.9
2020-06,Alberta,10.3
2020-06,Alberta,0.5
2020-06,Alberta,0.5
2020-06,Alberta,0.7
2020-06,Alberta,10.0
2020-06,Alberta,9.7
2020-06,Alberta,0.6
2020-06,Alberta,0.6
2020-06,Alberta,0.8
2020-06,Alberta,14.6
2020-06,Alberta,12.8
2020-06,Alberta,1.1
2020-06,Alberta,1.0
2020-06,Alberta,1.6
2020-07,Alberta,12.9
2020-07,Alberta,13.0
2020-07,Alberta,0.4
2020-07,Alberta,0.5
2020-07,Alberta,0.6
2020-07,Alberta,13.1
2020-07,Alberta,13.1
2020-07,Alberta,0.5
2020-07,Alberta,0.5
2020-07,Alberta,0.6
2020-07,Alberta,26.1
2020-07,Alberta,26.5
2020-07,Alberta,1.7
2020-07,Alberta,1.7
2020-07,Alberta,2.1
2020-07,Alberta,31.7
2020-07,Alberta,23.2
2020-07,Alberta,10.8
2020-07,Alberta,10.6
2020-07,Alberta,0.4
2020-07,Alberta,0.4
2020-07,Alberta,0.6
2020-07,Alberta,10.3
2020-07,Alberta,10.0
2020-07,Alberta,0.5
2020-07,Alberta,0.5
2020-07,Alberta,0.6
2020-07,Alberta,12.7
2020-07,Alberta,12.6
2020-07,Alberta,1.0
2020-07,Alberta,0.9
2020-07,Alberta,1.3
2020-07,Alberta,14.0
2020-07,Alberta,12.9
2020-07,Alberta,0.6
2020-07,Alberta,0.6
2020-07,Alberta,0.8
2020-07,Alberta,13.4
2020-07,Alberta,13.0
2020-07,Alberta,0.6
2020-07,Alberta,0.6
2020-07,Alberta,0.8
2020-07,Alberta,25.9
2020-07,Alberta,24.7
2020-07,Alberta,2.4
2020-07,Alberta,2.4
2020-07,Alberta,3.0
2020-07,Alberta,31.9
2020-07,Alberta,20.4
2020-07,Alberta,12.3
2020-07,Alberta,11.0
2020-07,Alberta,0.6
2020-07,Alberta,0.6
2020-07,Alberta,0.7
2020-07,Alberta,12.0
2020-07,Alberta,10.4
2020-07,Alberta,0.7
2020-07,Alberta,0.7
2020-07,Alberta,0.9
2020-07,Alberta,13.1
2020-07,Alberta,12.8
2020-07,Alberta,1.3
2020-07,Alberta,1.2
2020-07,Alberta,1.7
2020-07,Alberta,11.5
2020-07,Alberta,13.1
2020-07,Alberta,0.6
2020-07,Alberta,0.7
2020-07,Alberta,0.8
2020-07,Alberta,12.7
2020-07,Alberta,13.2
2020-07,Alberta,0.6
2020-07,Alberta,0.7
2020-07,Alberta,0.8
2020-07,Alberta,26.4
2020-07,Alberta,28.4
2020-07,Alberta,2.3
2020-07,Alberta,2.6
2020-07,Alberta,2.8
2020-07,Alberta,31.5
2020-07,Alberta,26.4
2020-07,Alberta,9.0
2020-07,Alberta,10.1
2020-07,Alberta,0.6
2020-07,Alberta,0.6
2020-07,Alberta,0.8
2020-07,Alberta,8.2
2020-07,Alberta,9.5
2020-07,Alberta,0.7
2020-07,Alberta,0.7
2020-07,Alberta,0.9
2020-07,Alberta,12.3
2020-07,Alberta,12.3
2020-07,Alberta,1.3
2020-07,Alberta,1.3
2020-07,Alberta,1.7
2020-08,Alberta,12.5
2020-08,Alberta,12.9
2020-08,Alberta,0.4
2020-08,Alberta,0.5
2020-08,Alberta,0.6
2020-08,Alberta,12.7
2020-08,Alberta,13.1
2020-08,Alberta,0.5
2020-08,Alberta,0.5
2020-08,Alberta,0.6
2020-08,Alberta,27.2
2020-08,Alberta,27.3
2020-08,Alberta,1.7
2020-08,Alberta,1.7
2020-08,Alberta,2.1
2020-08,Alberta,31.8
2020-08,Alberta,24.5
2020-08,Alberta,10.2
2020-08,Alberta,10.4
2020-08,Alberta,0.4
2020-08,Alberta,0.4
2020-08,Alberta,0.6
2020-08,Alberta,9.6
2020-08,Alberta,9.8
2020-08,Alberta,0.5
2020-08,Alberta,0.5
2020-08,Alberta,0.6
2020-08,Alberta,12.0
2020-08,Alberta,12.3
2020-08,Alberta,1.0
2020-08,Alberta,0.9
2020-08,Alberta,1.3
2020-08,Alberta,13.5
2020-08,Alberta,12.0
2020-08,Alberta,0.6
2020-08,Alberta,0.6
2020-08,Alberta,0.8
2020-08,Alberta,12.9
2020-08,Alberta,12.1
2020-08,Alberta,0.6
2020-08,Alberta,0.6
2020-08,Alberta,0.8
2020-08,Alberta,28.7
2020-08,Alberta,26.7
2020-08,Alberta,2.4
2020-08,Alberta,2.4
2020-08,Alberta,3.0
2020-08,Alberta,30.8
2020-08,Alberta,24.1
2020-08,Alberta,11.3
2020-08,Alberta,9.6
2020-08,Alberta,0.6
2020-08,Alberta,0.6
2020-08,Alberta,0.7
2020-08,Alberta,11.2
2020-08,Alberta,9.1
2020-08,Alberta,0.7
2020-08,Alberta,0.7
2020-08,Alberta,0.9
2020-08,Alberta,11.4
2020-08,Alberta,11.1
2020-08,Alberta,1.3
2020-08,Alberta,1.2
2020-08,Alberta,1.7
2020-08,Alberta,11.2
2020-08,Alberta,14.0
2020-08,Alberta,0.6
2020-08,Alberta,0.7
2020-08,Alberta,0.8
2020-08,Alberta,12.6
2020-08,Alberta,14.2
2020-08,Alberta,0.6
2020-08,Alberta,0.7
2020-08,Alberta,0.8
2020-08,Alberta,25.7
2020-08,Alberta,28.1
2020-08,Alberta,2.3
2020-08,Alberta,2.6
2020-08,Alberta,2.8
2020-08,Alberta,32.8
2020-08,Alberta,25.0
2020-08,Alberta,8.8
2020-08,Alberta,11.3
2020-08,Alberta,0.6
2020-08,Alberta,0.6
2020-08,Alberta,0.8
2020-08,Alberta,7.8
2020-08,Alberta,10.6
2020-08,Alberta,0.7
2020-08,Alberta,0.7
2020-08,Alberta,0.9
2020-08,Alberta,12.9
2020-08,Alberta,14.1
2020-08,Alberta,1.3
2020-08,Alberta,1.3
2020-08,Alberta,1.7
2020-09,Alberta,12.0
2020-09,Alberta,11.0
2020-09,Alberta,0.4
2020-09,Alberta,0.5
2020-09,Alberta,0.6
2020-09,Alberta,12.1
2020-09,Alberta,11.2
2020-09,Alberta,0.5
2020-09,Alberta,0.5
2020-09,Alberta,0.6
2020-09,Alberta,24.8
2020-09,Alberta,26.2
2020-09,Alberta,1.7
2020-09,Alberta,1.7
2020-09,Alberta,2.1
2020-09,Alberta,28.3
2020-09,Alberta,24.9
2020-09,Alberta,10.0
2020-09,Alberta,8.7
2020-09,Alberta,0.4
2020-09,Alberta,0.4
2020-09,Alberta,0.6
2020-09,Alberta,9.3
2020-09,Alberta,7.9
2020-09,Alberta,0.5
2020-09,Alberta,0.5
2020-09,Alberta,0.6
2020-09,Alberta,12.3
2020-09,Alberta,11.5
2020-09,Alberta,1.0
2020-09,Alberta,0.9
2020-09,Alberta,1.3
2020-09,Alberta,12.7
2020-09,Alberta,11.2
2020-09,Alberta,0.6
2020-09,Alberta,0.6
2020-09,Alberta,0.8
2020-09,Alberta,12.8
2020-09,Alberta,11.2
2020-09,Alberta,0.6
2020-09,Alberta,0.6
2020-09,Alberta,0.8
2020-09,Alberta,23.4
2020-09,Alberta,24.4
2020-09,Alberta,2.4
2020-09,Alberta,2.4
2020-09,Alberta,3.0
2020-09,Alberta,22.2
2020-09,Alberta,25.6
2020-09,Alberta,11.0
2020-09,Alberta,9.2
2020-09,Alberta,0.6
2020-09,Alberta,0.6
2020-09,Alberta,0.7
2020-09,Alberta,10.1
2020-09,Alberta,8.1
2020-09,Alberta,0.7
2020-09,Alberta,0.7
2020-09,Alberta,0.9
2020-09,Alberta,14.1
2020-09,Alberta,12.7
2020-09,Alberta,1.3
2020-09,Alberta,1.2
2020-09,Alberta,1.7
2020-09,Alberta,11.1
2020-09,Alberta,10.9
2020-09,Alberta,0.6
2020-09,Alberta,0.7
2020-09,Alberta,0.8
2020-09,Alberta,11.2
2020-09,Alberta,11.1
2020-09,Alberta,0.6
2020-09,Alberta,0.7
2020-09,Alberta,0.8
2020-09,Alberta,26.3
2020-09,Alberta,28.2
2020-09,Alberta,2.3
2020-09,Alberta,2.6
2020-09,Alberta,2.8
2020-09,Alberta,34.7
2020-09,Alberta,24.0
2020-09,Alberta,8.7
2020-09,Alberta,8.1
2020-09,Alberta,0.6
2020-09,Alberta,0.6
2020-09,Alberta,0.8
2020-09,Alberta,8.5
2020-09,Alberta,7.7
2020-09,Alberta,0.7
2020-09,Alberta,0.7
2020-09,Alberta,0.9
2020-09,Alberta,9.6
2020-09,Alberta,9.8
2020-09,Alberta,1.3
2020-09,Alberta,1.3
2020-09,Alberta,1.7
2020-10,Alberta,11.6
2020-10,Alberta,10.1
2020-10,Alberta,0.4
2020-10,Alberta,0.5
2020-10,Alberta,0.6
2020-10,Alberta,11.3
2020-10,Alberta,10.2
2020-10,Alberta,0.5
2020-10,Alberta,0.5
2020-10,Alberta,0.6
2020-10,Alberta,24.0
2020-10,Alberta,22.0
2020-10,Alberta,1.7
2020-10,Alberta,1.7
2020-10,Alberta,2.1
2020-10,Alberta,23.4
2020-10,Alberta,21.2
2020-10,Alberta,9.6
2020-10,Alberta,8.3
2020-10,Alberta,0.4
2020-10,Alberta,0.4
2020-10,Alberta,0.6
2020-10,Alberta,9.1
2020-10,Alberta,7.7
2020-10,Alberta,0.5
2020-10,Alberta,0.5
2020-10,Alberta,0.6
2020-10,Alberta,11.2
2020-10,Alberta,10.3
2020-10,Alberta,1.0
2020-10,Alberta,0.9
2020-10,Alberta,1.3
2020-10,Alberta,12.4
2020-10,Alberta,10.4
2020-10,Alberta,0.6
2020-10,Alberta,0.6
2020-10,Alberta,0.8
2020-10,Alberta,12.2
2020-10,Alberta,10.5
2020-10,Alberta,0.6
2020-10,Alberta,0.6
2020-10,Alberta,0.8
2020-10,Alberta,24.0
2020-10,Alberta,22.4
2020-10,Alberta,2.4
2020-10,Alberta,2.4
2020-10,Alberta,3.0
2020-10,Alberta,22.0
2020-10,Alberta,22.6
2020-10,Alberta,10.7
2020-10,Alberta,8.6
2020-10,Alberta,0.6
2020-10,Alberta,0.6
2020-10,Alberta,0.7
2020-10,Alberta,10.3
2020-10,Alberta,8.1
2020-10,Alberta,0.7
2020-10,Alberta,0.7
2020-10,Alberta,0.9
2020-10,Alberta,12.1
2020-10,Alberta,10.5
2020-10,Alberta,1.3
2020-10,Alberta,1.2
2020-10,Alberta,1.7
2020-10,Alberta,10.6
2020-10,Alberta,9.7
2020-10,Alberta,0.6
2020-10,Alberta,0.7
2020-10,Alberta,0.8
2020-10,Alberta,10.3
2020-10,Alberta,9.8
2020-10,Alberta,0.6
2020-10,Alberta,0.7
2020-10,Alberta,0.8
2020-10,Alberta,24.0
2020-10,Alberta,21.7
2020-10,Alberta,2.3
2020-10,Alberta,2.6
2020-10,Alberta,2.8
2020-10,Alberta,24.9
2020-10,Alberta,19.6
2020-10,Alberta,8.3
2020-10,Alberta,7.8
2020-10,Alberta,0.6
2020-10,Alberta,0.6
2020-10,Alberta,0.8
2020-10,Alberta,7.8
2020-10,Alberta,7.2
2020-10,Alberta,0.7
2020-10,Alberta,0.7
2020-10,Alberta,0.9
2020-10,Alberta,10.2
2020-10,Alberta,10.1
2020-10,Alberta,1.3
2020-10,Alberta,1.3
2020-10,Alberta,1.7
2020-11,Alberta,11.1
2020-11,Alberta,10.6
2020-11,Alberta,0.4
2020-11,Alberta,0.5
2020-11,Alberta,0.6
2020-11,Alberta,10.9
2020-11,Alberta,10.7
2020-11,Alberta,0.5
2020-11,Alberta,0.5
2020-11,Alberta,0.6
2020-11,Alberta,23.5
2020-11,Alberta,23.1
2020-11,Alberta,1.7
2020-11,Alberta,1.7
2020-11,Alberta,2.1
2020-11,Alberta,23.9
2020-11,Alberta,22.7
2020-11,Alberta,9.2
2020-11,Alberta,8.7
2020-11,Alberta,0.4
2020-11,Alberta,0.4
2020-11,Alberta,0.6
2020-11,Alberta,8.8
2020-11,Alberta,8.4
2020-11,Alberta,0.5
2020-11,Alberta,0.5
2020-11,Alberta,0.6
2020-11,Alberta,10.3
2020-11,Alberta,9.8
2020-11,Alberta,1.0
2020-11,Alberta,0.9
2020-11,Alberta,1.3
2020-11,Alberta,11.2
2020-11,Alberta,10.8
2020-11,Alberta,0.6
2020-11,Alberta,0.6
2020-11,Alberta,0.8
2020-11,Alberta,11.2
2020-11,Alberta,11.0
2020-11,Alberta,0.6
2020-11,Alberta,0.6
2020-11,Alberta,0.8
2020-11,Alberta,23.0
2020-11,Alberta,23.8
2020-11,Alberta,2.4
2020-11,Alberta,2.4
2020-11,Alberta,3.0
2020-11,Alberta,25.6
2020-11,Alberta,22.7
2020-11,Alberta,9.5
2020-11,Alberta,9.0
2020-11,Alberta,0.6
2020-11,Alberta,0.6
2020-11,Alberta,0.7
2020-11,Alberta,9.2
2020-11,Alberta,8.8
2020-11,Alberta,0.7
2020-11,Alberta,0.7
2020-11,Alberta,0.9
2020-11,Alberta,10.3
2020-11,Alberta,9.5
2020-11,Alberta,1.3
2020-11,Alberta,1.2
2020-11,Alberta,1.7
2020-11,Alberta,10.9
2020-11,Alberta,10.3
2020-11,Alberta,0.6
2020-11,Alberta,0.7
2020-11,Alberta,0.8
2020-11,Alberta,10.7
2020-11,Alberta,10.4
2020-11,Alberta,0.6
2020-11,Alberta,0.7
2020-11,Alberta,0.8
2020-11,Alberta,24.2
2020-11,Alberta,22.4
2020-11,Alberta,2.3
2020-11,Alberta,2.6
2020-11,Alberta,2.8
2020-11,Alberta,22.3
2020-11,Alberta,22.6
2020-11,Alberta,8.7
2020-11,Alberta,8.4
2020-11,Alberta,0.6
2020-11,Alberta,0.6
2020-11,Alberta,0.8
2020-11,Alberta,8.3
2020-11,Alberta,7.9
2020-11,Alberta,0.7
2020-11,Alberta,0.7
2020-11,Alberta,0.9
2020-11,Alberta,10.2
2020-11,Alberta,10.2
2020-11,Alberta,1.3
2020-11,Alberta,1.3
2020-11,Alberta,1.7
2020-12,Alberta,10.7
2020-12,Alberta,10.2
2020-12,Alberta,0.4
2020-12,Alberta,0.5
2020-12,Alberta,0.6
2020-12,Alberta,10.6
2020-12,Alberta,10.3
2020-12,Alberta,0.5
2020-12,Alberta,0.5
2020-12,Alberta,0.6
2020-12,Alberta,24.8
2020-12,Alberta,22.3
2020-12,Alberta,1.7
2020-12,Alberta,1.7
2020-12,Alberta,2.1
2020-12,Alberta,23.9
2020-12,Alberta,21.5
2020-12,Alberta,8.6
2020-12,Alberta,8.5
2020-12,Alberta,0.4
2020-12,Alberta,0.4
2020-12,Alberta,0.6
2020-12,Alberta,8.5
2020-12,Alberta,8.3
2020-12,Alberta,0.5
2020-12,Alberta,0.5
2020-12,Alberta,0.6
2020-12,Alberta,9.0
2020-12,Alberta,9.1
2020-12,Alberta,1.0
2020-12,Alberta,0.9
2020-12,Alberta,1.3
2020-12,Alberta,11.0
2020-12,Alberta,10.9
2020-12,Alberta,0.6
2020-12,Alberta,0.6
2020-12,Alberta,0.8
2020-12,Alberta,11.3
2020-12,Alberta,11.0
2020-12,Alberta,0.6
2020-12,Alberta,0.6
2020-12,Alberta,0.8
2020-12,Alberta,23.9
2020-12,Alberta,23.0
2020-12,Alberta,2.4
2020-12,Alberta,2.4
2020-12,Alberta,3.0
2020-12,Alberta,24.0
2020-12,Alberta,22.5
2020-12,Alberta,9.2
2020-12,Alberta,9.3
2020-12,Alberta,0.6
2020-12,Alberta,0.6
2020-12,Alberta,0.7
2020-12,Alberta,9.3
2020-12,Alberta,9.4
2020-12,Alberta,0.7
2020-12,Alberta,0.7
2020-12,Alberta,0.9
2020-12,Alberta,8.9
2020-12,Alberta,9.0
2020-12,Alberta,1.3
2020-12,Alberta,1.2
2020-12,Alberta,1.7
2020-12,Alberta,10.4
2020-12,Alberta,9.4
2020-12,Alberta,0.6
2020-12,Alberta,0.7
2020-12,Alberta,0.8
2020-12,Alberta,9.8
2020-12,Alberta,9.4
2020-12,Alberta,0.6
2020-12,Alberta,0.7
2020-12,Alberta,0.8
2020-12,Alberta,25.8
2020-12,Alberta,21.6
2020-12,Alberta,2.3
2020-12,Alberta,2.6
2020-12,Alberta,2.8
2020-12,Alberta,23.7
2020-12,Alberta,20.4
2020-12,Alberta,7.9
2020-12,Alberta,7.5
2020-12,Alberta,0.6
2020-12,Alberta,0.6
2020-12,Alberta,0.8
2020-12,Alberta,7.6
2020-12,Alberta,7.0
2020-12,Alberta,0.7
2020-12,Alberta,0.7
2020-12,Alberta,0.9
2020-12,Alberta,9.2
2020-12,Alberta,9.3
2020-12,Alberta,1.3
2020-12,Alberta,1.3
2020-12,Alberta,1.7
2021-01,Alberta,10.3
2021-01,Alberta,11.1
2021-01,Alberta,0.5
2021-01,Alberta,0.5
2021-01,Alberta,0.6
2021-01,Alberta,10.7
2021-01,Alberta,11.3
2021-01,Alberta,0.5
2021-01,Alberta,0.5
2021-01,Alberta,0.7
2021-01,Alberta,21.4
2021-01,Alberta,21.6
2021-01,Alberta,2.0
2021-01,Alberta,2.1
2021-01,Alberta,2.4
2021-01,Alberta,29.7
2021-01,Alberta,17.6
2021-01,Alberta,8.6
2021-01,Alberta,9.7
2021-01,Alberta,0.5
2021-01,Alberta,0.5
2021-01,Alberta,0.6
2021-01,Alberta,8.5
2021-01,Alberta,9.7
2021-01,Alberta,0.6
2021-01,Alberta,0.6
2021-01,Alberta,0.7
2021-01,Alberta,9.2
2021-01,Alberta,9.7
2021-01,Alberta,1.1
2021-01,Alberta,1.0
2021-01,Alberta,1.4
2021-01,Alberta,9.9
2021-01,Alberta,11.4
2021-01,Alberta,0.7
2021-01,Alberta,0.7
2021-01,Alberta,0.9
2021-01,Alberta,10.9
2021-01,Alberta,11.7
2021-01,Alberta,0.7
2021-01,Alberta,0.7
2021-01,Alberta,0.9
2021-01,Alberta,22.4
2021-01,Alberta,23.3
2021-01,Alberta,2.7
2021-01,Alberta,2.8
2021-01,Alberta,3.4
2021-01,Alberta,28.9
2021-01,Alberta,20.7
2021-01,Alberta,8.0
2021-01,Alberta,9.8
2021-01,Alberta,0.7
2021-01,Alberta,0.6
2021-01,Alberta,0.8
2021-01,Alberta,8.2
2021-01,Alberta,10.3
2021-01,Alberta,0.8
2021-01,Alberta,0.8
2021-01,Alberta,1.0
2021-01,Alberta,7.3
2021-01,Alberta,8.3
2021-01,Alberta,1.4
2021-01,Alberta,1.3
2021-01,Alberta,1.9
2021-01,Alberta,10.8
2021-01,Alberta,10.8
2021-01,Alberta,0.7
2021-01,Alberta,0.8
2021-01,Alberta,0.9
2021-01,Alberta,10.5
2021-01,Alberta,10.8
2021-01,Alberta,0.8
2021-01,Alberta,0.8
2021-01,Alberta,0.9
2021-01,Alberta,20.3
2021-01,Alberta,19.7
2021-01,Alberta,2.8
2021-01,Alberta,3.0
2021-01,Alberta,3.3
2021-01,Alberta,30.7
2021-01,Alberta,13.9
2021-01,Alberta,9.4
2021-01,Alberta,9.5
2021-01,Alberta,0.7
2021-01,Alberta,0.7
2021-01,Alberta,0.9
2021-01,Alberta,8.8
2021-01,Alberta,9.0
2021-01,Alberta,0.8
2021-01,Alberta,0.8
2021-01,Alberta,1.0
2021-01,Alberta,11.5
2021-01,Alberta,11.3
2021-01,Alberta,1.6
2021-01,Alberta,1.6
2021-01,Alberta,1.9
2021-02,Alberta,9.9
2021-02,Alberta,10.8
2021-02,Alberta,0.5
2021-02,Alberta,0.5
2021-02,Alberta,0.6
2021-02,Alberta,10.2
2021-02,Alberta,10.9
2021-02,Alberta,0.5
2021-02,Alberta,0.5
2021-02,Alberta,0.7
2021-02,Alberta,19.3
2021-02,Alberta,19.8
2021-02,Alberta,2.0
2021-02,Alberta,2.1
2021-02,Alberta,2.4
2021-02,Alberta,29.0
2021-02,Alberta,14.9
2021-02,Alberta,8.5
2021-02,Alberta,9.6
2021-02,Alberta,0.5
2021-02,Alberta,0.5
2021-02,Alberta,0.6
2021-02,Alberta,8.2
2021-02,Alberta,9.4
2021-02,Alberta,0.6
2021-02,Alberta,0.6
2021-02,Alberta,0.7
2021-02,Alberta,9.6
2021-02,Alberta,10.2
2021-02,Alberta,1.1
2021-02,Alberta,1.0
2021-02,Alberta,1.4
2021-02,Alberta,9.9
2021-02,Alberta,11.5
2021-02,Alberta,0.7
2021-02,Alberta,0.7
2021-02,Alberta,0.9
2021-02,Alberta,10.3
2021-02,Alberta,11.6
2021-02,Alberta,0.7
2021-02,Alberta,0.7
2021-02,Alberta,0.9
2021-02,Alberta,20.0
2021-02,Alberta,20.8
2021-02,Alberta,2.7
2021-02,Alberta,2.8
2021-02,Alberta,3.4
2021-02,Alberta,30.9
2021-02,Alberta,16.0
2021-02,Alberta,8.4
2021-02,Alberta,10.2
2021-02,Alberta,0.7
2021-02,Alberta,0.6
2021-02,Alberta,0.8
2021-02,Alberta,8.2
2021-02,Alberta,10.2
2021-02,Alberta,0.8
2021-02,Alberta,0.8
2021-02,Alberta,1.0
2021-02,Alberta,9.0
2021-02,Alberta,10.2
2021-02,Alberta,1.4
2021-02,Alberta,1.3
2021-02,Alberta,1.9
2021-02,Alberta,10.0
2021-02,Alberta,10.1
2021-02,Alberta,0.7
2021-02,Alberta,0.8
2021-02,Alberta,0.9
2021-02,Alberta,10.0
2021-02,Alberta,10.2
2021-02,Alberta,0.8
2021-02,Alberta,0.8
2021-02,Alberta,0.9
2021-02,Alberta,18.5
2021-02,Alberta,18.6
2021-02,Alberta,2.8
2021-02,Alberta,3.0
2021-02,Alberta,3.3
2021-02,Alberta,27.0
2021-02,Alberta,13.7
2021-02,Alberta,8.6
2021-02,Alberta,8.8
2021-02,Alberta,0.7
2021-02,Alberta,0.7
2021-02,Alberta,0.9
2021-02,Alberta,8.1
2021-02,Alberta,8.4
2021-02,Alberta,0.8
2021-02,Alberta,0.8
2021-02,Alberta,1.0
2021-02,Alberta,10.3
2021-02,Alberta,10.2
2021-02,Alberta,1.6
2021-02,Alberta,1.6
2021-02,Alberta,1.9
2021-03,Alberta,9.2
2021-03,Alberta,10.0
2021-03,Alberta,0.5
2021-03,Alberta,0.5
2021-03,Alberta,0.6
2021-03,Alberta,9.6
2021-03,Alberta,10.0
2021-03,Alberta,0.5
2021-03,Alberta,0.5
2021-03,Alberta,0.7
2021-03,Alberta,13.6
2021-03,Alberta,14.5
2021-03,Alberta,2.0
2021-03,Alberta,2.1
2021-03,Alberta,2.4
2021-03,Alberta,23.6
2021-03,Alberta,9.9
2021-03,Alberta,8.6
2021-03,Alberta,9.3
2021-03,Alberta,0.5
2021-03,Alberta,0.5
2021-03,Alberta,0.6
2021-03,Alberta,8.4
2021-03,Alberta,9.2
2021-03,Alberta,0.6
2021-03,Alberta,0.6
2021-03,Alberta,0.7
2021-03,Alberta,9.3
2021-03,Alberta,9.7
2021-03,Alberta,1.1
2021-03,Alberta,1.0
2021-03,Alberta,1.4
2021-03,Alberta,8.7
2021-03,Alberta,10.2
2021-03,Alberta,0.7
2021-03,Alberta,0.7
2021-03,Alberta,0.9
2021-03,Alberta,9.3
2021-03,Alberta,10.1
2021-03,Alberta,0.7
2021-03,Alberta,0.7
2021-03,Alberta,0.9
2021-03,Alberta,13.2
2021-03,Alberta,14.2
2021-03,Alberta,2.7
2021-03,Alberta,2.8
2021-03,Alberta,3.4
2021-03,Alberta,23.4
2021-03,Alberta,10.0
2021-03,Alberta,8.1
2021-03,Alberta,9.6
2021-03,Alberta,0.7
2021-03,Alberta,0.6
2021-03,Alberta,0.8
2021-03,Alberta,7.8
2021-03,Alberta,9.6
2021-03,Alberta,0.8
2021-03,Alberta,0.8
2021-03,Alberta,1.0
2021-03,Alberta,8.9
2021-03,Alberta,9.6
2021-03,Alberta,1.4
2021-03,Alberta,1.3
2021-03,Alberta,1.9
2021-03,Alberta,9.8
2021-03,Alberta,9.8
2021-03,Alberta,0.7
2021-03,Alberta,0.8
2021-03,Alberta,0.9
2021-03,Alberta,10.0
2021-03,Alberta,9.8
2021-03,Alberta,0.8
2021-03,Alberta,0.8
2021-03,Alberta,0.9
2021-03,Alberta,14.0
2021-03,Alberta,14.8
2021-03,Alberta,2.8
2021-03,Alberta,3.0
2021-03,Alberta,3.3
2021-03,Alberta,23.7
2021-03,Alberta,9.6
2021-03,Alberta,9.2
2021-03,Alberta,9.0
2021-03,Alberta,0.7
2021-03,Alberta,0.7
2021-03,Alberta,0.9
2021-03,Alberta,9.0
2021-03,Alberta,8.7
2021-03,Alberta,0.8
2021-03,Alberta,0.8
2021-03,Alberta,1.0
2021-03,Alberta,9.7
2021-03,Alberta,9.9
2021-03,Alberta,1.6
2021-03,Alberta,1.6
2021-03,Alberta,1.9
2021-04,Alberta,8.8
2021-04,Alberta,9.4
2021-04,Alberta,0.5
2021-04,Alberta,0.5
2021-04,Alberta,0.6
2021-04,Alberta,9.0
2021-04,Alberta,9.4
2021-04,Alberta,0.5
2021-04,Alberta,0.5
2021-04,Alberta,0.7
2021-04,Alberta,15.1
2021-04,Alberta,15.2
2021-04,Alberta,2.0
2021-04,Alberta,2.1
2021-04,Alberta,2.4
2021-04,Alberta,27.6
2021-04,Alberta,9.1
2021-04,Alberta,7.9
2021-04,Alberta,8.6
2021-04,Alberta,0.5
2021-04,Alberta,0.5
2021-04,Alberta,0.6
2021-04,Alberta,7.5
2021-04,Alberta,8.3
2021-04,Alberta,0.6
2021-04,Alberta,0.6
2021-04,Alberta,0.7
2021-04,Alberta,9.1
2021-04,Alberta,9.4
2021-04,Alberta,1.1
2021-04,Alberta,1.0
2021-04,Alberta,1.4
2021-04,Alberta,8.7
2021-04,Alberta,9.9
2021-04,Alberta,0.7
2021-04,Alberta,0.7
2021-04,Alberta,0.9
2021-04,Alberta,9.1
2021-04,Alberta,9.9
2021-04,Alberta,0.7
2021-04,Alberta,0.7
2021-04,Alberta,0.9
2021-04,Alberta,15.8
2021-04,Alberta,15.7
2021-04,Alberta,2.7
2021-04,Alberta,2.8
2021-04,Alberta,3.4
2021-04,Alberta,31.3
2021-04,Alberta,8.3
2021-04,Alberta,7.7
2021-04,Alberta,9.1
2021-04,Alberta,0.7
2021-04,Alberta,0.6
2021-04,Alberta,0.8
2021-04,Alberta,7.3
2021-04,Alberta,8.8
2021-04,Alberta,0.8
2021-04,Alberta,0.8
2021-04,Alberta,1.0
2021-04,Alberta,9.1
2021-04,Alberta,10.1
2021-04,Alberta,1.4
2021-04,Alberta,1.3
2021-04,Alberta,1.9
2021-04,Alberta,8.9
2021-04,Alberta,8.8
2021-04,Alberta,0.7
2021-04,Alberta,0.8
2021-04,Alberta,0.9
2021-04,Alberta,9.0
2021-04,Alberta,8.7
2021-04,Alberta,0.8
2021-04,Alberta,0.8
2021-04,Alberta,0.9
2021-04,Alberta,14.3
2021-04,Alberta,14.6
2021-04,Alberta,2.8
2021-04,Alberta,3.0
2021-04,Alberta,3.3
2021-04,Alberta,23.7
2021-04,Alberta,10.0
2021-04,Alberta,8.1
2021-04,Alberta,7.9
2021-04,Alberta,0.7
2021-04,Alberta,0.7
2021-04,Alberta,0.9
2021-04,Alberta,7.8
2021-04,Alberta,7.7
2021-04,Alberta,0.8
2021-04,Alberta,0.8
2021-04,Alberta,1.0
2021-04,Alberta,9.0
2021-04,Alberta,8.6
2021-04,Alberta,1.6
2021-04,Alberta,1.6
2021-04,Alberta,1.9
2021-05,Alberta,8.5
2021-05,Alberta,8.9
2021-05,Alberta,0.5
2021-05,Alberta,0.5
2021-05,Alberta,0.6
2021-05,Alberta,8.4
2021-05,Alberta,8.9
2021-05,Alberta,0.5
2021-05,Alberta,0.5
2021-05,Alberta,0.7
2021-05,Alberta,14.7
2021-05,Alberta,17.0
2021-05,Alberta,2.0
2021-05,Alberta,2.1
2021-05,Alberta,2.4
2021-05,Alberta,23.3
2021-05,Alberta,13.7
2021-05,Alberta,7.6
2021-05,Alberta,7.6
2021-05,Alberta,0.5
2021-05,Alberta,0.5
2021-05,Alberta,0.6
2021-05,Alberta,7.4
2021-05,Alberta,7.3
2021-05,Alberta,0.6
2021-05,Alberta,0.6
2021-05,Alberta,0.7
2021-05,Alberta,8.3
2021-05,Alberta,8.3
2021-05,Alberta,1.1
2021-05,Alberta,1.0
2021-05,Alberta,1.4
2021-05,Alberta,7.9
2021-05,Alberta,8.3
2021-05,Alberta,0.7
2021-05,Alberta,0.7
2021-05,Alberta,0.9
2021-05,Alberta,7.2
2021-05,Alberta,8.3
2021-05,Alberta,0.7
2021-05,Alberta,0.7
2021-05,Alberta,0.9
2021-05,Alberta,14.9
2021-05,Alberta,16.2
2021-05,Alberta,2.7
2021-05,Alberta,2.8
2021-05,Alberta,3.4
2021-05,Alberta,20.8
2021-05,Alberta,13.7
2021-05,Alberta,6.9
2021-05,Alberta,7.1
2021-05,Alberta,0.7
2021-05,Alberta,0.6
2021-05,Alberta,0.8
2021-05,Alberta,6.3
2021-05,Alberta,6.5
2021-05,Alberta,0.8
2021-05,Alberta,0.8
2021-05,Alberta,1.0
2021-05,Alberta,8.9
2021-05,Alberta,9.1
2021-05,Alberta,1.4
2021-05,Alberta,1.3
2021-05,Alberta,1.9
2021-05,Alberta,9.3
2021-05,Alberta,9.5
2021-05,Alberta,0.7
2021-05,Alberta,0.8
2021-05,Alberta,0.9
2021-05,Alberta,9.8
2021-05,Alberta,9.6
2021-05,Alberta,0.8
2021-05,Alberta,0.8
2021-05,Alberta,0.9
2021-05,Alberta,14.6
2021-05,Alberta,17.8
2021-05,Alberta,2.8
2021-05,Alberta,3.0
2021-05,Alberta,3.3
2021-05,Alberta,25.8
2021-05,Alberta,13.7
2021-05,Alberta,8.4
2021-05,Alberta,8.1
2021-05,Alberta,0.7
2021-05,Alberta,0.7
2021-05,Alberta,0.9
2021-05,Alberta,8.7
2021-05,Alberta,8.4
2021-05,Alberta,0.8
2021-05,Alberta,0.8
2021-05,Alberta,1.0
2021-05,Alberta,7.5
2021-05,Alberta,7.3
2021-05,Alberta,1.6
2021-05,Alberta,1.6
2021-05,Alberta,1.9
2021-06,Alberta,8.8
2021-06,Alberta,8.3
2021-06,Alberta,0.5
2021-06,Alberta,0.5
2021-06,Alberta,0.6
2021-06,Alberta,8.7
2021-06,Alberta,8.4
2021-06,Alberta,0.5
2021-06,Alberta,0.5
2021-06,Alberta,0.7
2021-06,Alberta,16.5
2021-06,Alberta,15.5
2021-06,Alberta,2.0
2021-06,Alberta,2.1
2021-06,Alberta,2.4
2021-06,Alberta,18.4
2021-06,Alberta,13.9
2021-06,Alberta,7.7
2021-06,Alberta,7.2
2021-06,Alberta,0.5
2021-06,Alberta,0.5
2021-06,Alberta,0.6
2021-06,Alberta,7.4
2021-06,Alberta,7.0
2021-06,Alberta,0.6
2021-06,Alberta,0.6
2021-06,Alberta,0.7
2021-06,Alberta,8.5
2021-06,Alberta,7.7
2021-06,Alberta,1.1
2021-06,Alberta,1.0
2021-06,Alberta,1.4
2021-06,Alberta,8.9
2021-06,Alberta,8.4
2021-06,Alberta,0.7
2021-06,Alberta,0.7
2021-06,Alberta,0.9
2021-06,Alberta,8.7
2021-06,Alberta,8.4
2021-06,Alberta,0.7
2021-06,Alberta,0.7
2021-06,Alberta,0.9
2021-06,Alberta,20.1
2021-06,Alberta,19.1
2021-06,Alberta,2.7
2021-06,Alberta,2.8
2021-06,Alberta,3.4
2021-06,Alberta,17.6
2021-06,Alberta,19.9
2021-06,Alberta,7.3
2021-06,Alberta,6.7
2021-06,Alberta,0.7
2021-06,Alberta,0.6
2021-06,Alberta,0.8
2021-06,Alberta,6.7
2021-06,Alberta,6.2
2021-06,Alberta,0.8
2021-06,Alberta,0.8
2021-06,Alberta,1.0
2021-06,Alberta,9.1
2021-06,Alberta,8.5
2021-06,Alberta,1.4
2021-06,Alberta,1.3
2021-06,Alberta,1.9
2021-06,Alberta,8.8
2021-06,Alberta,8.3
2021-06,Alberta,0.7
2021-06,Alberta,0.8
2021-06,Alberta,0.9
2021-06,Alberta,8.6
2021-06,Alberta,8.4
2021-06,Alberta,0.8
2021-06,Alberta,0.8
2021-06,Alberta,0.9
2021-06,Alberta,13.0
2021-06,Alberta,11.8
2021-06,Alberta,2.8
2021-06,Alberta,3.0
2021-06,Alberta,3.3
2021-06,Alberta,19.1
2021-06,Alberta,7.7
2021-06,Alberta,8.1
2021-06,Alberta,7.6
2021-06,Alberta,0.7
2021-06,Alberta,0.7
2021-06,Alberta,0.9
2021-06,Alberta,8.2
2021-06,Alberta,7.9
2021-06,Alberta,0.8
2021-06,Alberta,0.8
2021-06,Alberta,1.0
2021-06,Alberta,7.7
2021-06,Alberta,6.7
2021-06,Alberta,1.6
2021-06,Alberta,1.6
2021-06,Alberta,1.9
2021-07,Alberta,8.4
2021-07,Alberta,8.6
2021-07,Alberta,0.5
2021-07,Alberta,0.5
2021-07,Alberta,0.7
2021-07,Alberta,8.3
2021-07,Alberta,8.5
2021-07,Alberta,0.5
2021-07,Alberta,0.5
2021-07,Alberta,0.7
2021-07,Alberta,12.9
2021-07,Alberta,13.6
2021-07,Alberta,1.8
2021-07,Alberta,1.9
2021-07,Alberta,2.5
2021-07,Alberta,16.4
2021-07,Alberta,12.0
2021-07,Alberta,7.7
2021-07,Alberta,7.7
2021-07,Alberta,0.5
2021-07,Alberta,0.4
2021-07,Alberta,0.6
2021-07,Alberta,7.1
2021-07,Alberta,7.1
2021-07,Alberta,0.6
2021-07,Alberta,0.5
2021-07,Alberta,0.7
2021-07,Alberta,9.7
2021-07,Alberta,9.6
2021-07,Alberta,1.1
2021-07,Alberta,1.0
2021-07,Alberta,1.5
2021-07,Alberta,8.7
2021-07,Alberta,8.1
2021-07,Alberta,0.7
2021-07,Alberta,0.6
2021-07,Alberta,0.9
2021-07,Alberta,8.2
2021-07,Alberta,8.0
2021-07,Alberta,0.7
2021-07,Alberta,0.6
2021-07,Alberta,0.9
2021-07,Alberta,14.8
2021-07,Alberta,14.8
2021-07,Alberta,2.7
2021-07,Alberta,2.6
2021-07,Alberta,3.6
2021-07,Alberta,15.0
2021-07,Alberta,14.5
2021-07,Alberta,7.8
2021-07,Alberta,7.0
2021-07,Alberta,0.7
2021-07,Alberta,0.6
2021-07,Alberta,0.9
2021-07,Alberta,7.2
2021-07,Alberta,6.2
2021-07,Alberta,0.7
2021-07,Alberta,0.7
2021-07,Alberta,1.0
2021-07,Alberta,9.9
2021-07,Alberta,9.5
2021-07,Alberta,1.4
2021-07,Alberta,1.3
2021-07,Alberta,1.9
2021-07,Alberta,8.1
2021-07,Alberta,9.1
2021-07,Alberta,0.7
2021-07,Alberta,0.7
2021-07,Alberta,0.9
2021-07,Alberta,8.4
2021-07,Alberta,9.2
2021-07,Alberta,0.7
2021-07,Alberta,0.7
2021-07,Alberta,1.0
2021-07,Alberta,10.9
2021-07,Alberta,12.4
2021-07,Alberta,2.5
2021-07,Alberta,2.6
2021-07,Alberta,3.6
2021-07,Alberta,17.9
2021-07,Alberta,9.2
2021-07,Alberta,7.6
2021-07,Alberta,8.5
2021-07,Alberta,0.7
2021-07,Alberta,0.7
2021-07,Alberta,0.9
2021-07,Alberta,7.1
2021-07,Alberta,8.2
2021-07,Alberta,0.8
2021-07,Alberta,0.8
2021-07,Alberta,1.0
2021-07,Alberta,9.4
2021-07,Alberta,9.7
2021-07,Alberta,1.6
2021-07,Alberta,1.5
2021-07,Alberta,2.1
2021-08,Alberta,8.0
2021-08,Alberta,8.6
2021-08,Alberta,0.5
2021-08,Alberta,0.5
2021-08,Alberta,0.7
2021-08,Alberta,7.7
2021-08,Alberta,8.5
2021-08,Alberta,0.5
2021-08,Alberta,0.5
2021-08,Alberta,0.7
2021-08,Alberta,13.7
2021-08,Alberta,14.3
2021-08,Alberta,1.8
2021-08,Alberta,1.9
2021-08,Alberta,2.5
2021-08,Alberta,17.3
2021-08,Alberta,12.3
2021-08,Alberta,7.1
2021-08,Alberta,7.6
2021-08,Alberta,0.5
2021-08,Alberta,0.4
2021-08,Alberta,0.6
2021-08,Alberta,6.5
2021-08,Alberta,6.9
2021-08,Alberta,0.6
2021-08,Alberta,0.5
2021-08,Alberta,0.7
2021-08,Alberta,9.1
2021-08,Alberta,9.7
2021-08,Alberta,1.1
2021-08,Alberta,1.0
2021-08,Alberta,1.5
2021-08,Alberta,8.5
2021-08,Alberta,8.0
2021-08,Alberta,0.7
2021-08,Alberta,0.6
2021-08,Alberta,0.9
2021-08,Alberta,8.0
2021-08,Alberta,7.7
2021-08,Alberta,0.7
2021-08,Alberta,0.6
2021-08,Alberta,0.9
2021-08,Alberta,17.9
2021-08,Alberta,17.2
2021-08,Alberta,2.7
2021-08,Alberta,2.6
2021-08,Alberta,3.6
2021-08,Alberta,18.3
2021-08,Alberta,16.5
2021-08,Alberta,7.1
2021-08,Alberta,6.4
2021-08,Alberta,0.7
2021-08,Alberta,0.6
2021-08,Alberta,0.9
2021-08,Alberta,6.1
2021-08,Alberta,5.5
2021-08,Alberta,0.7
2021-08,Alberta,0.7
2021-08,Alberta,1.0
2021-08,Alberta,10.1
2021-08,Alberta,9.5
2021-08,Alberta,1.4
2021-08,Alberta,1.3
2021-08,Alberta,1.9
2021-08,Alberta,7.5
2021-08,Alberta,9.3
2021-08,Alberta,0.7
2021-08,Alberta,0.7
2021-08,Alberta,0.9
2021-08,Alberta,7.4
2021-08,Alberta,9.4
2021-08,Alberta,0.7
2021-08,Alberta,0.7
2021-08,Alberta,1.0
2021-08,Alberta,9.4
2021-08,Alberta,11.1
2021-08,Alberta,2.5
2021-08,Alberta,2.6
2021-08,Alberta,3.6
2021-08,Alberta,16.4
2021-08,Alberta,7.6
2021-08,Alberta,7.2
2021-08,Alberta,8.9
2021-08,Alberta,0.7
2021-08,Alberta,0.7
2021-08,Alberta,0.9
2021-08,Alberta,7.0
2021-08,Alberta,8.6
2021-08,Alberta,0.8
2021-08,Alberta,0.8
2021-08,Alberta,1.0
2021-08,Alberta,7.9
2021-08,Alberta,10.0
2021-08,Alberta,1.6
2021-08,Alberta,1.5
2021-08,Alberta,2.1
2021-09,Alberta,7.8
2021-09,Alberta,7.2
2021-09,Alberta,0.5
2021-09,Alberta,0.5
2021-09,Alberta,0.7
2021-09,Alberta,7.6
2021-09,Alberta,7.0
2021-09,Alberta,0.5
2021-09,Alberta,0.5
2021-09,Alberta,0.7
2021-09,Alberta,12.2
2021-09,Alberta,13.3
2021-09,Alberta,1.8
2021-09,Alberta,1.9
2021-09,Alberta,2.5
2021-09,Alberta,14.3
2021-09,Alberta,12.7
2021-09,Alberta,7.1
2021-09,Alberta,6.3
2021-09,Alberta,0.5
2021-09,Alberta,0.4
2021-09,Alberta,0.6
2021-09,Alberta,6.2
2021-09,Alberta,5.3
2021-09,Alberta,0.6
2021-09,Alberta,0.5
2021-09,Alberta,0.7
2021-09,Alberta,9.9
2021-09,Alberta,9.4
2021-09,Alberta,1.1
2021-09,Alberta,1.0
2021-09,Alberta,1.5
2021-09,Alberta,8.5
2021-09,Alberta,7.7
2021-09,Alberta,0.7
2021-09,Alberta,0.6
2021-09,Alberta,0.9
2021-09,Alberta,8.3
2021-09,Alberta,7.3
2021-09,Alberta,0.7
2021-09,Alberta,0.6
2021-09,Alberta,0.9
2021-09,Alberta,17.9
2021-09,Alberta,19.4
2021-09,Alberta,2.7
2021-09,Alberta,2.6
2021-09,Alberta,3.6
2021-09,Alberta,18.4
2021-09,Alberta,19.8
2021-09,Alberta,7.1
2021-09,Alberta,5.9
2021-09,Alberta,0.7
2021-09,Alberta,0.6
2021-09,Alberta,0.9
2021-09,Alberta,6.2
2021-09,Alberta,5.1
2021-09,Alberta,0.7
2021-09,Alberta,0.7
2021-09,Alberta,1.0
2021-09,Alberta,9.8
2021-09,Alberta,8.7
2021-09,Alberta,1.4
2021-09,Alberta,1.3
2021-09,Alberta,1.9
2021-09,Alberta,7.0
2021-09,Alberta,6.7
2021-09,Alberta,0.7
2021-09,Alberta,0.7
2021-09,Alberta,0.9
2021-09,Alberta,6.7
2021-09,Alberta,6.6
2021-09,Alberta,0.7
2021-09,Alberta,0.7
2021-09,Alberta,1.0
2021-09,Alberta,6.2
2021-09,Alberta,6.8
2021-09,Alberta,2.5
2021-09,Alberta,2.6
2021-09,Alberta,3.6
2021-09,Alberta,10.1
2021-09,Alberta,4.4
2021-09,Alberta,7.1
2021-09,Alberta,6.7
2021-09,Alberta,0.7
2021-09,Alberta,0.7
2021-09,Alberta,0.9
2021-09,Alberta,6.2
2021-09,Alberta,5.6
2021-09,Alberta,0.8
2021-09,Alberta,0.8
2021-09,Alberta,1.0
2021-09,Alberta,10.2
2021-09,Alberta,10.4
2021-09,Alberta,1.6
2021-09,Alberta,1.5
2021-09,Alberta,2.1
2021-10,Alberta,7.8
2021-10,Alberta,6.7
2021-10,Alberta,0.5
2021-10,Alberta,0.5
2021-10,Alberta,0.7
2021-10,Alberta,7.4
2021-10,Alberta,6.6
2021-10,Alberta,0.5
2021-10,Alberta,0.5
2021-10,Alberta,0.7
2021-10,Alberta,13.4
2021-10,Alberta,11.5
2021-10,Alberta,1.8
2021-10,Alberta,1.9
2021-10,Alberta,2.5
2021-10,Alberta,15.2
2021-10,Alberta,9.1
2021-10,Alberta,6.9
2021-10,Alberta,6.0
2021-10,Alberta,0.5
2021-10,Alberta,0.4
2021-10,Alberta,0.6
2021-10,Alberta,6.5
2021-10,Alberta,5.5
2021-10,Alberta,0.6
2021-10,Alberta,0.5
2021-10,Alberta,0.7
2021-10,Alberta,8.2
2021-10,Alberta,7.7
2021-10,Alberta,1.1
2021-10,Alberta,1.0
2021-10,Alberta,1.5
2021-10,Alberta,7.9
2021-10,Alberta,6.5
2021-10,Alberta,0.7
2021-10,Alberta,0.6
2021-10,Alberta,0.9
2021-10,Alberta,7.3
2021-10,Alberta,6.2
2021-10,Alberta,0.7
2021-10,Alberta,0.6
2021-10,Alberta,0.9
2021-10,Alberta,15.0
2021-10,Alberta,13.0
2021-10,Alberta,2.7
2021-10,Alberta,2.6
2021-10,Alberta,3.6
2021-10,Alberta,13.5
2021-10,Alberta,12.7
2021-10,Alberta,6.9
2021-10,Alberta,5.5
2021-10,Alberta,0.7
2021-10,Alberta,0.6
2021-10,Alberta,0.9
2021-10,Alberta,6.5
2021-10,Alberta,5.1
2021-10,Alberta,0.7
2021-10,Alberta,0.7
2021-10,Alberta,1.0
2021-10,Alberta,8.1
2021-10,Alberta,6.8
2021-10,Alberta,1.4
2021-10,Alberta,1.3
2021-10,Alberta,1.9
2021-10,Alberta,7.6
2021-10,Alberta,7.0
2021-10,Alberta,0.7
2021-10,Alberta,0.7
2021-10,Alberta,0.9
2021-10,Alberta,7.5
2021-10,Alberta,7.0
2021-10,Alberta,0.7
2021-10,Alberta,0.7
2021-10,Alberta,1.0
2021-10,Alberta,11.7
2021-10,Alberta,10.0
2021-10,Alberta,2.5
2021-10,Alberta,2.6
2021-10,Alberta,3.6
2021-10,Alberta,16.7
2021-10,Alberta,5.2
2021-10,Alberta,6.9
2021-10,Alberta,6.5
2021-10,Alberta,0.7
2021-10,Alberta,0.7
2021-10,Alberta,0.9
2021-10,Alberta,6.5
2021-10,Alberta,5.8
2021-10,Alberta,0.8
2021-10,Alberta,0.8
2021-10,Alberta,1.0
2021-10,Alberta,8.4
2021-10,Alberta,8.9
2021-10,Alberta,1.6
2021-10,Alberta,1.5
2021-10,Alberta,2.1
2021-11,Alberta,7.4
2021-11,Alberta,7.1
2021-11,Alberta,0.5
2021-11,Alberta,0.5
2021-11,Alberta,0.7
2021-11,Alberta,7.2
2021-11,Alberta,6.9
2021-11,Alberta,0.5
2021-11,Alberta,0.5
2021-11,Alberta,0.7
2021-11,Alberta,13.1
2021-11,Alberta,13.0
2021-11,Alberta,1.8
2021-11,Alberta,1.9
2021-11,Alberta,2.5
2021-11,Alberta,14.8
2021-11,Alberta,11.8
2021-11,Alberta,6.4
2021-11,Alberta,6.2
2021-11,Alberta,0.5
2021-11,Alberta,0.4
2021-11,Alberta,0.6
2021-11,Alberta,6.1
2021-11,Alberta,5.8
2021-11,Alberta,0.6
2021-11,Alberta,0.5
2021-11,Alberta,0.7
2021-11,Alberta,7.6
2021-11,Alberta,7.5
2021-11,Alberta,1.1
2021-11,Alberta,1.0
2021-11,Alberta,1.5
2021-11,Alberta,7.7
2021-11,Alberta,7.5
2021-11,Alberta,0.7
2021-11,Alberta,0.6
2021-11,Alberta,0.9
2021-11,Alberta,7.3
2021-11,Alberta,7.2
2021-11,Alberta,0.7
2021-11,Alberta,0.6
2021-11,Alberta,0.9
2021-11,Alberta,14.0
2021-11,Alberta,14.7
2021-11,Alberta,2.7
2021-11,Alberta,2.6
2021-11,Alberta,3.6
2021-11,Alberta,15.2
2021-11,Alberta,14.4
2021-11,Alberta,6.7
2021-11,Alberta,6.5
2021-11,Alberta,0.7
2021-11,Alberta,0.6
2021-11,Alberta,0.9
2021-11,Alberta,6.3
2021-11,Alberta,6.1
2021-11,Alberta,0.7
2021-11,Alberta,0.7
2021-11,Alberta,1.0
2021-11,Alberta,8.2
2021-11,Alberta,7.7
2021-11,Alberta,1.4
2021-11,Alberta,1.3
2021-11,Alberta,1.9
2021-11,Alberta,7.0
2021-11,Alberta,6.6
2021-11,Alberta,0.7
2021-11,Alberta,0.7
2021-11,Alberta,0.9
2021-11,Alberta,7.1
2021-11,Alberta,6.6
2021-11,Alberta,0.7
2021-11,Alberta,0.7
2021-11,Alberta,1.0
2021-11,Alberta,12.3
2021-11,Alberta,11.2
2021-11,Alberta,2.5
2021-11,Alberta,2.6
2021-11,Alberta,3.6
2021-11,Alberta,14.5
2021-11,Alberta,8.7
2021-11,Alberta,6.1
2021-11,Alberta,5.8
2021-11,Alberta,0.7
2021-11,Alberta,0.7
2021-11,Alberta,0.9
2021-11,Alberta,5.9
2021-11,Alberta,5.5
2021-11,Alberta,0.8
2021-11,Alberta,0.8
2021-11,Alberta,1.0
2021-11,Alberta,7.0
2021-11,Alberta,7.1
2021-11,Alberta,1.6
2021-11,Alberta,1.5
2021-11,Alberta,2.1
2021-12,Alberta,6.9
2021-12,Alberta,6.5
2021-12,Alberta,0.5
2021-12,Alberta,0.5
2021-12,Alberta,0.7
2021-12,Alberta,6.8
2021-12,Alberta,6.3
2021-12,Alberta,0.5
2021-12,Alberta,0.5
2021-12,Alberta,0.7
2021-12,Alberta,12.4
2021-12,Alberta,10.9
2021-12,Alberta,1.8
2021-12,Alberta,1.9
2021-12,Alberta,2.5
2021-12,Alberta,12.5
2021-12,Alberta,9.9
2021-12,Alberta,6.0
2021-12,Alberta,5.9
2021-12,Alberta,0.5
2021-12,Alberta,0.4
2021-12,Alberta,0.6
2021-12,Alberta,5.4
2021-12,Alberta,5.1
2021-12,Alberta,0.6
2021-12,Alberta,0.5
2021-12,Alberta,0.7
2021-12,Alberta,8.3
2021-12,Alberta,8.5
2021-12,Alberta,1.1
2021-12,Alberta,1.0
2021-12,Alberta,1.5
2021-12,Alberta,6.8
2021-12,Alberta,6.7
2021-12,Alberta,0.7
2021-12,Alberta,0.6
2021-12,Alberta,0.9
2021-12,Alberta,6.6
2021-12,Alberta,6.3
2021-12,Alberta,0.7
2021-12,Alberta,0.6
2021-12,Alberta,0.9
2021-12,Alberta,14.0
2021-12,Alberta,13.0
2021-12,Alberta,2.7
2021-12,Alberta,2.6
2021-12,Alberta,3.6
2021-12,Alberta,15.7
2021-12,Alberta,11.1
2021-12,Alberta,5.8
2021-12,Alberta,5.8
2021-12,Alberta,0.7
2021-12,Alberta,0.6
2021-12,Alberta,0.9
2021-12,Alberta,4.7
2021-12,Alberta,4.6
2021-12,Alberta,0.7
2021-12,Alberta,0.7
2021-12,Alberta,1.0
2021-12,Alberta,9.2
2021-12,Alberta,9.2
2021-12,Alberta,1.4
2021-12,Alberta,1.3
2021-12,Alberta,1.9
2021-12,Alberta,7.0
2021-12,Alberta,6.4
2021-12,Alberta,0.7
2021-12,Alberta,0.7
2021-12,Alberta,0.9
2021-12,Alberta,7.0
2021-12,Alberta,6.4
2021-12,Alberta,0.7
2021-12,Alberta,0.7
2021-12,Alberta,1.0
2021-12,Alberta,10.8
2021-12,Alberta,8.8
2021-12,Alberta,2.5
2021-12,Alberta,2.6
2021-12,Alberta,3.6
2021-12,Alberta,9.0
2021-12,Alberta,8.6
2021-12,Alberta,6.4
2021-12,Alberta,6.1
2021-12,Alberta,0.7
2021-12,Alberta,0.7
2021-12,Alberta,0.9
2021-12,Alberta,6.1
2021-12,Alberta,5.6
2021-12,Alberta,0.8
2021-12,Alberta,0.8
2021-12,Alberta,1.0
2021-12,Alberta,7.3
2021-12,Alberta,7.6
2021-12,Alberta,1.6
2021-12,Alberta,1.5
2021-12,Alberta,2.1
2022-01,Alberta,6.9
2022-01,Alberta,7.4
2022-01,Alberta,0.5
2022-01,Alberta,0.4
2022-01,Alberta,0.7
2022-01,Alberta,6.8
2022-01,Alberta,7.2
2022-01,Alberta,0.5
2022-01,Alberta,0.4
2022-01,Alberta,0.7
2022-01,Alberta,12.6
2022-01,Alberta,12.5
2022-01,Alberta,1.6
2022-01,Alberta,1.7
2022-01,Alberta,2.6
2022-01,Alberta,17.3
2022-01,Alberta,9.5
2022-01,Alberta,5.9
2022-01,Alberta,6.6
2022-01,Alberta,0.5
2022-01,Alberta,0.4
2022-01,Alberta,0.7
2022-01,Alberta,5.3
2022-01,Alberta,6.0
2022-01,Alberta,0.5
2022-01,Alberta,0.5
2022-01,Alberta,0.8
2022-01,Alberta,8.1
2022-01,Alberta,8.6
2022-01,Alberta,1.0
2022-01,Alberta,0.9
2022-01,Alberta,1.5
2022-01,Alberta,6.4
2022-01,Alberta,7.3
2022-01,Alberta,0.6
2022-01,Alberta,0.6
2022-01,Alberta,0.9
2022-01,Alberta,6.5
2022-01,Alberta,7.0
2022-01,Alberta,0.6
2022-01,Alberta,0.6
2022-01,Alberta,0.9
2022-01,Alberta,13.1
2022-01,Alberta,13.2
2022-01,Alberta,2.3
2022-01,Alberta,2.4
2022-01,Alberta,3.5
2022-01,Alberta,16.1
2022-01,Alberta,11.3
2022-01,Alberta,5.4
2022-01,Alberta,6.5
2022-01,Alberta,0.6
2022-01,Alberta,0.5
2022-01,Alberta,0.9
2022-01,Alberta,4.5
2022-01,Alberta,5.7
2022-01,Alberta,0.7
2022-01,Alberta,0.7
2022-01,Alberta,1.0
2022-01,Alberta,8.2
2022-01,Alberta,9.2
2022-01,Alberta,1.4
2022-01,Alberta,1.2
2022-01,Alberta,1.9
2022-01,Alberta,7.4
2022-01,Alberta,7.4
2022-01,Alberta,0.6
2022-01,Alberta,0.6
2022-01,Alberta,1.0
2022-01,Alberta,7.1
2022-01,Alberta,7.3
2022-01,Alberta,0.7
2022-01,Alberta,0.6
2022-01,Alberta,1.0
2022-01,Alberta,12.0
2022-01,Alberta,11.8
2022-01,Alberta,2.1
2022-01,Alberta,2.3
2022-01,Alberta,3.6
2022-01,Alberta,18.4
2022-01,Alberta,7.8
2022-01,Alberta,6.6
2022-01,Alberta,6.7
2022-01,Alberta,0.7
2022-01,Alberta,0.6
2022-01,Alberta,1.0
2022-01,Alberta,6.2
2022-01,Alberta,6.4
2022-01,Alberta,0.8
2022-01,Alberta,0.8
2022-01,Alberta,1.1
2022-01,Alberta,7.9
2022-01,Alberta,7.8
2022-01,Alberta,1.5
2022-01,Alberta,1.4
2022-01,Alberta,2.2
2022-02,Alberta,6.6
2022-02,Alberta,7.1
2022-02,Alberta,0.5
2022-02,Alberta,0.4
2022-02,Alberta,0.7
2022-02,Alberta,6.6
2022-02,Alberta,7.0
2022-02,Alberta,0.5
2022-02,Alberta,0.4
2022-02,Alberta,0.7
2022-02,Alberta,12.4
2022-02,Alberta,12.8
2022-02,Alberta,1.6
2022-02,Alberta,1.7
2022-02,Alberta,2.6
2022-02,Alberta,17.3
2022-02,Alberta,10.0
2022-02,Alberta,5.6
2022-02,Alberta,6.2
2022-02,Alberta,0.5
2022-02,Alberta,0.4
2022-02,Alberta,0.7
2022-02,Alberta,5.0
2022-02,Alberta,5.7
2022-02,Alberta,0.5
2022-02,Alberta,0.5
2022-02,Alberta,0.8
2022-02,Alberta,7.6
2022-02,Alberta,8.1
2022-02,Alberta,1.0
2022-02,Alberta,0.9
2022-02,Alberta,1.5
2022-02,Alberta,6.6
2022-02,Alberta,7.5
2022-02,Alberta,0.6
2022-02,Alberta,0.6
2022-02,Alberta,0.9
2022-02,Alberta,6.5
2022-02,Alberta,7.4
2022-02,Alberta,0.6
2022-02,Alberta,0.6
2022-02,Alberta,0.9
2022-02,Alberta,12.6
2022-02,Alberta,12.9
2022-02,Alberta,2.3
2022-02,Alberta,2.4
2022-02,Alberta,3.5
2022-02,Alberta,15.7
2022-02,Alberta,11.1
2022-02,Alberta,5.7
2022-02,Alberta,6.8
2022-02,Alberta,0.6
2022-02,Alberta,0.5
2022-02,Alberta,0.9
2022-02,Alberta,5.1
2022-02,Alberta,6.2
2022-02,Alberta,0.7
2022-02,Alberta,0.7
2022-02,Alberta,1.0
2022-02,Alberta,7.6
2022-02,Alberta,8.7
2022-02,Alberta,1.4
2022-02,Alberta,1.2
2022-02,Alberta,1.9
2022-02,Alberta,6.5
2022-02,Alberta,6.6
2022-02,Alberta,0.6
2022-02,Alberta,0.6
2022-02,Alberta,1.0
2022-02,Alberta,6.6
2022-02,Alberta,6.5
2022-02,Alberta,0.7
2022-02,Alberta,0.6
2022-02,Alberta,1.0
2022-02,Alberta,12.3
2022-02,Alberta,12.7
2022-02,Alberta,2.1
2022-02,Alberta,2.3
2022-02,Alberta,3.6
2022-02,Alberta,18.9
2022-02,Alberta,8.7
2022-02,Alberta,5.5
2022-02,Alberta,5.6
2022-02,Alberta,0.7
2022-02,Alberta,0.6
2022-02,Alberta,1.0
2022-02,Alberta,4.9
2022-02,Alberta,5.1
2022-02,Alberta,0.8
2022-02,Alberta,0.8
2022-02,Alberta,1.1
2022-02,Alberta,7.7
2022-02,Alberta,7.3
2022-02,Alberta,1.5
2022-02,Alberta,1.4
2022-02,Alberta,2.2
2022-03,Alberta,6.3
2022-03,Alberta,6.7
2022-03,Alberta,0.5
2022-03,Alberta,0.4
2022-03,Alberta,0.7
2022-03,Alberta,6.4
2022-03,Alberta,6.6
2022-03,Alberta,0.5
2022-03,Alberta,0.4
2022-03,Alberta,0.7
2022-03,Alberta,11.3
2022-03,Alberta,12.0
2022-03,Alberta,1.6
2022-03,Alberta,1.7
2022-03,Alberta,2.6
2022-03,Alberta,13.9
2022-03,Alberta,10.8
2022-03,Alberta,5.5
2022-03,Alberta,5.8
2022-03,Alberta,0.5
2022-03,Alberta,0.4
2022-03,Alberta,0.7
2022-03,Alberta,4.9
2022-03,Alberta,5.3
2022-03,Alberta,0.5
2022-03,Alberta,0.5
2022-03,Alberta,0.8
2022-03,Alberta,7.4
2022-03,Alberta,7.7
2022-03,Alberta,1.0
2022-03,Alberta,0.9
2022-03,Alberta,1.5
2022-03,Alberta,6.0
2022-03,Alberta,6.8
2022-03,Alberta,0.6
2022-03,Alberta,0.6
2022-03,Alberta,0.9
2022-03,Alberta,6.1
2022-03,Alberta,6.7
2022-03,Alberta,0.6
2022-03,Alberta,0.6
2022-03,Alberta,0.9
2022-03,Alberta,9.6
2022-03,Alberta,10.8
2022-03,Alberta,2.3
2022-03,Alberta,2.4
2022-03,Alberta,3.5
2022-03,Alberta,12.5
2022-03,Alberta,10.0
2022-03,Alberta,5.4
2022-03,Alberta,6.2
2022-03,Alberta,0.6
2022-03,Alberta,0.5
2022-03,Alberta,0.9
2022-03,Alberta,5.2
2022-03,Alberta,6.1
2022-03,Alberta,0.7
2022-03,Alberta,0.7
2022-03,Alberta,1.0
2022-03,Alberta,6.1
2022-03,Alberta,6.8
2022-03,Alberta,1.4
2022-03,Alberta,1.2
2022-03,Alberta,1.9
2022-03,Alberta,6.6
2022-03,Alberta,6.5
2022-03,Alberta,0.6
2022-03,Alberta,0.6
2022-03,Alberta,1.0
2022-03,Alberta,6.8
2022-03,Alberta,6.4
2022-03,Alberta,0.7
2022-03,Alberta,0.6
2022-03,Alberta,1.0
2022-03,Alberta,12.9
2022-03,Alberta,13.1
2022-03,Alberta,2.1
2022-03,Alberta,2.3
2022-03,Alberta,3.6
2022-03,Alberta,15.2
2022-03,Alberta,11.8
2022-03,Alberta,5.5
2022-03,Alberta,5.4
2022-03,Alberta,0.7
2022-03,Alberta,0.6
2022-03,Alberta,1.0
2022-03,Alberta,4.5
2022-03,Alberta,4.4
2022-03,Alberta,0.8
2022-03,Alberta,0.8
2022-03,Alberta,1.1
2022-03,Alberta,9.0
2022-03,Alberta,8.8
2022-03,Alberta,1.5
2022-03,Alberta,1.4
2022-03,Alberta,2.2
2022-04,Alberta,6.1
2022-04,Alberta,6.5
2022-04,Alberta,0.5
2022-04,Alberta,0.4
2022-04,Alberta,0.7
2022-04,Alberta,6.1
2022-04,Alberta,6.4
2022-04,Alberta,0.5
2022-04,Alberta,0.4
2022-04,Alberta,0.7
2022-04,Alberta,10.8
2022-04,Alberta,10.8
2022-04,Alberta,1.6
2022-04,Alberta,1.7
2022-04,Alberta,2.6
2022-04,Alberta,11.6
2022-04,Alberta,10.3
2022-04,Alberta,5.3
2022-04,Alberta,5.8
2022-04,Alberta,0.5
2022-04,Alberta,0.4
2022-04,Alberta,0.7
2022-04,Alberta,4.6
2022-04,Alberta,5.2
2022-04,Alberta,0.5
2022-04,Alberta,0.5
2022-04,Alberta,0.8
2022-04,Alberta,7.7
2022-04,Alberta,7.9
2022-04,Alberta,1.0
2022-04,Alberta,0.9
2022-04,Alberta,1.5
2022-04,Alberta,5.9
2022-04,Alberta,6.7
2022-04,Alberta,0.6
2022-04,Alberta,0.6
2022-04,Alberta,0.9
2022-04,Alberta,5.9
2022-04,Alberta,6.6
2022-04,Alberta,0.6
2022-04,Alberta,0.6
2022-04,Alberta,0.9
2022-04,Alberta,11.1
2022-04,Alberta,11.0
2022-04,Alberta,2.3
2022-04,Alberta,2.4
2022-04,Alberta,3.5
2022-04,Alberta,14.6
2022-04,Alberta,8.7
2022-04,Alberta,5.1
2022-04,Alberta,6.1
2022-04,Alberta,0.6
2022-04,Alberta,0.5
2022-04,Alberta,0.9
2022-04,Alberta,4.4
2022-04,Alberta,5.4
2022-04,Alberta,0.7
2022-04,Alberta,0.7
2022-04,Alberta,1.0
2022-04,Alberta,7.4
2022-04,Alberta,8.3
2022-04,Alberta,1.4
2022-04,Alberta,1.2
2022-04,Alberta,1.9
2022-04,Alberta,6.2
2022-04,Alberta,6.2
2022-04,Alberta,0.6
2022-04,Alberta,0.6
2022-04,Alberta,1.0
2022-04,Alberta,6.4
2022-04,Alberta,6.2
2022-04,Alberta,0.7
2022-04,Alberta,0.6
2022-04,Alberta,1.0
2022-04,Alberta,10.5
2022-04,Alberta,10.6
2022-04,Alberta,2.1
2022-04,Alberta,2.3
2022-04,Alberta,3.6
2022-04,Alberta,8.7
2022-04,Alberta,11.8
2022-04,Alberta,5.5
2022-04,Alberta,5.5
2022-04,Alberta,0.7
2022-04,Alberta,0.6
2022-04,Alberta,1.0
2022-04,Alberta,4.8
2022-04,Alberta,4.9
2022-04,Alberta,0.8
2022-04,Alberta,0.8
2022-04,Alberta,1.1
2022-04,Alberta,8.0
2022-04,Alberta,7.5
2022-04,Alberta,1.5
2022-04,Alberta,1.4
2022-04,Alberta,2.2
2022-05,Alberta,5.9
2022-05,Alberta,5.6
2022-05,Alberta,0.5
2022-05,Alberta,0.4
2022-05,Alberta,0.7
2022-05,Alberta,5.9
2022-05,Alberta,5.6
2022-05,Alberta,0.5
2022-05,Alberta,0.4
2022-05,Alberta,0.7
2022-05,Alberta,12.1
2022-05,Alberta,11.6
2022-05,Alberta,1.6
2022-05,Alberta,1.7
2022-05,Alberta,2.6
2022-05,Alberta,11.6
2022-05,Alberta,11.5
2022-05,Alberta,4.8
2022-05,Alberta,4.6
2022-05,Alberta,0.5
2022-05,Alberta,0.4
2022-05,Alberta,0.7
2022-05,Alberta,4.5
2022-05,Alberta,4.3
2022-05,Alberta,0.5
2022-05,Alberta,0.5
2022-05,Alberta,0.8
2022-05,Alberta,6.1
2022-05,Alberta,5.3
2022-05,Alberta,1.0
2022-05,Alberta,0.9
2022-05,Alberta,1.5
2022-05,Alberta,5.7
2022-05,Alberta,5.4
2022-05,Alberta,0.6
2022-05,Alberta,0.6
2022-05,Alberta,0.9
2022-05,Alberta,5.7
2022-05,Alberta,5.4
2022-05,Alberta,0.6
2022-05,Alberta,0.6
2022-05,Alberta,0.9
2022-05,Alberta,13.2
2022-05,Alberta,12.4
2022-05,Alberta,2.3
2022-05,Alberta,2.4
2022-05,Alberta,3.5
2022-05,Alberta,12.1
2022-05,Alberta,12.5
2022-05,Alberta,4.6
2022-05,Alberta,4.3
2022-05,Alberta,0.6
2022-05,Alberta,0.5
2022-05,Alberta,0.9
2022-05,Alberta,4.6
2022-05,Alberta,4.3
2022-05,Alberta,0.7
2022-05,Alberta,0.7
2022-05,Alberta,1.0
2022-05,Alberta,4.4
2022-05,Alberta,4.2
2022-05,Alberta,1.4
2022-05,Alberta,1.2
2022-05,Alberta,1.9
2022-05,Alberta,6.0
2022-05,Alberta,5.8
2022-05,Alberta,0.6
2022-05,Alberta,0.6
2022-05,Alberta,1.0
2022-05,Alberta,6.2
2022-05,Alberta,5.9
2022-05,Alberta,0.7
2022-05,Alberta,0.6
2022-05,Alberta,1.0
2022-05,Alberta,11.0
2022-05,Alberta,10.7
2022-05,Alberta,2.1
2022-05,Alberta,2.3
2022-05,Alberta,3.6
2022-05,Alberta,11.0
2022-05,Alberta,10.5
2022-05,Alberta,5.2
2022-05,Alberta,4.9
2022-05,Alberta,0.7
2022-05,Alberta,0.6
2022-05,Alberta,1.0
2022-05,Alberta,4.3
2022-05,Alberta,4.4
2022-05,Alberta,0.8
2022-05,Alberta,0.8
2022-05,Alberta,1.1
2022-05,Alberta,8.1
2022-05,Alberta,6.7
2022-05,Alberta,1.5
2022-05,Alberta,1.4
2022-05,Alberta,2.2
2022-06,Alberta,5.2
2022-06,Alberta,4.9
2022-06,Alberta,0.5
2022-06,Alberta,0.4
2022-06,Alberta,0.7
2022-06,Alberta,5.2
2022-06,Alberta,5.0
2022-06,Alberta,0.5
2022-06,Alberta,0.4
2022-06,Alberta,0.7
2022-06,Alberta,11.3
2022-06,Alberta,10.9
2022-06,Alberta,1.6
2022-06,Alberta,1.7
2022-06,Alberta,2.6
2022-06,Alberta,13.0
2022-06,Alberta,9.7
2022-06,Alberta,4.1
2022-06,Alberta,3.9
2022-06,Alberta,0.5
2022-06,Alberta,0.4
2022-06,Alberta,0.7
2022-06,Alberta,4.1
2022-06,Alberta,3.8
2022-06,Alberta,0.5
2022-06,Alberta,0.5
2022-06,Alberta,0.8
2022-06,Alberta,4.5
2022-06,Alberta,4.0
2022-06,Alberta,1.0
2022-06,Alberta,0.9
2022-06,Alberta,1.5
2022-06,Alberta,5.5
2022-06,Alberta,5.4
2022-06,Alberta,0.6
2022-06,Alberta,0.6
2022-06,Alberta,0.9
2022-06,Alberta,5.6
2022-06,Alberta,5.3
2022-06,Alberta,0.6
2022-06,Alberta,0.6
2022-06,Alberta,0.9
2022-06,Alberta,13.5
2022-06,Alberta,13.4
2022-06,Alberta,2.3
2022-06,Alberta,2.4
2022-06,Alberta,3.5
2022-06,Alberta,16.1
2022-06,Alberta,11.6
2022-06,Alberta,4.3
2022-06,Alberta,4.0
2022-06,Alberta,0.6
2022-06,Alberta,0.5
2022-06,Alberta,0.9
2022-06,Alberta,4.0
2022-06,Alberta,3.8
2022-06,Alberta,0.7
2022-06,Alberta,0.7
2022-06,Alberta,1.0
2022-06,Alberta,5.3
2022-06,Alberta,4.9
2022-06,Alberta,1.4
2022-06,Alberta,1.2
2022-06,Alberta,1.9
2022-06,Alberta,4.7
2022-06,Alberta,4.4
2022-06,Alberta,0.6
2022-06,Alberta,0.6
2022-06,Alberta,1.0
2022-06,Alberta,4.7
2022-06,Alberta,4.5
2022-06,Alberta,0.7
2022-06,Alberta,0.6
2022-06,Alberta,1.0
2022-06,Alberta,8.9
2022-06,Alberta,8.3
2022-06,Alberta,2.1
2022-06,Alberta,2.3
2022-06,Alberta,3.6
2022-06,Alberta,9.3
2022-06,Alberta,7.7
2022-06,Alberta,4.0
2022-06,Alberta,3.7
2022-06,Alberta,0.7
2022-06,Alberta,0.6
2022-06,Alberta,1.0
2022-06,Alberta,4.1
2022-06,Alberta,3.9
2022-06,Alberta,0.8
2022-06,Alberta,0.8
2022-06,Alberta,1.1
2022-06,Alberta,3.5
2022-06,Alberta,3.0
2022-06,Alberta,1.5
2022-06,Alberta,1.4
2022-06,Alberta,2.2
2022-07,Alberta,4.9
2022-07,Alberta,5.2
2022-07,Alberta,0.4
2022-07,Alberta,0.4
2022-07,Alberta,0.7
2022-07,Alberta,4.9
2022-07,Alberta,5.3
2022-07,Alberta,0.4
2022-07,Alberta,0.4
2022-07,Alberta,0.7
2022-07,Alberta,10.1
2022-07,Alberta,10.9
2022-07,Alberta,1.4
2022-07,Alberta,1.5
2022-07,Alberta,2.4
2022-07,Alberta,19.1
2022-07,Alberta,5.2
2022-07,Alberta,4.0
2022-07,Alberta,4.2
2022-07,Alberta,0.4
2022-07,Alberta,0.4
2022-07,Alberta,0.6
2022-07,Alberta,3.8
2022-07,Alberta,4.0
2022-07,Alberta,0.4
2022-07,Alberta,0.5
2022-07,Alberta,0.7
2022-07,Alberta,4.7
2022-07,Alberta,4.9
2022-07,Alberta,0.9
2022-07,Alberta,0.9
2022-07,Alberta,1.4
2022-07,Alberta,5.0
2022-07,Alberta,4.9
2022-07,Alberta,0.5
2022-07,Alberta,0.5
2022-07,Alberta,0.9
2022-07,Alberta,5.1
2022-07,Alberta,5.0
2022-07,Alberta,0.5
2022-07,Alberta,0.6
2022-07,Alberta,0.9
2022-07,Alberta,11.7
2022-07,Alberta,11.7
2022-07,Alberta,2.1
2022-07,Alberta,2.2
2022-07,Alberta,3.3
2022-07,Alberta,20.0
2022-07,Alberta,5.8
2022-07,Alberta,4.0
2022-07,Alberta,3.7
2022-07,Alberta,0.5
2022-07,Alberta,0.5
2022-07,Alberta,0.8
2022-07,Alberta,3.7
2022-07,Alberta,3.3
2022-07,Alberta,0.6
2022-07,Alberta,0.6
2022-07,Alberta,1.0
2022-07,Alberta,5.1
2022-07,Alberta,5.1
2022-07,Alberta,1.2
2022-07,Alberta,1.1
2022-07,Alberta,1.9
2022-07,Alberta,4.7
2022-07,Alberta,5.6
2022-07,Alberta,0.6
2022-07,Alberta,0.6
2022-07,Alberta,0.9
2022-07,Alberta,4.7
2022-07,Alberta,5.7
2022-07,Alberta,0.6
2022-07,Alberta,0.6
2022-07,Alberta,0.9
2022-07,Alberta,8.5
2022-07,Alberta,10.0
2022-07,Alberta,1.9
2022-07,Alberta,2.0
2022-07,Alberta,3.2
2022-07,Alberta,18.1
2022-07,Alberta,4.7
2022-07,Alberta,4.0
2022-07,Alberta,4.7
2022-07,Alberta,0.6
2022-07,Alberta,0.6
2022-07,Alberta,0.9
2022-07,Alberta,4.0
2022-07,Alberta,4.8
2022-07,Alberta,0.7
2022-07,Alberta,0.7
2022-07,Alberta,1.0
2022-07,Alberta,4.3
2022-07,Alberta,4.7
2022-07,Alberta,1.4
2022-07,Alberta,1.4
2022-07,Alberta,2.1
2022-08,Alberta,5.6
2022-08,Alberta,6.1
2022-08,Alberta,0.4
2022-08,Alberta,0.4
2022-08,Alberta,0.7
2022-08,Alberta,5.4
2022-08,Alberta,6.3
2022-08,Alberta,0.4
2022-08,Alberta,0.4
2022-08,Alberta,0.7
2022-08,Alberta,10.5
2022-08,Alberta,11.0
2022-08,Alberta,1.4
2022-08,Alberta,1.5
2022-08,Alberta,2.4
2022-08,Alberta,16.2
2022-08,Alberta,7.7
2022-08,Alberta,4.8
2022-08,Alberta,5.2
2022-08,Alberta,0.4
2022-08,Alberta,0.4
2022-08,Alberta,0.6
2022-08,Alberta,4.7
2022-08,Alberta,5.1
2022-08,Alberta,0.4
2022-08,Alberta,0.5
2022-08,Alberta,0.7
2022-08,Alberta,5.1
2022-08,Alberta,5.6
2022-08,Alberta,0.9
2022-08,Alberta,0.9
2022-08,Alberta,1.4
2022-08,Alberta,5.4
2022-08,Alberta,5.0
2022-08,Alberta,0.5
2022-08,Alberta,0.5
2022-08,Alberta,0.9
2022-08,Alberta,5.4
2022-08,Alberta,5.1
2022-08,Alberta,0.5
2022-08,Alberta,0.6
2022-08,Alberta,0.9
2022-08,Alberta,12.2
2022-08,Alberta,11.8
2022-08,Alberta,2.1
2022-08,Alberta,2.2
2022-08,Alberta,3.3
2022-08,Alberta,16.3
2022-08,Alberta,9.1
2022-08,Alberta,4.4
2022-08,Alberta,3.9
2022-08,Alberta,0.5
2022-08,Alberta,0.5
2022-08,Alberta,0.8
2022-08,Alberta,4.3
2022-08,Alberta,3.7
2022-08,Alberta,0.6
2022-08,Alberta,0.6
2022-08,Alberta,1.0
2022-08,Alberta,4.9
2022-08,Alberta,4.5
2022-08,Alberta,1.2
2022-08,Alberta,1.1
2022-08,Alberta,1.9
2022-08,Alberta,5.7
2022-08,Alberta,7.3
2022-08,Alberta,0.6
2022-08,Alberta,0.6
2022-08,Alberta,0.9
2022-08,Alberta,5.3
2022-08,Alberta,7.5
2022-08,Alberta,0.6
2022-08,Alberta,0.6
2022-08,Alberta,0.9
2022-08,Alberta,8.8
2022-08,Alberta,10.1
2022-08,Alberta,1.9
2022-08,Alberta,2.0
2022-08,Alberta,3.2
2022-08,Alberta,16.1
2022-08,Alberta,6.2
2022-08,Alberta,5.2
2022-08,Alberta,6.8
2022-08,Alberta,0.6
2022-08,Alberta,0.6
2022-08,Alberta,0.9
2022-08,Alberta,5.1
2022-08,Alberta,6.7
2022-08,Alberta,0.7
2022-08,Alberta,0.7
2022-08,Alberta,1.0
2022-08,Alberta,5.4
2022-08,Alberta,7.0
2022-08,Alberta,1.4
2022-08,Alberta,1.4
2022-08,Alberta,2.1
2022-09,Alberta,5.4
2022-09,Alberta,5.1
2022-09,Alberta,0.4
2022-09,Alberta,0.4
2022-09,Alberta,0.7
2022-09,Alberta,5.6
2022-09,Alberta,5.2
2022-09,Alberta,0.4
2022-09,Alberta,0.4
2022-09,Alberta,0.7
2022-09,Alberta,10.4
2022-09,Alberta,11.6
2022-09,Alberta,1.4
2022-09,Alberta,1.5
2022-09,Alberta,2.4
2022-09,Alberta,14.8
2022-09,Alberta,9.7
2022-09,Alberta,4.6
2022-09,Alberta,4.2
2022-09,Alberta,0.4
2022-09,Alberta,0.4
2022-09,Alberta,0.6
2022-09,Alberta,4.6
2022-09,Alberta,4.1
2022-09,Alberta,0.4
2022-09,Alberta,0.5
2022-09,Alberta,0.7
2022-09,Alberta,4.5
2022-09,Alberta,4.4
2022-09,Alberta,0.9
2022-09,Alberta,0.9
2022-09,Alberta,1.4
2022-09,Alberta,5.2
2022-09,Alberta,4.8
2022-09,Alberta,0.5
2022-09,Alberta,0.5
2022-09,Alberta,0.9
2022-09,Alberta,5.5
2022-09,Alberta,4.8
2022-09,Alberta,0.5
2022-09,Alberta,0.6
2022-09,Alberta,0.9
2022-09,Alberta,10.2
2022-09,Alberta,11.8
2022-09,Alberta,2.1
2022-09,Alberta,2.2
2022-09,Alberta,3.3
2022-09,Alberta,13.1
2022-09,Alberta,11.0
2022-09,Alberta,4.4
2022-09,Alberta,3.8
2022-09,Alberta,0.5
2022-09,Alberta,0.5
2022-09,Alberta,0.8
2022-09,Alberta,4.3
2022-09,Alberta,3.7
2022-09,Alberta,0.6
2022-09,Alberta,0.6
2022-09,Alberta,1.0
2022-09,Alberta,4.7
2022-09,Alberta,4.2
2022-09,Alberta,1.2
2022-09,Alberta,1.1
2022-09,Alberta,1.9
2022-09,Alberta,5.6
2022-09,Alberta,5.5
2022-09,Alberta,0.6
2022-09,Alberta,0.6
2022-09,Alberta,0.9
2022-09,Alberta,5.8
2022-09,Alberta,5.6
2022-09,Alberta,0.6
2022-09,Alberta,0.6
2022-09,Alberta,0.9
2022-09,Alberta,10.7
2022-09,Alberta,11.4
2022-09,Alberta,1.9
2022-09,Alberta,2.0
2022-09,Alberta,3.2
2022-09,Alberta,16.4
2022-09,Alberta,8.3
2022-09,Alberta,4.8
2022-09,Alberta,4.6
2022-09,Alberta,0.6
2022-09,Alberta,0.6
2022-09,Alberta,0.9
2022-09,Alberta,5.0
2022-09,Alberta,4.6
2022-09,Alberta,0.7
2022-09,Alberta,0.7
2022-09,Alberta,1.0
2022-09,Alberta,4.3
2022-09,Alberta,4.6
2022-09,Alberta,1.4
2022-09,Alberta,1.4
2022-09,Alberta,2.1
2022-10,Alberta,5.5
2022-10,Alberta,4.7
2022-10,Alberta,0.4
2022-10,Alberta,0.4
2022-10,Alberta,0.7
2022-10,Alberta,5.2
2022-10,Alberta,4.7
2022-10,Alberta,0.4
2022-10,Alberta,0.4
2022-10,Alberta,0.7
2022-10,Alberta,11.5
2022-10,Alberta,9.4
2022-10,Alberta,1.4
2022-10,Alberta,1.5
2022-10,Alberta,2.4
2022-10,Alberta,11.5
2022-10,Alberta,8.2
2022-10,Alberta,4.6
2022-10,Alberta,4.0
2022-10,Alberta,0.4
2022-10,Alberta,0.4
2022-10,Alberta,0.6
2022-10,Alberta,4.4
2022-10,Alberta,3.8
2022-10,Alberta,0.4
2022-10,Alberta,0.5
2022-10,Alberta,0.7
2022-10,Alberta,5.2
2022-10,Alberta,4.9
2022-10,Alberta,0.9
2022-10,Alberta,0.9
2022-10,Alberta,1.4
2022-10,Alberta,4.8
2022-10,Alberta,3.8
2022-10,Alberta,0.5
2022-10,Alberta,0.5
2022-10,Alberta,0.9
2022-10,Alberta,4.4
2022-10,Alberta,3.7
2022-10,Alberta,0.5
2022-10,Alberta,0.6
2022-10,Alberta,0.9
2022-10,Alberta,9.9
2022-10,Alberta,7.8
2022-10,Alberta,2.1
2022-10,Alberta,2.2
2022-10,Alberta,3.3
2022-10,Alberta,8.5
2022-10,Alberta,7.5
2022-10,Alberta,4.0
2022-10,Alberta,3.3
2022-10,Alberta,0.5
2022-10,Alberta,0.5
2022-10,Alberta,0.8
2022-10,Alberta,3.8
2022-10,Alberta,3.1
2022-10,Alberta,0.6
2022-10,Alberta,0.6
2022-10,Alberta,1.0
2022-10,Alberta,4.8
2022-10,Alberta,3.9
2022-10,Alberta,1.2
2022-10,Alberta,1.1
2022-10,Alberta,1.9
2022-10,Alberta,6.3
2022-10,Alberta,5.7
2022-10,Alberta,0.6
2022-10,Alberta,0.6
2022-10,Alberta,0.9
2022-10,Alberta,6.2
2022-10,Alberta,5.7
2022-10,Alberta,0.6
2022-10,Alberta,0.6
2022-10,Alberta,0.9
2022-10,Alberta,13.3
2022-10,Alberta,11.1
2022-10,Alberta,1.9
2022-10,Alberta,2.0
2022-10,Alberta,3.2
2022-10,Alberta,14.8
2022-10,Alberta,9.1
2022-10,Alberta,5.2
2022-10,Alberta,4.9
2022-10,Alberta,0.6
2022-10,Alberta,0.6
2022-10,Alberta,0.9
2022-10,Alberta,5.1
2022-10,Alberta,4.6
2022-10,Alberta,0.7
2022-10,Alberta,0.7
2022-10,Alberta,1.0
2022-10,Alberta,5.6
2022-10,Alberta,6.2
2022-10,Alberta,1.4
2022-10,Alberta,1.4
2022-10,Alberta,2.1
2022-11,Alberta,5.7
2022-11,Alberta,5.6
2022-11,Alberta,0.4
2022-11,Alberta,0.4
2022-11,Alberta,0.7
2022-11,Alberta,5.9
2022-11,Alberta,5.7
2022-11,Alberta,0.4
2022-11,Alberta,0.4
2022-11,Alberta,0.7
2022-11,Alberta,8.7
2022-11,Alberta,8.7
2022-11,Alberta,1.4
2022-11,Alberta,1.5
2022-11,Alberta,2.4
2022-11,Alberta,11.3
2022-11,Alberta,7.3
2022-11,Alberta,5.3
2022-11,Alberta,5.1
2022-11,Alberta,0.4
2022-11,Alberta,0.4
2022-11,Alberta,0.6
2022-11,Alberta,5.2
2022-11,Alberta,5.0
2022-11,Alberta,0.4
2022-11,Alberta,0.5
2022-11,Alberta,0.7
2022-11,Alberta,5.6
2022-11,Alberta,5.8
2022-11,Alberta,0.9
2022-11,Alberta,0.9
2022-11,Alberta,1.4
2022-11,Alberta,5.6
2022-11,Alberta,5.6
2022-11,Alberta,0.5
2022-11,Alberta,0.5
2022-11,Alberta,0.9
2022-11,Alberta,5.7
2022-11,Alberta,5.7
2022-11,Alberta,0.5
2022-11,Alberta,0.6
2022-11,Alberta,0.9
2022-11,Alberta,11.0
2022-11,Alberta,11.5
2022-11,Alberta,2.1
2022-11,Alberta,2.2
2022-11,Alberta,3.3
2022-11,Alberta,14.1
2022-11,Alberta,10.1
2022-11,Alberta,4.9
2022-11,Alberta,4.8
2022-11,Alberta,0.5
2022-11,Alberta,0.5
2022-11,Alberta,0.8
2022-11,Alberta,4.7
2022-11,Alberta,4.6
2022-11,Alberta,0.6
2022-11,Alberta,0.6
2022-11,Alberta,1.0
2022-11,Alberta,5.4
2022-11,Alberta,5.4
2022-11,Alberta,1.2
2022-11,Alberta,1.1
2022-11,Alberta,1.9
2022-11,Alberta,5.9
2022-11,Alberta,5.6
2022-11,Alberta,0.6
2022-11,Alberta,0.6
2022-11,Alberta,0.9
2022-11,Alberta,6.2
2022-11,Alberta,5.6
2022-11,Alberta,0.6
2022-11,Alberta,0.6
2022-11,Alberta,0.9
2022-11,Alberta,6.4
2022-11,Alberta,5.9
2022-11,Alberta,1.9
2022-11,Alberta,2.0
2022-11,Alberta,3.2
2022-11,Alberta,8.5
2022-11,Alberta,4.4
2022-11,Alberta,5.8
2022-11,Alberta,5.6
2022-11,Alberta,0.6
2022-11,Alberta,0.6
2022-11,Alberta,0.9
2022-11,Alberta,5.8
2022-11,Alberta,5.4
2022-11,Alberta,0.7
2022-11,Alberta,0.7
2022-11,Alberta,1.0
2022-11,Alberta,5.9
2022-11,Alberta,6.2
2022-11,Alberta,1.4
2022-11,Alberta,1.4
2022-11,Alberta,2.1
2022-12,Alberta,5.7
2022-12,Alberta,5.3
2022-12,Alberta,0.4
2022-12,Alberta,0.4
2022-12,Alberta,0.7
2022-12,Alberta,5.8
2022-12,Alberta,5.3
2022-12,Alberta,0.4
2022-12,Alberta,0.4
2022-12,Alberta,0.7
2022-12,Alberta,10.7
2022-12,Alberta,9.4
2022-12,Alberta,1.4
2022-12,Alberta,1.5
2022-12,Alberta,2.4
2022-12,Alberta,11.8
2022-12,Alberta,8.0
2022-12,Alberta,4.9
2022-12,Alberta,4.7
2022-12,Alberta,0.4
2022-12,Alberta,0.4
2022-12,Alberta,0.6
2022-12,Alberta,4.9
2022-12,Alberta,4.6
2022-12,Alberta,0.4
2022-12,Alberta,0.5
2022-12,Alberta,0.7
2022-12,Alberta,4.6
2022-12,Alberta,4.9
2022-12,Alberta,0.9
2022-12,Alberta,0.9
2022-12,Alberta,1.4
2022-12,Alberta,5.6
2022-12,Alberta,5.4
2022-12,Alberta,0.5
2022-12,Alberta,0.5
2022-12,Alberta,0.9
2022-12,Alberta,5.8
2022-12,Alberta,5.5
2022-12,Alberta,0.5
2022-12,Alberta,0.6
2022-12,Alberta,0.9
2022-12,Alberta,12.8
2022-12,Alberta,12.0
2022-12,Alberta,2.1
2022-12,Alberta,2.2
2022-12,Alberta,3.3
2022-12,Alberta,14.6
2022-12,Alberta,10.5
2022-12,Alberta,4.6
2022-12,Alberta,4.5
2022-12,Alberta,0.5
2022-12,Alberta,0.5
2022-12,Alberta,0.8
2022-12,Alberta,4.6
2022-12,Alberta,4.4
2022-12,Alberta,0.6
2022-12,Alberta,0.6
2022-12,Alberta,1.0
2022-12,Alberta,4.6
2022-12,Alberta,4.7
2022-12,Alberta,1.2
2022-12,Alberta,1.1
2022-12,Alberta,1.9
2022-12,Alberta,5.7
2022-12,Alberta,5.2
2022-12,Alberta,0.6
2022-12,Alberta,0.6
2022-12,Alberta,0.9
2022-12,Alberta,5.7
2022-12,Alberta,5.1
2022-12,Alberta,0.6
2022-12,Alberta,0.6
2022-12,Alberta,0.9
2022-12,Alberta,8.4
2022-12,Alberta,6.8
2022-12,Alberta,1.9
2022-12,Alberta,2.0
2022-12,Alberta,3.2
2022-12,Alberta,8.7
2022-12,Alberta,5.7
2022-12,Alberta,5.2
2022-12,Alberta,4.9
2022-12,Alberta,0.6
2022-12,Alberta,0.6
2022-12,Alberta,0.9
2022-12,Alberta,5.4
2022-12,Alberta,4.9
2022-12,Alberta,0.7
2022-12,Alberta,0.7
2022-12,Alberta,1.0
2022-12,Alberta,4.7
2022-12,Alberta,5.1
2022-12,Alberta,1.4
2022-12,Alberta,1.4
2022-12,Alberta,2.1
2020-01,British Columbia,4.7
2020-01,British Columbia,5.0
2020-01,British Columbia,0.3
2020-01,British Columbia,0.3
2020-01,British Columbia,0.4
2020-01,British Columbia,4.7
2020-01,British Columbia,4.9
2020-01,British Columbia,0.3
2020-01,British Columbia,0.3
2020-01,British Columbia,0.4
2020-01,British Columbia,7.9
2020-01,British Columbia,8.4
2020-01,British Columbia,1.1
2020-01,British Columbia,1.2
2020-01,British Columbia,1.5
2020-01,British Columbia,13.8
2020-01,British Columbia,5.9
2020-01,British Columbia,4.2
2020-01,British Columbia,4.5
2020-01,British Columbia,0.3
2020-01,British Columbia,0.3
2020-01,British Columbia,0.4
2020-01,British Columbia,4.0
2020-01,British Columbia,4.2
2020-01,British Columbia,0.4
2020-01,British Columbia,0.4
2020-01,British Columbia,0.5
2020-01,British Columbia,4.7
2020-01,British Columbia,5.1
2020-01,British Columbia,0.6
2020-01,British Columbia,0.6
2020-01,British Columbia,0.9
2020-01,British Columbia,4.4
2020-01,British Columbia,5.1
2020-01,British Columbia,0.4
2020-01,British Columbia,0.4
2020-01,British Columbia,0.6
2020-01,British Columbia,4.4
2020-01,British Columbia,5.0
2020-01,British Columbia,0.4
2020-01,British Columbia,0.5
2020-01,British Columbia,0.6
2020-01,British Columbia,8.0
2020-01,British Columbia,8.9
2020-01,British Columbia,1.6
2020-01,British Columbia,1.8
2020-01,British Columbia,2.1
2020-01,British Columbia,16.5
2020-01,British Columbia,5.6
2020-01,British Columbia,3.9
2020-01,British Columbia,4.5
2020-01,British Columbia,0.4
2020-01,British Columbia,0.4
2020-01,British Columbia,0.6
2020-01,British Columbia,3.9
2020-01,British Columbia,4.5
2020-01,British Columbia,0.5
2020-01,British Columbia,0.5
2020-01,British Columbia,0.7
2020-01,British Columbia,3.9
2020-01,British Columbia,4.4
2020-01,British Columbia,0.8
2020-01,British Columbia,0.8
2020-01,British Columbia,1.1
2020-01,British Columbia,5.0
2020-01,British Columbia,4.9
2020-01,British Columbia,0.4
2020-01,British Columbia,0.4
2020-01,British Columbia,0.6
2020-01,British Columbia,5.0
2020-01,British Columbia,4.9
2020-01,British Columbia,0.4
2020-01,British Columbia,0.4
2020-01,British Columbia,0.6
2020-01,British Columbia,7.9
2020-01,British Columbia,7.8
2020-01,British Columbia,1.4
2020-01,British Columbia,1.6
2020-01,British Columbia,1.9
2020-01,British Columbia,11.0
2020-01,British Columbia,6.3
2020-01,British Columbia,4.5
2020-01,British Columbia,4.5
2020-01,British Columbia,0.4
2020-01,British Columbia,0.4
2020-01,British Columbia,0.6
2020-01,British Columbia,4.1
2020-01,British Columbia,3.9
2020-01,British Columbia,0.5
2020-01,British Columbia,0.5
2020-01,British Columbia,0.7
2020-01,British Columbia,5.7
2020-01,British Columbia,6.0
2020-01,British Columbia,0.9
2020-01,British Columbia,0.8
2020-01,British Columbia,1.3
2020-02,British Columbia,5.4
2020-02,British Columbia,5.4
2020-02,British Columbia,0.3
2020-02,British Columbia,0.3
2020-02,British Columbia,0.4
2020-02,British Columbia,5.5
2020-02,British Columbia,5.4
2020-02,British Columbia,0.3
2020-02,British Columbia,0.3
2020-02,British Columbia,0.4
2020-02,British Columbia,10.2
2020-02,British Columbia,9.7
2020-02,British Columbia,1.1
2020-02,British Columbia,1.2
2020-02,British Columbia,1.5
2020-02,British Columbia,11.8
2020-02,British Columbia,8.7
2020-02,British Columbia,4.6
2020-02,British Columbia,4.7
2020-02,British Columbia,0.3
2020-02,British Columbia,0.3
2020-02,British Columbia,0.4
2020-02,British Columbia,4.2
2020-02,British Columbia,4.3
2020-02,British Columbia,0.4
2020-02,British Columbia,0.4
2020-02,British Columbia,0.5
2020-02,British Columbia,5.7
2020-02,British Columbia,5.9
2020-02,British Columbia,0.6
2020-02,British Columbia,0.6
2020-02,British Columbia,0.9
2020-02,British Columbia,5.8
2020-02,British Columbia,5.8
2020-02,British Columbia,0.4
2020-02,British Columbia,0.4
2020-02,British Columbia,0.6
2020-02,British Columbia,5.9
2020-02,British Columbia,5.8
2020-02,British Columbia,0.4
2020-02,British Columbia,0.5
2020-02,British Columbia,0.6
2020-02,British Columbia,13.3
2020-02,British Columbia,12.7
2020-02,British Columbia,1.6
2020-02,British Columbia,1.8
2020-02,British Columbia,2.1
2020-02,British Columbia,13.1
2020-02,British Columbia,12.5
2020-02,British Columbia,4.6
2020-02,British Columbia,4.8
2020-02,British Columbia,0.4
2020-02,British Columbia,0.4
2020-02,British Columbia,0.6
2020-02,British Columbia,4.3
2020-02,British Columbia,4.6
2020-02,British Columbia,0.5
2020-02,British Columbia,0.5
2020-02,British Columbia,0.7
2020-02,British Columbia,5.3
2020-02,British Columbia,5.1
2020-02,British Columbia,0.8
2020-02,British Columbia,0.8
2020-02,British Columbia,1.1
2020-02,British Columbia,5.0
2020-02,British Columbia,4.9
2020-02,British Columbia,0.4
2020-02,British Columbia,0.4
2020-02,British Columbia,0.6
2020-02,British Columbia,5.1
2020-02,British Columbia,4.9
2020-02,British Columbia,0.4
2020-02,British Columbia,0.4
2020-02,British Columbia,0.6
2020-02,British Columbia,6.7
2020-02,British Columbia,6.5
2020-02,British Columbia,1.4
2020-02,British Columbia,1.6
2020-02,British Columbia,1.9
2020-02,British Columbia,10.5
2020-02,British Columbia,4.7
2020-02,British Columbia,4.7
2020-02,British Columbia,4.6
2020-02,British Columbia,0.4
2020-02,British Columbia,0.4
2020-02,British Columbia,0.6
2020-02,British Columbia,4.2
2020-02,British Columbia,3.9
2020-02,British Columbia,0.5
2020-02,British Columbia,0.5
2020-02,British Columbia,0.7
2020-02,British Columbia,6.2
2020-02,British Columbia,6.9
2020-02,British Columbia,0.9
2020-02,British Columbia,0.8
2020-02,British Columbia,1.3
2020-03,British Columbia,7.9
2020-03,British Columbia,8.3
2020-03,British Columbia,0.3
2020-03,British Columbia,0.3
2020-03,British Columbia,0.4
2020-03,British Columbia,8.2
2020-03,British Columbia,8.3
2020-03,British Columbia,0.3
2020-03,British Columbia,0.3
2020-03,British Columbia,0.4
2020-03,British Columbia,19.6
2020-03,British Columbia,21.0
2020-03,British Columbia,1.1
2020-03,British Columbia,1.2
2020-03,British Columbia,1.5
2020-03,British Columbia,25.4
2020-03,British Columbia,19.0
2020-03,British Columbia,6.2
2020-03,British Columbia,6.4
2020-03,British Columbia,0.3
2020-03,British Columbia,0.3
2020-03,British Columbia,0.4
2020-03,British Columbia,6.2
2020-03,British Columbia,6.3
2020-03,British Columbia,0.4
2020-03,British Columbia,0.4
2020-03,British Columbia,0.5
2020-03,British Columbia,6.0
2020-03,British Columbia,6.6
2020-03,British Columbia,0.6
2020-03,British Columbia,0.6
2020-03,British Columbia,0.9
2020-03,British Columbia,6.9
2020-03,British Columbia,7.7
2020-03,British Columbia,0.4
2020-03,British Columbia,0.4
2020-03,British Columbia,0.6
2020-03,British Columbia,7.1
2020-03,British Columbia,7.6
2020-03,British Columbia,0.4
2020-03,British Columbia,0.5
2020-03,British Columbia,0.6
2020-03,British Columbia,17.0
2020-03,British Columbia,20.4
2020-03,British Columbia,1.6
2020-03,British Columbia,1.8
2020-03,British Columbia,2.1
2020-03,British Columbia,26.1
2020-03,British Columbia,18.2
2020-03,British Columbia,5.4
2020-03,British Columbia,5.9
2020-03,British Columbia,0.4
2020-03,British Columbia,0.4
2020-03,British Columbia,0.6
2020-03,British Columbia,5.3
2020-03,British Columbia,5.6
2020-03,British Columbia,0.5
2020-03,British Columbia,0.5
2020-03,British Columbia,0.7
2020-03,British Columbia,5.8
2020-03,British Columbia,6.8
2020-03,British Columbia,0.8
2020-03,British Columbia,0.8
2020-03,British Columbia,1.1
2020-03,British Columbia,9.0
2020-03,British Columbia,8.9
2020-03,British Columbia,0.4
2020-03,British Columbia,0.4
2020-03,British Columbia,0.6
2020-03,British Columbia,9.3
2020-03,British Columbia,9.1
2020-03,British Columbia,0.4
2020-03,British Columbia,0.4
2020-03,British Columbia,0.6
2020-03,British Columbia,22.4
2020-03,British Columbia,21.6
2020-03,British Columbia,1.4
2020-03,British Columbia,1.6
2020-03,British Columbia,1.9
2020-03,British Columbia,24.7
2020-03,British Columbia,20.0
2020-03,British Columbia,7.0
2020-03,British Columbia,7.0
2020-03,British Columbia,0.4
2020-03,British Columbia,0.4
2020-03,British Columbia,0.6
2020-03,British Columbia,7.2
2020-03,British Columbia,7.2
2020-03,British Columbia,0.5
2020-03,British Columbia,0.5
2020-03,British Columbia,0.7
2020-03,British Columbia,6.3
2020-03,British Columbia,6.5
2020-03,British Columbia,0.9
2020-03,British Columbia,0.8
2020-03,British Columbia,1.3
2020-04,British Columbia,11.9
2020-04,British Columbia,12.1
2020-04,British Columbia,0.3
2020-04,British Columbia,0.3
2020-04,British Columbia,0.4
2020-04,British Columbia,12.3
2020-04,British Columbia,12.3
2020-04,British Columbia,0.3
2020-04,British Columbia,0.3
2020-04,British Columbia,0.4
2020-04,British Columbia,24.7
2020-04,British Columbia,25.5
2020-04,British Columbia,1.1
2020-04,British Columbia,1.2
2020-04,British Columbia,1.5
2020-04,British Columbia,30.0
2020-04,British Columbia,23.4
2020-04,British Columbia,10.2
2020-04,British Columbia,10.4
2020-04,British Columbia,0.3
2020-04,British Columbia,0.3
2020-04,British Columbia,0.4
2020-04,British Columbia,10.3
2020-04,British Columbia,10.5
2020-04,British Columbia,0.4
2020-04,British Columbia,0.4
2020-04,British Columbia,0.5
2020-04,British Columbia,10.0
2020-04,British Columbia,10.3
2020-04,British Columbia,0.6
2020-04,British Columbia,0.6
2020-04,British Columbia,0.9
2020-04,British Columbia,11.4
2020-04,British Columbia,12.4
2020-04,British Columbia,0.4
2020-04,British Columbia,0.4
2020-04,British Columbia,0.6
2020-04,British Columbia,12.2
2020-04,British Columbia,12.5
2020-04,British Columbia,0.4
2020-04,British Columbia,0.5
2020-04,British Columbia,0.6
2020-04,British Columbia,20.3
2020-04,British Columbia,21.2
2020-04,British Columbia,1.6
2020-04,British Columbia,1.8
2020-04,British Columbia,2.1
2020-04,British Columbia,29.3
2020-04,British Columbia,17.8
2020-04,British Columbia,10.2
2020-04,British Columbia,11.3
2020-04,British Columbia,0.4
2020-04,British Columbia,0.4
2020-04,British Columbia,0.6
2020-04,British Columbia,10.7
2020-04,British Columbia,11.6
2020-04,British Columbia,0.5
2020-04,British Columbia,0.5
2020-04,British Columbia,0.7
2020-04,British Columbia,8.8
2020-04,British Columbia,10.3
2020-04,British Columbia,0.8
2020-04,British Columbia,0.8
2020-04,British Columbia,1.1
2020-04,British Columbia,12.5
2020-04,British Columbia,11.9
2020-04,British Columbia,0.4
2020-04,British Columbia,0.4
2020-04,British Columbia,0.6
2020-04,British Columbia,12.5
2020-04,British Columbia,12.1
2020-04,British Columbia,0.4
2020-04,British Columbia,0.4
2020-04,British Columbia,0.6
2020-04,British Columbia,29.5
2020-04,British Columbia,30.5
2020-04,British Columbia,1.4
2020-04,British Columbia,1.6
2020-04,British Columbia,1.9
2020-04,British Columbia,30.6
2020-04,British Columbia,30.5
2020-04,British Columbia,10.1
2020-04,British Columbia,9.5
2020-04,British Columbia,0.4
2020-04,British Columbia,0.4
2020-04,British Columbia,0.6
2020-04,British Columbia,9.7
2020-04,British Columbia,9.2
2020-04,British Columbia,0.5
2020-04,British Columbia,0.5
2020-04,British Columbia,0.7
2020-04,British Columbia,11.4
2020-04,British Columbia,10.3
2020-04,British Columbia,0.9
2020-04,British Columbia,0.8
2020-04,British Columbia,1.3
2020-05,British Columbia,14.0
2020-05,British Columbia,13.7
2020-05,British Columbia,0.3
2020-05,British Columbia,0.3
2020-05,British Columbia,0.4
2020-05,British Columbia,14.2
2020-05,British Columbia,14.0
2020-05,British Columbia,0.3
2020-05,British Columbia,0.3
2020-05,British Columbia,0.4
2020-05,British Columbia,27.9
2020-05,British Columbia,28.7
2020-05,British Columbia,1.1
2020-05,British Columbia,1.2
2020-05,British Columbia,1.5
2020-05,British Columbia,34.9
2020-05,British Columbia,25.4
2020-05,British Columbia,12.0
2020-05,British Columbia,11.5
2020-05,British Columbia,0.3
2020-05,British Columbia,0.3
2020-05,British Columbia,0.4
2020-05,British Columbia,13.0
2020-05,British Columbia,12.0
2020-05,British Columbia,0.4
2020-05,British Columbia,0.4
2020-05,British Columbia,0.5
2020-05,British Columbia,9.1
2020-05,British Columbia,10.0
2020-05,British Columbia,0.6
2020-05,British Columbia,0.6
2020-05,British Columbia,0.9
2020-05,British Columbia,13.3
2020-05,British Columbia,13.6
2020-05,British Columbia,0.4
2020-05,British Columbia,0.4
2020-05,British Columbia,0.6
2020-05,British Columbia,13.9
2020-05,British Columbia,13.9
2020-05,British Columbia,0.4
2020-05,British Columbia,0.5
2020-05,British Columbia,0.6
2020-05,British Columbia,26.1
2020-05,British Columbia,27.0
2020-05,British Columbia,1.6
2020-05,British Columbia,1.8
2020-05,British Columbia,2.1
2020-05,British Columbia,34.0
2020-05,British Columbia,23.6
2020-05,British Columbia,11.4
2020-05,British Columbia,11.5
2020-05,British Columbia,0.4
2020-05,British Columbia,0.4
2020-05,British Columbia,0.6
2020-05,British Columbia,12.2
2020-05,British Columbia,11.9
2020-05,British Columbia,0.5
2020-05,British Columbia,0.5
2020-05,British Columbia,0.7
2020-05,British Columbia,9.2
2020-05,British Columbia,10.3
2020-05,British Columbia,0.8
2020-05,British Columbia,0.8
2020-05,British Columbia,1.1
2020-05,British Columbia,14.8
2020-05,British Columbia,13.9
2020-05,British Columbia,0.4
2020-05,British Columbia,0.4
2020-05,British Columbia,0.6
2020-05,British Columbia,14.5
2020-05,British Columbia,14.2
2020-05,British Columbia,0.4
2020-05,British Columbia,0.4
2020-05,British Columbia,0.6
2020-05,British Columbia,30.2
2020-05,British Columbia,30.8
2020-05,British Columbia,1.4
2020-05,British Columbia,1.6
2020-05,British Columbia,1.9
2020-05,British Columbia,36.1
2020-05,British Columbia,27.7
2020-05,British Columbia,12.7
2020-05,British Columbia,11.5
2020-05,British Columbia,0.4
2020-05,British Columbia,0.4
2020-05,British Columbia,0.6
2020-05,British Columbia,13.9
2020-05,British Columbia,12.2
2020-05,British Columbia,0.5
2020-05,British Columbia,0.5
2020-05,British Columbia,0.7
2020-05,British Columbia,9.0
2020-05,British Columbia,9.6
2020-05,British Columbia,0.9
2020-05,British Columbia,0.8
2020-05,British Columbia,1.3
2020-06,British Columbia,12.8
2020-06,British Columbia,12.3
2020-06,British Columbia,0.3
2020-06,British Columbia,0.3
2020-06,British Columbia,0.4
2020-06,British Columbia,12.6
2020-06,British Columbia,12.4
2020-06,British Columbia,0.3
2020-06,British Columbia,0.3
2020-06,British Columbia,0.4
2020-06,British Columbia,28.6
2020-06,British Columbia,27.2
2020-06,British Columbia,1.1
2020-06,British Columbia,1.2
2020-06,British Columbia,1.5
2020-06,British Columbia,27.7
2020-06,British Columbia,26.8
2020-06,British Columbia,10.1
2020-06,British Columbia,9.7
2020-06,British Columbia,0.3
2020-06,British Columbia,0.3
2020-06,British Columbia,0.4
2020-06,British Columbia,10.4
2020-06,British Columbia,10.0
2020-06,British Columbia,0.4
2020-06,British Columbia,0.4
2020-06,British Columbia,0.5
2020-06,British Columbia,9.4
2020-06,British Columbia,8.6
2020-06,British Columbia,0.6
2020-06,British Columbia,0.6
2020-06,British Columbia,0.9
2020-06,British Columbia,12.7
2020-06,British Columbia,12.2
2020-06,British Columbia,0.4
2020-06,British Columbia,0.4
2020-06,British Columbia,0.6
2020-06,British Columbia,12.6
2020-06,British Columbia,12.2
2020-06,British Columbia,0.4
2020-06,British Columbia,0.5
2020-06,British Columbia,0.6
2020-06,British Columbia,30.7
2020-06,British Columbia,28.7
2020-06,British Columbia,1.6
2020-06,British Columbia,1.8
2020-06,British Columbia,2.1
2020-06,British Columbia,31.9
2020-06,British Columbia,26.9
2020-06,British Columbia,9.6
2020-06,British Columbia,9.2
2020-06,British Columbia,0.4
2020-06,British Columbia,0.4
2020-06,British Columbia,0.6
2020-06,British Columbia,9.8
2020-06,British Columbia,9.3
2020-06,British Columbia,0.5
2020-06,British Columbia,0.5
2020-06,British Columbia,0.7
2020-06,British Columbia,9.1
2020-06,British Columbia,9.1
2020-06,British Columbia,0.8
2020-06,British Columbia,0.8
2020-06,British Columbia,1.1
2020-06,British Columbia,12.9
2020-06,British Columbia,12.5
2020-06,British Columbia,0.4
2020-06,British Columbia,0.4
2020-06,British Columbia,0.6
2020-06,British Columbia,12.6
2020-06,British Columbia,12.7
2020-06,British Columbia,0.4
2020-06,British Columbia,0.4
2020-06,British Columbia,0.6
2020-06,British Columbia,26.3
2020-06,British Columbia,25.5
2020-06,British Columbia,1.4
2020-06,British Columbia,1.6
2020-06,British Columbia,1.9
2020-06,British Columbia,23.4
2020-06,British Columbia,26.7
2020-06,British Columbia,10.6
2020-06,British Columbia,10.1
2020-06,British Columbia,0.4
2020-06,British Columbia,0.4
2020-06,British Columbia,0.6
2020-06,British Columbia,11.0
2020-06,British Columbia,10.9
2020-06,British Columbia,0.5
2020-06,British Columbia,0.5
2020-06,British Columbia,0.7
2020-06,British Columbia,9.6
2020-06,British Columbia,7.9
2020-06,British Columbia,0.9
2020-06,British Columbia,0.8
2020-06,British Columbia,1.3
2020-07,British Columbia,10.8
2020-07,British Columbia,11.0
2020-07,British Columbia,0.4
2020-07,British Columbia,0.4
2020-07,British Columbia,0.5
2020-07,British Columbia,11.2
2020-07,British Columbia,11.1
2020-07,British Columbia,0.4
2020-07,British Columbia,0.4
2020-07,British Columbia,0.5
2020-07,British Columbia,23.3
2020-07,British Columbia,22.8
2020-07,British Columbia,1.5
2020-07,British Columbia,1.7
2020-07,British Columbia,1.8
2020-07,British Columbia,24.2
2020-07,British Columbia,21.9
2020-07,British Columbia,8.7
2020-07,British Columbia,8.8
2020-07,British Columbia,0.4
2020-07,British Columbia,0.4
2020-07,British Columbia,0.5
2020-07,British Columbia,8.8
2020-07,British Columbia,9.0
2020-07,British Columbia,0.4
2020-07,British Columbia,0.5
2020-07,British Columbia,0.6
2020-07,British Columbia,8.4
2020-07,British Columbia,8.1
2020-07,British Columbia,0.8
2020-07,British Columbia,0.7
2020-07,British Columbia,1.0
2020-07,British Columbia,11.4
2020-07,British Columbia,10.9
2020-07,British Columbia,0.5
2020-07,British Columbia,0.6
2020-07,British Columbia,0.7
2020-07,British Columbia,11.3
2020-07,British Columbia,11.0
2020-07,British Columbia,0.6
2020-07,British Columbia,0.6
2020-07,British Columbia,0.7
2020-07,British Columbia,23.3
2020-07,British Columbia,22.3
2020-07,British Columbia,2.0
2020-07,British Columbia,2.3
2020-07,British Columbia,2.5
2020-07,British Columbia,25.0
2020-07,British Columbia,20.9
2020-07,British Columbia,9.4
2020-07,British Columbia,8.8
2020-07,British Columbia,0.5
2020-07,British Columbia,0.5
2020-07,British Columbia,0.7
2020-07,British Columbia,9.4
2020-07,British Columbia,8.8
2020-07,British Columbia,0.6
2020-07,British Columbia,0.6
2020-07,British Columbia,0.8
2020-07,British Columbia,9.5
2020-07,British Columbia,8.5
2020-07,British Columbia,0.9
2020-07,British Columbia,0.9
2020-07,British Columbia,1.2
2020-07,British Columbia,10.2
2020-07,British Columbia,11.2
2020-07,British Columbia,0.6
2020-07,British Columbia,0.6
2020-07,British Columbia,0.7
2020-07,British Columbia,11.0
2020-07,British Columbia,11.3
2020-07,British Columbia,0.6
2020-07,British Columbia,0.6
2020-07,British Columbia,0.7
2020-07,British Columbia,23.2
2020-07,British Columbia,23.2
2020-07,British Columbia,2.1
2020-07,British Columbia,2.3
2020-07,British Columbia,2.5
2020-07,British Columbia,23.4
2020-07,British Columbia,23.1
2020-07,British Columbia,7.9
2020-07,British Columbia,8.8
2020-07,British Columbia,0.6
2020-07,British Columbia,0.6
2020-07,British Columbia,0.7
2020-07,British Columbia,8.2
2020-07,British Columbia,9.2
2020-07,British Columbia,0.6
2020-07,British Columbia,0.7
2020-07,British Columbia,0.8
2020-07,British Columbia,6.9
2020-07,British Columbia,7.6
2020-07,British Columbia,1.2
2020-07,British Columbia,1.1
2020-07,British Columbia,1.5
2020-08,British Columbia,10.5
2020-08,British Columbia,11.7
2020-08,British Columbia,0.4
2020-08,British Columbia,0.4
2020-08,British Columbia,0.5
2020-08,British Columbia,11.3
2020-08,British Columbia,11.8
2020-08,British Columbia,0.4
2020-08,British Columbia,0.4
2020-08,British Columbia,0.5
2020-08,British Columbia,21.4
2020-08,British Columbia,21.8
2020-08,British Columbia,1.5
2020-08,British Columbia,1.7
2020-08,British Columbia,1.8
2020-08,British Columbia,22.6
2020-08,British Columbia,21.3
2020-08,British Columbia,8.7
2020-08,British Columbia,9.9
2020-08,British Columbia,0.4
2020-08,British Columbia,0.4
2020-08,British Columbia,0.5
2020-08,British Columbia,8.6
2020-08,British Columbia,9.6
2020-08,British Columbia,0.4
2020-08,British Columbia,0.5
2020-08,British Columbia,0.6
2020-08,British Columbia,9.1
2020-08,British Columbia,10.5
2020-08,British Columbia,0.8
2020-08,British Columbia,0.7
2020-08,British Columbia,1.0
2020-08,British Columbia,11.3
2020-08,British Columbia,11.2
2020-08,British Columbia,0.5
2020-08,British Columbia,0.6
2020-08,British Columbia,0.7
2020-08,British Columbia,11.2
2020-08,British Columbia,11.3
2020-08,British Columbia,0.6
2020-08,British Columbia,0.6
2020-08,British Columbia,0.7
2020-08,British Columbia,22.9
2020-08,British Columbia,23.4
2020-08,British Columbia,2.0
2020-08,British Columbia,2.3
2020-08,British Columbia,2.5
2020-08,British Columbia,25.3
2020-08,British Columbia,22.3
2020-08,British Columbia,9.4
2020-08,British Columbia,9.0
2020-08,British Columbia,0.5
2020-08,British Columbia,0.5
2020-08,British Columbia,0.7
2020-08,British Columbia,9.1
2020-08,British Columbia,8.6
2020-08,British Columbia,0.6
2020-08,British Columbia,0.6
2020-08,British Columbia,0.8
2020-08,British Columbia,10.1
2020-08,British Columbia,10.1
2020-08,British Columbia,0.9
2020-08,British Columbia,0.9
2020-08,British Columbia,1.2
2020-08,British Columbia,9.7
2020-08,British Columbia,12.2
2020-08,British Columbia,0.6
2020-08,British Columbia,0.6
2020-08,British Columbia,0.7
2020-08,British Columbia,11.3
2020-08,British Columbia,12.2
2020-08,British Columbia,0.6
2020-08,British Columbia,0.6
2020-08,British Columbia,0.7
2020-08,British Columbia,19.7
2020-08,British Columbia,20.1
2020-08,British Columbia,2.1
2020-08,British Columbia,2.3
2020-08,British Columbia,2.5
2020-08,British Columbia,19.9
2020-08,British Columbia,20.2
2020-08,British Columbia,8.0
2020-08,British Columbia,10.8
2020-08,British Columbia,0.6
2020-08,British Columbia,0.6
2020-08,British Columbia,0.7
2020-08,British Columbia,8.0
2020-08,British Columbia,10.7
2020-08,British Columbia,0.6
2020-08,British Columbia,0.7
2020-08,British Columbia,0.8
2020-08,British Columbia,7.8
2020-08,British Columbia,11.1
2020-08,British Columbia,1.2
2020-08,British Columbia,1.1
2020-08,British Columbia,1.5
2020-09,British Columbia,8.7
2020-09,British Columbia,8.1
2020-09,British Columbia,0.4
2020-09,British Columbia,0.4
2020-09,British Columbia,0.5
2020-09,British Columbia,8.6
2020-09,British Columbia,8.2
2020-09,British Columbia,0.4
2020-09,British Columbia,0.4
2020-09,British Columbia,0.5
2020-09,British Columbia,16.2
2020-09,British Columbia,16.1
2020-09,British Columbia,1.5
2020-09,British Columbia,1.7
2020-09,British Columbia,1.8
2020-09,British Columbia,15.8
2020-09,British Columbia,16.2
2020-09,British Columbia,7.6
2020-09,British Columbia,6.9
2020-09,British Columbia,0.4
2020-09,British Columbia,0.4
2020-09,British Columbia,0.5
2020-09,British Columbia,7.4
2020-09,British Columbia,7.0
2020-09,British Columbia,0.4
2020-09,British Columbia,0.5
2020-09,British Columbia,0.6
2020-09,British Columbia,8.2
2020-09,British Columbia,6.8
2020-09,British Columbia,0.8
2020-09,British Columbia,0.7
2020-09,British Columbia,1.0
2020-09,British Columbia,9.5
2020-09,British Columbia,8.7
2020-09,British Columbia,0.5
2020-09,British Columbia,0.6
2020-09,British Columbia,0.7
2020-09,British Columbia,9.4
2020-09,British Columbia,8.8
2020-09,British Columbia,0.6
2020-09,British Columbia,0.6
2020-09,British Columbia,0.7
2020-09,British Columbia,18.9
2020-09,British Columbia,18.0
2020-09,British Columbia,2.0
2020-09,British Columbia,2.3
2020-09,British Columbia,2.5
2020-09,British Columbia,18.4
2020-09,British Columbia,17.8
2020-09,British Columbia,8.1
2020-09,British Columbia,7.3
2020-09,British Columbia,0.5
2020-09,British Columbia,0.5
2020-09,British Columbia,0.7
2020-09,British Columbia,7.9
2020-09,British Columbia,7.4
2020-09,British Columbia,0.6
2020-09,British Columbia,0.6
2020-09,British Columbia,0.8
2020-09,British Columbia,8.8
2020-09,British Columbia,7.0
2020-09,British Columbia,0.9
2020-09,British Columbia,0.9
2020-09,British Columbia,1.2
2020-09,British Columbia,7.8
2020-09,British Columbia,7.5
2020-09,British Columbia,0.6
2020-09,British Columbia,0.6
2020-09,British Columbia,0.7
2020-09,British Columbia,7.8
2020-09,British Columbia,7.6
2020-09,British Columbia,0.6
2020-09,British Columbia,0.6
2020-09,British Columbia,0.7
2020-09,British Columbia,13.5
2020-09,British Columbia,14.1
2020-09,British Columbia,2.1
2020-09,British Columbia,2.3
2020-09,British Columbia,2.5
2020-09,British Columbia,13.5
2020-09,British Columbia,14.5
2020-09,British Columbia,6.9
2020-09,British Columbia,6.5
2020-09,British Columbia,0.6
2020-09,British Columbia,0.6
2020-09,British Columbia,0.7
2020-09,British Columbia,6.8
2020-09,British Columbia,6.4
2020-09,British Columbia,0.6
2020-09,British Columbia,0.7
2020-09,British Columbia,0.8
2020-09,British Columbia,7.4
2020-09,British Columbia,6.6
2020-09,British Columbia,1.2
2020-09,British Columbia,1.1
2020-09,British Columbia,1.5
2020-10,British Columbia,8.2
2020-10,British Columbia,7.7
2020-10,British Columbia,0.4
2020-10,British Columbia,0.4
2020-10,British Columbia,0.5
2020-10,British Columbia,8.1
2020-10,British Columbia,7.8
2020-10,British Columbia,0.4
2020-10,British Columbia,0.4
2020-10,British Columbia,0.5
2020-10,British Columbia,15.9
2020-10,British Columbia,15.5
2020-10,British Columbia,1.5
2020-10,British Columbia,1.7
2020-10,British Columbia,1.8
2020-10,British Columbia,17.6
2020-10,British Columbia,14.5
2020-10,British Columbia,7.0
2020-10,British Columbia,6.5
2020-10,British Columbia,0.4
2020-10,British Columbia,0.4
2020-10,British Columbia,0.5
2020-10,British Columbia,7.2
2020-10,British Columbia,6.7
2020-10,British Columbia,0.4
2020-10,British Columbia,0.5
2020-10,British Columbia,0.6
2020-10,British Columbia,6.6
2020-10,British Columbia,5.9
2020-10,British Columbia,0.8
2020-10,British Columbia,0.7
2020-10,British Columbia,1.0
2020-10,British Columbia,9.1
2020-10,British Columbia,8.4
2020-10,British Columbia,0.5
2020-10,British Columbia,0.6
2020-10,British Columbia,0.7
2020-10,British Columbia,8.9
2020-10,British Columbia,8.6
2020-10,British Columbia,0.6
2020-10,British Columbia,0.6
2020-10,British Columbia,0.7
2020-10,British Columbia,17.8
2020-10,British Columbia,17.3
2020-10,British Columbia,2.0
2020-10,British Columbia,2.3
2020-10,British Columbia,2.5
2020-10,British Columbia,19.0
2020-10,British Columbia,16.5
2020-10,British Columbia,7.8
2020-10,British Columbia,7.1
2020-10,British Columbia,0.5
2020-10,British Columbia,0.5
2020-10,British Columbia,0.7
2020-10,British Columbia,7.8
2020-10,British Columbia,7.2
2020-10,British Columbia,0.6
2020-10,British Columbia,0.6
2020-10,British Columbia,0.8
2020-10,British Columbia,7.6
2020-10,British Columbia,6.9
2020-10,British Columbia,0.9
2020-10,British Columbia,0.9
2020-10,British Columbia,1.2
2020-10,British Columbia,7.3
2020-10,British Columbia,6.9
2020-10,British Columbia,0.6
2020-10,British Columbia,0.6
2020-10,British Columbia,0.7
2020-10,British Columbia,7.1
2020-10,British Columbia,7.0
2020-10,British Columbia,0.6
2020-10,British Columbia,0.6
2020-10,British Columbia,0.7
2020-10,British Columbia,14.0
2020-10,British Columbia,13.8
2020-10,British Columbia,2.1
2020-10,British Columbia,2.3
2020-10,British Columbia,2.5
2020-10,British Columbia,16.4
2020-10,British Columbia,12.4
2020-10,British Columbia,6.2
2020-10,British Columbia,5.8
2020-10,British Columbia,0.6
2020-10,British Columbia,0.6
2020-10,British Columbia,0.7
2020-10,British Columbia,6.5
2020-10,British Columbia,6.2
2020-10,British Columbia,0.6
2020-10,British Columbia,0.7
2020-10,British Columbia,0.8
2020-10,British Columbia,5.4
2020-10,British Columbia,4.7
2020-10,British Columbia,1.2
2020-10,British Columbia,1.1
2020-10,British Columbia,1.5
2020-11,British Columbia,7.8
2020-11,British Columbia,7.6
2020-11,British Columbia,0.4
2020-11,British Columbia,0.4
2020-11,British Columbia,0.5
2020-11,British Columbia,7.6
2020-11,British Columbia,7.6
2020-11,British Columbia,0.4
2020-11,British Columbia,0.4
2020-11,British Columbia,0.5
2020-11,British Columbia,15.4
2020-11,British Columbia,14.7
2020-11,British Columbia,1.5
2020-11,British Columbia,1.7
2020-11,British Columbia,1.8
2020-11,British Columbia,14.2
2020-11,British Columbia,14.9
2020-11,British Columbia,6.6
2020-11,British Columbia,6.5
2020-11,British Columbia,0.4
2020-11,British Columbia,0.4
2020-11,British Columbia,0.5
2020-11,British Columbia,6.5
2020-11,British Columbia,6.6
2020-11,British Columbia,0.4
2020-11,British Columbia,0.5
2020-11,British Columbia,0.6
2020-11,British Columbia,7.1
2020-11,British Columbia,6.4
2020-11,British Columbia,0.8
2020-11,British Columbia,0.7
2020-11,British Columbia,1.0
2020-11,British Columbia,8.0
2020-11,British Columbia,7.7
2020-11,British Columbia,0.5
2020-11,British Columbia,0.6
2020-11,British Columbia,0.7
2020-11,British Columbia,7.7
2020-11,British Columbia,7.8
2020-11,British Columbia,0.6
2020-11,British Columbia,0.6
2020-11,British Columbia,0.7
2020-11,British Columbia,15.7
2020-11,British Columbia,14.7
2020-11,British Columbia,2.0
2020-11,British Columbia,2.3
2020-11,British Columbia,2.5
2020-11,British Columbia,13.9
2020-11,British Columbia,15.1
2020-11,British Columbia,6.9
2020-11,British Columbia,6.7
2020-11,British Columbia,0.5
2020-11,British Columbia,0.5
2020-11,British Columbia,0.7
2020-11,British Columbia,6.8
2020-11,British Columbia,6.7
2020-11,British Columbia,0.6
2020-11,British Columbia,0.6
2020-11,British Columbia,0.8
2020-11,British Columbia,7.5
2020-11,British Columbia,6.8
2020-11,British Columbia,0.9
2020-11,British Columbia,0.9
2020-11,British Columbia,1.2
2020-11,British Columbia,7.6
2020-11,British Columbia,7.4
2020-11,British Columbia,0.6
2020-11,British Columbia,0.6
2020-11,British Columbia,0.7
2020-11,British Columbia,7.5
2020-11,British Columbia,7.5
2020-11,British Columbia,0.6
2020-11,British Columbia,0.6
2020-11,British Columbia,0.7
2020-11,British Columbia,15.2
2020-11,British Columbia,14.8
2020-11,British Columbia,2.1
2020-11,British Columbia,2.3
2020-11,British Columbia,2.5
2020-11,British Columbia,14.8
2020-11,British Columbia,14.8
2020-11,British Columbia,6.3
2020-11,British Columbia,6.3
2020-11,British Columbia,0.6
2020-11,British Columbia,0.6
2020-11,British Columbia,0.7
2020-11,British Columbia,6.2
2020-11,British Columbia,6.4
2020-11,British Columbia,0.6
2020-11,British Columbia,0.7
2020-11,British Columbia,0.8
2020-11,British Columbia,6.7
2020-11,British Columbia,6.0
2020-11,British Columbia,1.2
2020-11,British Columbia,1.1
2020-11,British Columbia,1.5
2020-12,British Columbia,7.6
2020-12,British Columbia,7.0
2020-12,British Columbia,0.4
2020-12,British Columbia,0.4
2020-12,British Columbia,0.5
2020-12,British Columbia,7.2
2020-12,British Columbia,7.0
2020-12,British Columbia,0.4
2020-12,British Columbia,0.4
2020-12,British Columbia,0.5
2020-12,British Columbia,16.0
2020-12,British Columbia,14.5
2020-12,British Columbia,1.5
2020-12,British Columbia,1.7
2020-12,British Columbia,1.8
2020-12,British Columbia,23.2
2020-12,British Columbia,10.5
2020-12,British Columbia,6.4
2020-12,British Columbia,6.0
2020-12,British Columbia,0.4
2020-12,British Columbia,0.4
2020-12,British Columbia,0.5
2020-12,British Columbia,6.1
2020-12,British Columbia,5.6
2020-12,British Columbia,0.4
2020-12,British Columbia,0.5
2020-12,British Columbia,0.6
2020-12,British Columbia,7.0
2020-12,British Columbia,7.0
2020-12,British Columbia,0.8
2020-12,British Columbia,0.7
2020-12,British Columbia,1.0
2020-12,British Columbia,7.2
2020-12,British Columbia,6.9
2020-12,British Columbia,0.5
2020-12,British Columbia,0.6
2020-12,British Columbia,0.7
2020-12,British Columbia,7.0
2020-12,British Columbia,6.9
2020-12,British Columbia,0.6
2020-12,British Columbia,0.6
2020-12,British Columbia,0.7
2020-12,British Columbia,15.4
2020-12,British Columbia,14.3
2020-12,British Columbia,2.0
2020-12,British Columbia,2.3
2020-12,British Columbia,2.5
2020-12,British Columbia,20.2
2020-12,British Columbia,12.0
2020-12,British Columbia,6.0
2020-12,British Columbia,5.9
2020-12,British Columbia,0.5
2020-12,British Columbia,0.5
2020-12,British Columbia,0.7
2020-12,British Columbia,5.5
2020-12,British Columbia,5.2
2020-12,British Columbia,0.6
2020-12,British Columbia,0.6
2020-12,British Columbia,0.8
2020-12,British Columbia,7.5
2020-12,British Columbia,7.9
2020-12,British Columbia,0.9
2020-12,British Columbia,0.9
2020-12,British Columbia,1.2
2020-12,British Columbia,8.1
2020-12,British Columbia,7.1
2020-12,British Columbia,0.6
2020-12,British Columbia,0.6
2020-12,British Columbia,0.7
2020-12,British Columbia,7.5
2020-12,British Columbia,7.1
2020-12,British Columbia,0.6
2020-12,British Columbia,0.6
2020-12,British Columbia,0.7
2020-12,British Columbia,16.6
2020-12,British Columbia,14.5
2020-12,British Columbia,2.1
2020-12,British Columbia,2.3
2020-12,British Columbia,2.5
2020-12,British Columbia,25.9
2020-12,British Columbia,8.7
2020-12,British Columbia,6.8
2020-12,British Columbia,6.0
2020-12,British Columbia,0.6
2020-12,British Columbia,0.6
2020-12,British Columbia,0.7
2020-12,British Columbia,6.9
2020-12,British Columbia,6.0
2020-12,British Columbia,0.6
2020-12,British Columbia,0.7
2020-12,British Columbia,0.8
2020-12,British Columbia,6.4
2020-12,British Columbia,6.0
2020-12,British Columbia,1.2
2020-12,British Columbia,1.1
2020-12,British Columbia,1.5
2021-01,British Columbia,7.6
2021-01,British Columbia,8.0
2021-01,British Columbia,0.5
2021-01,British Columbia,0.5
2021-01,British Columbia,0.6
2021-01,British Columbia,7.9
2021-01,British Columbia,8.2
2021-01,British Columbia,0.5
2021-01,British Columbia,0.5
2021-01,British Columbia,0.6
2021-01,British Columbia,15.3
2021-01,British Columbia,16.0
2021-01,British Columbia,2.0
2021-01,British Columbia,2.0
2021-01,British Columbia,2.2
2021-01,British Columbia,15.4
2021-01,British Columbia,16.2
2021-01,British Columbia,6.5
2021-01,British Columbia,6.9
2021-01,British Columbia,0.5
2021-01,British Columbia,0.5
2021-01,British Columbia,0.6
2021-01,British Columbia,6.6
2021-01,British Columbia,6.9
2021-01,British Columbia,0.6
2021-01,British Columbia,0.6
2021-01,British Columbia,0.7
2021-01,British Columbia,6.1
2021-01,British Columbia,6.7
2021-01,British Columbia,0.9
2021-01,British Columbia,0.9
2021-01,British Columbia,1.1
2021-01,British Columbia,6.8
2021-01,British Columbia,7.7
2021-01,British Columbia,0.7
2021-01,British Columbia,0.7
2021-01,British Columbia,0.8
2021-01,British Columbia,7.1
2021-01,British Columbia,7.8
2021-01,British Columbia,0.7
2021-01,British Columbia,0.7
2021-01,British Columbia,0.8
2021-01,British Columbia,13.9
2021-01,British Columbia,15.0
2021-01,British Columbia,2.6
2021-01,British Columbia,2.7
2021-01,British Columbia,3.0
2021-01,British Columbia,20.4
2021-01,British Columbia,13.1
2021-01,British Columbia,5.7
2021-01,British Columbia,6.6
2021-01,British Columbia,0.7
2021-01,British Columbia,0.6
2021-01,British Columbia,0.8
2021-01,British Columbia,5.5
2021-01,British Columbia,6.4
2021-01,British Columbia,0.8
2021-01,British Columbia,0.8
2021-01,British Columbia,0.9
2021-01,British Columbia,6.3
2021-01,British Columbia,7.4
2021-01,British Columbia,1.2
2021-01,British Columbia,1.2
2021-01,British Columbia,1.4
2021-01,British Columbia,8.6
2021-01,British Columbia,8.4
2021-01,British Columbia,0.7
2021-01,British Columbia,0.7
2021-01,British Columbia,0.8
2021-01,British Columbia,8.7
2021-01,British Columbia,8.7
2021-01,British Columbia,0.7
2021-01,British Columbia,0.7
2021-01,British Columbia,0.8
2021-01,British Columbia,16.6
2021-01,British Columbia,17.0
2021-01,British Columbia,2.8
2021-01,British Columbia,2.9
2021-01,British Columbia,3.1
2021-01,British Columbia,11.1
2021-01,British Columbia,19.7
2021-01,British Columbia,7.3
2021-01,British Columbia,7.1
2021-01,British Columbia,0.6
2021-01,British Columbia,0.7
2021-01,British Columbia,0.8
2021-01,British Columbia,7.7
2021-01,British Columbia,7.5
2021-01,British Columbia,0.8
2021-01,British Columbia,0.8
2021-01,British Columbia,0.9
2021-01,British Columbia,5.9
2021-01,British Columbia,5.9
2021-01,British Columbia,1.3
2021-01,British Columbia,1.4
2021-01,British Columbia,1.6
2021-02,British Columbia,7.3
2021-02,British Columbia,7.5
2021-02,British Columbia,0.5
2021-02,British Columbia,0.5
2021-02,British Columbia,0.6
2021-02,British Columbia,7.3
2021-02,British Columbia,7.5
2021-02,British Columbia,0.5
2021-02,British Columbia,0.5
2021-02,British Columbia,0.6
2021-02,British Columbia,14.7
2021-02,British Columbia,15.6
2021-02,British Columbia,2.0
2021-02,British Columbia,2.0
2021-02,British Columbia,2.2
2021-02,British Columbia,14.7
2021-02,British Columbia,16.0
2021-02,British Columbia,6.1
2021-02,British Columbia,6.3
2021-02,British Columbia,0.5
2021-02,British Columbia,0.5
2021-02,British Columbia,0.6
2021-02,British Columbia,5.8
2021-02,British Columbia,5.9
2021-02,British Columbia,0.6
2021-02,British Columbia,0.6
2021-02,British Columbia,0.7
2021-02,British Columbia,7.0
2021-02,British Columbia,7.4
2021-02,British Columbia,0.9
2021-02,British Columbia,0.9
2021-02,British Columbia,1.1
2021-02,British Columbia,6.9
2021-02,British Columbia,7.6
2021-02,British Columbia,0.7
2021-02,British Columbia,0.7
2021-02,British Columbia,0.8
2021-02,British Columbia,6.9
2021-02,British Columbia,7.7
2021-02,British Columbia,0.7
2021-02,British Columbia,0.7
2021-02,British Columbia,0.8
2021-02,British Columbia,13.0
2021-02,British Columbia,15.4
2021-02,British Columbia,2.6
2021-02,British Columbia,2.7
2021-02,British Columbia,3.0
2021-02,British Columbia,19.0
2021-02,British Columbia,14.0
2021-02,British Columbia,6.0
2021-02,British Columbia,6.5
2021-02,British Columbia,0.7
2021-02,British Columbia,0.6
2021-02,British Columbia,0.8
2021-02,British Columbia,5.9
2021-02,British Columbia,6.5
2021-02,British Columbia,0.8
2021-02,British Columbia,0.8
2021-02,British Columbia,0.9
2021-02,British Columbia,6.0
2021-02,British Columbia,6.5
2021-02,British Columbia,1.2
2021-02,British Columbia,1.2
2021-02,British Columbia,1.4
2021-02,British Columbia,7.7
2021-02,British Columbia,7.3
2021-02,British Columbia,0.7
2021-02,British Columbia,0.7
2021-02,British Columbia,0.8
2021-02,British Columbia,7.7
2021-02,British Columbia,7.3
2021-02,British Columbia,0.7
2021-02,British Columbia,0.7
2021-02,British Columbia,0.8
2021-02,British Columbia,16.5
2021-02,British Columbia,15.7
2021-02,British Columbia,2.8
2021-02,British Columbia,2.9
2021-02,British Columbia,3.1
2021-02,British Columbia,11.0
2021-02,British Columbia,18.3
2021-02,British Columbia,6.3
2021-02,British Columbia,6.0
2021-02,British Columbia,0.6
2021-02,British Columbia,0.7
2021-02,British Columbia,0.8
2021-02,British Columbia,5.7
2021-02,British Columbia,5.2
2021-02,British Columbia,0.8
2021-02,British Columbia,0.8
2021-02,British Columbia,0.9
2021-02,British Columbia,8.0
2021-02,British Columbia,8.4
2021-02,British Columbia,1.3
2021-02,British Columbia,1.4
2021-02,British Columbia,1.6
2021-03,British Columbia,7.2
2021-03,British Columbia,7.5
2021-03,British Columbia,0.5
2021-03,British Columbia,0.5
2021-03,British Columbia,0.6
2021-03,British Columbia,7.4
2021-03,British Columbia,7.5
2021-03,British Columbia,0.5
2021-03,British Columbia,0.5
2021-03,British Columbia,0.6
2021-03,British Columbia,13.7
2021-03,British Columbia,14.6
2021-03,British Columbia,2.0
2021-03,British Columbia,2.0
2021-03,British Columbia,2.2
2021-03,British Columbia,18.6
2021-03,British Columbia,12.2
2021-03,British Columbia,6.1
2021-03,British Columbia,6.4
2021-03,British Columbia,0.5
2021-03,British Columbia,0.5
2021-03,British Columbia,0.6
2021-03,British Columbia,5.8
2021-03,British Columbia,5.9
2021-03,British Columbia,0.6
2021-03,British Columbia,0.6
2021-03,British Columbia,0.7
2021-03,British Columbia,7.2
2021-03,British Columbia,7.9
2021-03,British Columbia,0.9
2021-03,British Columbia,0.9
2021-03,British Columbia,1.1
2021-03,British Columbia,6.6
2021-03,British Columbia,7.2
2021-03,British Columbia,0.7
2021-03,British Columbia,0.7
2021-03,British Columbia,0.8
2021-03,British Columbia,6.8
2021-03,British Columbia,7.2
2021-03,British Columbia,0.7
2021-03,British Columbia,0.7
2021-03,British Columbia,0.8
2021-03,British Columbia,12.1
2021-03,British Columbia,14.5
2021-03,British Columbia,2.6
2021-03,British Columbia,2.7
2021-03,British Columbia,3.0
2021-03,British Columbia,17.8
2021-03,British Columbia,12.6
2021-03,British Columbia,5.7
2021-03,British Columbia,6.1
2021-03,British Columbia,0.7
2021-03,British Columbia,0.6
2021-03,British Columbia,0.8
2021-03,British Columbia,5.6
2021-03,British Columbia,5.7
2021-03,British Columbia,0.8
2021-03,British Columbia,0.8
2021-03,British Columbia,0.9
2021-03,British Columbia,6.2
2021-03,British Columbia,7.3
2021-03,British Columbia,1.2
2021-03,British Columbia,1.2
2021-03,British Columbia,1.4
2021-03,British Columbia,7.8
2021-03,British Columbia,7.8
2021-03,British Columbia,0.7
2021-03,British Columbia,0.7
2021-03,British Columbia,0.8
2021-03,British Columbia,7.9
2021-03,British Columbia,7.8
2021-03,British Columbia,0.7
2021-03,British Columbia,0.7
2021-03,British Columbia,0.8
2021-03,British Columbia,15.4
2021-03,British Columbia,14.6
2021-03,British Columbia,2.8
2021-03,British Columbia,2.9
2021-03,British Columbia,3.1
2021-03,British Columbia,19.4
2021-03,British Columbia,11.8
2021-03,British Columbia,6.6
2021-03,British Columbia,6.7
2021-03,British Columbia,0.6
2021-03,British Columbia,0.7
2021-03,British Columbia,0.8
2021-03,British Columbia,6.0
2021-03,British Columbia,6.1
2021-03,British Columbia,0.8
2021-03,British Columbia,0.8
2021-03,British Columbia,0.9
2021-03,British Columbia,8.5
2021-03,British Columbia,8.6
2021-03,British Columbia,1.3
2021-03,British Columbia,1.4
2021-03,British Columbia,1.6
2021-04,British Columbia,7.0
2021-04,British Columbia,7.1
2021-04,British Columbia,0.5
2021-04,British Columbia,0.5
2021-04,British Columbia,0.6
2021-04,British Columbia,7.1
2021-04,British Columbia,7.1
2021-04,British Columbia,0.5
2021-04,British Columbia,0.5
2021-04,British Columbia,0.6
2021-04,British Columbia,11.3
2021-04,British Columbia,11.6
2021-04,British Columbia,2.0
2021-04,British Columbia,2.0
2021-04,British Columbia,2.2
2021-04,British Columbia,17.1
2021-04,British Columbia,8.6
2021-04,British Columbia,6.4
2021-04,British Columbia,6.5
2021-04,British Columbia,0.5
2021-04,British Columbia,0.5
2021-04,British Columbia,0.6
2021-04,British Columbia,5.7
2021-04,British Columbia,5.7
2021-04,British Columbia,0.6
2021-04,British Columbia,0.6
2021-04,British Columbia,0.7
2021-04,British Columbia,8.6
2021-04,British Columbia,8.8
2021-04,British Columbia,0.9
2021-04,British Columbia,0.9
2021-04,British Columbia,1.1
2021-04,British Columbia,7.0
2021-04,British Columbia,7.6
2021-04,British Columbia,0.7
2021-04,British Columbia,0.7
2021-04,British Columbia,0.8
2021-04,British Columbia,7.3
2021-04,British Columbia,7.6
2021-04,British Columbia,0.7
2021-04,British Columbia,0.7
2021-04,British Columbia,0.8
2021-04,British Columbia,11.7
2021-04,British Columbia,12.4
2021-04,British Columbia,2.6
2021-04,British Columbia,2.7
2021-04,British Columbia,3.0
2021-04,British Columbia,16.0
2021-04,British Columbia,10.5
2021-04,British Columbia,6.4
2021-04,British Columbia,7.0
2021-04,British Columbia,0.7
2021-04,British Columbia,0.6
2021-04,British Columbia,0.8
2021-04,British Columbia,6.1
2021-04,British Columbia,6.6
2021-04,British Columbia,0.8
2021-04,British Columbia,0.8
2021-04,British Columbia,0.9
2021-04,British Columbia,7.1
2021-04,British Columbia,8.2
2021-04,British Columbia,1.2
2021-04,British Columbia,1.2
2021-04,British Columbia,1.4
2021-04,British Columbia,7.1
2021-04,British Columbia,6.6
2021-04,British Columbia,0.7
2021-04,British Columbia,0.7
2021-04,British Columbia,0.8
2021-04,British Columbia,6.9
2021-04,British Columbia,6.5
2021-04,British Columbia,0.7
2021-04,British Columbia,0.7
2021-04,British Columbia,0.8
2021-04,British Columbia,11.0
2021-04,British Columbia,10.8
2021-04,British Columbia,2.8
2021-04,British Columbia,2.9
2021-04,British Columbia,3.1
2021-04,British Columbia,18.2
2021-04,British Columbia,6.7
2021-04,British Columbia,6.5
2021-04,British Columbia,6.0
2021-04,British Columbia,0.6
2021-04,British Columbia,0.7
2021-04,British Columbia,0.8
2021-04,British Columbia,5.2
2021-04,British Columbia,4.9
2021-04,British Columbia,0.8
2021-04,British Columbia,0.8
2021-04,British Columbia,0.9
2021-04,British Columbia,10.4
2021-04,British Columbia,9.5
2021-04,British Columbia,1.3
2021-04,British Columbia,1.4
2021-04,British Columbia,1.6
2021-05,British Columbia,7.1
2021-05,British Columbia,7.2
2021-05,British Columbia,0.5
2021-05,British Columbia,0.5
2021-05,British Columbia,0.6
2021-05,British Columbia,7.1
2021-05,British Columbia,7.2
2021-05,British Columbia,0.5
2021-05,British Columbia,0.5
2021-05,British Columbia,0.6
2021-05,British Columbia,15.2
2021-05,British Columbia,16.1
2021-05,British Columbia,2.0
2021-05,British Columbia,2.0
2021-05,British Columbia,2.2
2021-05,British Columbia,24.0
2021-05,British Columbia,11.9
2021-05,British Columbia,5.9
2021-05,British Columbia,5.8
2021-05,British Columbia,0.5
2021-05,British Columbia,0.5
2021-05,British Columbia,0.6
2021-05,British Columbia,5.5
2021-05,British Columbia,4.9
2021-05,British Columbia,0.6
2021-05,British Columbia,0.6
2021-05,British Columbia,0.7
2021-05,British Columbia,7.3
2021-05,British Columbia,8.4
2021-05,British Columbia,0.9
2021-05,British Columbia,0.9
2021-05,British Columbia,1.1
2021-05,British Columbia,7.1
2021-05,British Columbia,7.5
2021-05,British Columbia,0.7
2021-05,British Columbia,0.7
2021-05,British Columbia,0.8
2021-05,British Columbia,7.3
2021-05,British Columbia,7.5
2021-05,British Columbia,0.7
2021-05,British Columbia,0.7
2021-05,British Columbia,0.8
2021-05,British Columbia,14.4
2021-05,British Columbia,15.7
2021-05,British Columbia,2.6
2021-05,British Columbia,2.7
2021-05,British Columbia,3.0
2021-05,British Columbia,24.5
2021-05,British Columbia,11.3
2021-05,British Columbia,6.0
2021-05,British Columbia,6.2
2021-05,British Columbia,0.7
2021-05,British Columbia,0.6
2021-05,British Columbia,0.8
2021-05,British Columbia,5.8
2021-05,British Columbia,5.6
2021-05,British Columbia,0.8
2021-05,British Columbia,0.8
2021-05,British Columbia,0.9
2021-05,British Columbia,6.6
2021-05,British Columbia,8.0
2021-05,British Columbia,1.2
2021-05,British Columbia,1.2
2021-05,British Columbia,1.4
2021-05,British Columbia,7.2
2021-05,British Columbia,6.9
2021-05,British Columbia,0.7
2021-05,British Columbia,0.7
2021-05,British Columbia,0.8
2021-05,British Columbia,6.9
2021-05,British Columbia,6.9
2021-05,British Columbia,0.7
2021-05,British Columbia,0.7
2021-05,British Columbia,0.8
2021-05,British Columbia,16.1
2021-05,British Columbia,16.6
2021-05,British Columbia,2.8
2021-05,British Columbia,2.9
2021-05,British Columbia,3.1
2021-05,British Columbia,23.7
2021-05,British Columbia,12.5
2021-05,British Columbia,5.8
2021-05,British Columbia,5.4
2021-05,British Columbia,0.6
2021-05,British Columbia,0.7
2021-05,British Columbia,0.8
2021-05,British Columbia,5.1
2021-05,British Columbia,4.2
2021-05,British Columbia,0.8
2021-05,British Columbia,0.8
2021-05,British Columbia,0.9
2021-05,British Columbia,8.2
2021-05,British Columbia,9.0
2021-05,British Columbia,1.3
2021-05,British Columbia,1.4
2021-05,British Columbia,1.6
2021-06,British Columbia,6.6
2021-06,British Columbia,6.4
2021-06,British Columbia,0.5
2021-06,British Columbia,0.5
2021-06,British Columbia,0.6
2021-06,British Columbia,6.4
2021-06,British Columbia,6.3
2021-06,British Columbia,0.5
2021-06,British Columbia,0.5
2021-06,British Columbia,0.6
2021-06,British Columbia,10.4
2021-06,British Columbia,9.9
2021-06,British Columbia,2.0
2021-06,British Columbia,2.0
2021-06,British Columbia,2.2
2021-06,British Columbia,13.4
2021-06,British Columbia,7.9
2021-06,British Columbia,6.0
2021-06,British Columbia,5.8
2021-06,British Columbia,0.5
2021-06,British Columbia,0.5
2021-06,British Columbia,0.6
2021-06,British Columbia,4.9
2021-06,British Columbia,4.8
2021-06,British Columbia,0.6
2021-06,British Columbia,0.6
2021-06,British Columbia,0.7
2021-06,British Columbia,9.4
2021-06,British Columbia,8.9
2021-06,British Columbia,0.9
2021-06,British Columbia,0.9
2021-06,British Columbia,1.1
2021-06,British Columbia,6.7
2021-06,British Columbia,6.4
2021-06,British Columbia,0.7
2021-06,British Columbia,0.7
2021-06,British Columbia,0.8
2021-06,British Columbia,6.7
2021-06,British Columbia,6.4
2021-06,British Columbia,0.7
2021-06,British Columbia,0.7
2021-06,British Columbia,0.8
2021-06,British Columbia,10.4
2021-06,British Columbia,9.4
2021-06,British Columbia,2.6
2021-06,British Columbia,2.7
2021-06,British Columbia,3.0
2021-06,British Columbia,9.6
2021-06,British Columbia,9.2
2021-06,British Columbia,6.2
2021-06,British Columbia,5.9
2021-06,British Columbia,0.7
2021-06,British Columbia,0.6
2021-06,British Columbia,0.8
2021-06,British Columbia,5.6
2021-06,British Columbia,5.3
2021-06,British Columbia,0.8
2021-06,British Columbia,0.8
2021-06,British Columbia,0.9
2021-06,British Columbia,7.7
2021-06,British Columbia,7.7
2021-06,British Columbia,1.2
2021-06,British Columbia,1.2
2021-06,British Columbia,1.4
2021-06,British Columbia,6.4
2021-06,British Columbia,6.3
2021-06,British Columbia,0.7
2021-06,British Columbia,0.7
2021-06,British Columbia,0.8
2021-06,British Columbia,6.1
2021-06,British Columbia,6.2
2021-06,British Columbia,0.7
2021-06,British Columbia,0.7
2021-06,British Columbia,0.8
2021-06,British Columbia,10.4
2021-06,British Columbia,10.5
2021-06,British Columbia,2.8
2021-06,British Columbia,2.9
2021-06,British Columbia,3.1
2021-06,British Columbia,17.7
2021-06,British Columbia,6.4
2021-06,British Columbia,5.8
2021-06,British Columbia,5.7
2021-06,British Columbia,0.6
2021-06,British Columbia,0.7
2021-06,British Columbia,0.8
2021-06,British Columbia,4.0
2021-06,British Columbia,4.2
2021-06,British Columbia,0.8
2021-06,British Columbia,0.8
2021-06,British Columbia,0.9
2021-06,British Columbia,11.4
2021-06,British Columbia,10.3
2021-06,British Columbia,1.3
2021-06,British Columbia,1.4
2021-06,British Columbia,1.6
2021-07,British Columbia,6.4
2021-07,British Columbia,6.7
2021-07,British Columbia,0.5
2021-07,British Columbia,0.5
2021-07,British Columbia,0.6
2021-07,British Columbia,6.4
2021-07,British Columbia,6.6
2021-07,British Columbia,0.5
2021-07,British Columbia,0.5
2021-07,British Columbia,0.7
2021-07,British Columbia,11.8
2021-07,British Columbia,12.5
2021-07,British Columbia,1.9
2021-07,British Columbia,1.9
2021-07,British Columbia,2.5
2021-07,British Columbia,14.7
2021-07,British Columbia,11.2
2021-07,British Columbia,5.6
2021-07,British Columbia,5.7
2021-07,British Columbia,0.5
2021-07,British Columbia,0.4
2021-07,British Columbia,0.6
2021-07,British Columbia,5.2
2021-07,British Columbia,5.4
2021-07,British Columbia,0.6
2021-07,British Columbia,0.5
2021-07,British Columbia,0.7
2021-07,British Columbia,6.5
2021-07,British Columbia,6.3
2021-07,British Columbia,0.9
2021-07,British Columbia,0.9
2021-07,British Columbia,1.2
2021-07,British Columbia,6.5
2021-07,British Columbia,6.2
2021-07,British Columbia,0.6
2021-07,British Columbia,0.6
2021-07,British Columbia,0.8
2021-07,British Columbia,6.3
2021-07,British Columbia,6.1
2021-07,British Columbia,0.7
2021-07,British Columbia,0.7
2021-07,British Columbia,0.9
2021-07,British Columbia,12.0
2021-07,British Columbia,11.9
2021-07,British Columbia,2.5
2021-07,British Columbia,2.5
2021-07,British Columbia,3.2
2021-07,British Columbia,11.9
2021-07,British Columbia,11.9
2021-07,British Columbia,5.7
2021-07,British Columbia,5.2
2021-07,British Columbia,0.6
2021-07,British Columbia,0.6
2021-07,British Columbia,0.8
2021-07,British Columbia,5.2
2021-07,British Columbia,4.8
2021-07,British Columbia,0.8
2021-07,British Columbia,0.7
2021-07,British Columbia,1.0
2021-07,British Columbia,6.9
2021-07,British Columbia,6.2
2021-07,British Columbia,1.2
2021-07,British Columbia,1.2
2021-07,British Columbia,1.5
2021-07,British Columbia,6.3
2021-07,British Columbia,7.3
2021-07,British Columbia,0.7
2021-07,British Columbia,0.7
2021-07,British Columbia,0.9
2021-07,British Columbia,6.5
2021-07,British Columbia,7.3
2021-07,British Columbia,0.7
2021-07,British Columbia,0.7
2021-07,British Columbia,0.9
2021-07,British Columbia,11.6
2021-07,British Columbia,13.1
2021-07,British Columbia,2.8
2021-07,British Columbia,2.7
2021-07,British Columbia,3.6
2021-07,British Columbia,17.7
2021-07,British Columbia,10.4
2021-07,British Columbia,5.5
2021-07,British Columbia,6.2
2021-07,British Columbia,0.6
2021-07,British Columbia,0.6
2021-07,British Columbia,0.9
2021-07,British Columbia,5.3
2021-07,British Columbia,6.1
2021-07,British Columbia,0.8
2021-07,British Columbia,0.7
2021-07,British Columbia,1.0
2021-07,British Columbia,6.1
2021-07,British Columbia,6.5
2021-07,British Columbia,1.3
2021-07,British Columbia,1.3
2021-07,British Columbia,1.8
2021-08,British Columbia,6.5
2021-08,British Columbia,7.5
2021-08,British Columbia,0.5
2021-08,British Columbia,0.5
2021-08,British Columbia,0.6
2021-08,British Columbia,6.7
2021-08,British Columbia,7.5
2021-08,British Columbia,0.5
2021-08,British Columbia,0.5
2021-08,British Columbia,0.7
2021-08,British Columbia,11.7
2021-08,British Columbia,12.1
2021-08,British Columbia,1.9
2021-08,British Columbia,1.9
2021-08,British Columbia,2.5
2021-08,British Columbia,15.7
2021-08,British Columbia,9.9
2021-08,British Columbia,5.7
2021-08,British Columbia,6.7
2021-08,British Columbia,0.5
2021-08,British Columbia,0.4
2021-08,British Columbia,0.6
2021-08,British Columbia,5.5
2021-08,British Columbia,6.8
2021-08,British Columbia,0.6
2021-08,British Columbia,0.5
2021-08,British Columbia,0.7
2021-08,British Columbia,6.1
2021-08,British Columbia,6.5
2021-08,British Columbia,0.9
2021-08,British Columbia,0.9
2021-08,British Columbia,1.2
2021-08,British Columbia,6.4
2021-08,British Columbia,6.2
2021-08,British Columbia,0.6
2021-08,British Columbia,0.6
2021-08,British Columbia,0.8
2021-08,British Columbia,6.3
2021-08,British Columbia,6.3
2021-08,British Columbia,0.7
2021-08,British Columbia,0.7
2021-08,British Columbia,0.9
2021-08,British Columbia,12.6
2021-08,British Columbia,11.6
2021-08,British Columbia,2.5
2021-08,British Columbia,2.5
2021-08,British Columbia,3.2
2021-08,British Columbia,16.0
2021-08,British Columbia,9.0
2021-08,British Columbia,5.4
2021-08,British Columbia,5.3
2021-08,British Columbia,0.6
2021-08,British Columbia,0.6
2021-08,British Columbia,0.8
2021-08,British Columbia,5.2
2021-08,British Columbia,5.4
2021-08,British Columbia,0.8
2021-08,British Columbia,0.7
2021-08,British Columbia,1.0
2021-08,British Columbia,6.1
2021-08,British Columbia,5.2
2021-08,British Columbia,1.2
2021-08,British Columbia,1.2
2021-08,British Columbia,1.5
2021-08,British Columbia,6.6
2021-08,British Columbia,8.9
2021-08,British Columbia,0.7
2021-08,British Columbia,0.7
2021-08,British Columbia,0.9
2021-08,British Columbia,7.0
2021-08,British Columbia,8.9
2021-08,British Columbia,0.7
2021-08,British Columbia,0.7
2021-08,British Columbia,0.9
2021-08,British Columbia,10.8
2021-08,British Columbia,12.6
2021-08,British Columbia,2.8
2021-08,British Columbia,2.7
2021-08,British Columbia,3.6
2021-08,British Columbia,15.5
2021-08,British Columbia,10.9
2021-08,British Columbia,5.9
2021-08,British Columbia,8.2
2021-08,British Columbia,0.6
2021-08,British Columbia,0.6
2021-08,British Columbia,0.9
2021-08,British Columbia,5.9
2021-08,British Columbia,8.3
2021-08,British Columbia,0.8
2021-08,British Columbia,0.7
2021-08,British Columbia,1.0
2021-08,British Columbia,6.0
2021-08,British Columbia,8.0
2021-08,British Columbia,1.3
2021-08,British Columbia,1.3
2021-08,British Columbia,1.8
2021-09,British Columbia,6.2
2021-09,British Columbia,5.6
2021-09,British Columbia,0.5
2021-09,British Columbia,0.5
2021-09,British Columbia,0.6
2021-09,British Columbia,6.0
2021-09,British Columbia,5.5
2021-09,British Columbia,0.5
2021-09,British Columbia,0.5
2021-09,British Columbia,0.7
2021-09,British Columbia,11.1
2021-09,British Columbia,10.8
2021-09,British Columbia,1.9
2021-09,British Columbia,1.9
2021-09,British Columbia,2.5
2021-09,British Columbia,11.0
2021-09,British Columbia,10.8
2021-09,British Columbia,5.4
2021-09,British Columbia,4.8
2021-09,British Columbia,0.5
2021-09,British Columbia,0.4
2021-09,British Columbia,0.6
2021-09,British Columbia,4.9
2021-09,British Columbia,4.5
2021-09,British Columbia,0.6
2021-09,British Columbia,0.5
2021-09,British Columbia,0.7
2021-09,British Columbia,6.7
2021-09,British Columbia,5.6
2021-09,British Columbia,0.9
2021-09,British Columbia,0.9
2021-09,British Columbia,1.2
2021-09,British Columbia,5.9
2021-09,British Columbia,5.1
2021-09,British Columbia,0.6
2021-09,British Columbia,0.6
2021-09,British Columbia,0.8
2021-09,British Columbia,5.7
2021-09,British Columbia,5.0
2021-09,British Columbia,0.7
2021-09,British Columbia,0.7
2021-09,British Columbia,0.9
2021-09,British Columbia,11.8
2021-09,British Columbia,10.8
2021-09,British Columbia,2.5
2021-09,British Columbia,2.5
2021-09,British Columbia,3.2
2021-09,British Columbia,10.1
2021-09,British Columbia,11.1
2021-09,British Columbia,5.0
2021-09,British Columbia,4.3
2021-09,British Columbia,0.6
2021-09,British Columbia,0.6
2021-09,British Columbia,0.8
2021-09,British Columbia,4.5
2021-09,British Columbia,4.1
2021-09,British Columbia,0.8
2021-09,British Columbia,0.7
2021-09,British Columbia,1.0
2021-09,British Columbia,6.4
2021-09,British Columbia,4.9
2021-09,British Columbia,1.2
2021-09,British Columbia,1.2
2021-09,British Columbia,1.5
2021-09,British Columbia,6.5
2021-09,British Columbia,6.1
2021-09,British Columbia,0.7
2021-09,British Columbia,0.7
2021-09,British Columbia,0.9
2021-09,British Columbia,6.3
2021-09,British Columbia,6.0
2021-09,British Columbia,0.7
2021-09,British Columbia,0.7
2021-09,British Columbia,0.9
2021-09,British Columbia,10.4
2021-09,British Columbia,10.9
2021-09,British Columbia,2.8
2021-09,British Columbia,2.7
2021-09,British Columbia,3.6
2021-09,British Columbia,11.9
2021-09,British Columbia,10.3
2021-09,British Columbia,5.8
2021-09,British Columbia,5.3
2021-09,British Columbia,0.6
2021-09,British Columbia,0.6
2021-09,British Columbia,0.9
2021-09,British Columbia,5.3
2021-09,British Columbia,4.9
2021-09,British Columbia,0.8
2021-09,British Columbia,0.7
2021-09,British Columbia,1.0
2021-09,British Columbia,7.1
2021-09,British Columbia,6.5
2021-09,British Columbia,1.3
2021-09,British Columbia,1.3
2021-09,British Columbia,1.8
2021-10,British Columbia,5.6
2021-10,British Columbia,5.1
2021-10,British Columbia,0.5
2021-10,British Columbia,0.5
2021-10,British Columbia,0.6
2021-10,British Columbia,5.4
2021-10,British Columbia,4.9
2021-10,British Columbia,0.5
2021-10,British Columbia,0.5
2021-10,British Columbia,0.7
2021-10,British Columbia,10.0
2021-10,British Columbia,9.4
2021-10,British Columbia,1.9
2021-10,British Columbia,1.9
2021-10,British Columbia,2.5
2021-10,British Columbia,9.1
2021-10,British Columbia,9.5
2021-10,British Columbia,4.9
2021-10,British Columbia,4.5
2021-10,British Columbia,0.5
2021-10,British Columbia,0.4
2021-10,British Columbia,0.6
2021-10,British Columbia,4.1
2021-10,British Columbia,3.8
2021-10,British Columbia,0.6
2021-10,British Columbia,0.5
2021-10,British Columbia,0.7
2021-10,British Columbia,7.3
2021-10,British Columbia,6.6
2021-10,British Columbia,0.9
2021-10,British Columbia,0.9
2021-10,British Columbia,1.2
2021-10,British Columbia,6.0
2021-10,British Columbia,5.5
2021-10,British Columbia,0.6
2021-10,British Columbia,0.6
2021-10,British Columbia,0.8
2021-10,British Columbia,5.7
2021-10,British Columbia,5.2
2021-10,British Columbia,0.7
2021-10,British Columbia,0.7
2021-10,British Columbia,0.9
2021-10,British Columbia,10.9
2021-10,British Columbia,10.2
2021-10,British Columbia,2.5
2021-10,British Columbia,2.5
2021-10,British Columbia,3.2
2021-10,British Columbia,7.2
2021-10,British Columbia,11.6
2021-10,British Columbia,5.3
2021-10,British Columbia,4.8
2021-10,British Columbia,0.6
2021-10,British Columbia,0.6
2021-10,British Columbia,0.8
2021-10,British Columbia,4.4
2021-10,British Columbia,3.9
2021-10,British Columbia,0.8
2021-10,British Columbia,0.7
2021-10,British Columbia,1.0
2021-10,British Columbia,7.9
2021-10,British Columbia,7.2
2021-10,British Columbia,1.2
2021-10,British Columbia,1.2
2021-10,British Columbia,1.5
2021-10,British Columbia,5.2
2021-10,British Columbia,4.8
2021-10,British Columbia,0.7
2021-10,British Columbia,0.7
2021-10,British Columbia,0.9
2021-10,British Columbia,5.0
2021-10,British Columbia,4.6
2021-10,British Columbia,0.7
2021-10,British Columbia,0.7
2021-10,British Columbia,0.9
2021-10,British Columbia,9.2
2021-10,British Columbia,8.5
2021-10,British Columbia,2.8
2021-10,British Columbia,2.7
2021-10,British Columbia,3.6
2021-10,British Columbia,10.8
2021-10,British Columbia,7.2
2021-10,British Columbia,4.5
2021-10,British Columbia,4.2
2021-10,British Columbia,0.6
2021-10,British Columbia,0.6
2021-10,British Columbia,0.9
2021-10,British Columbia,3.8
2021-10,British Columbia,3.6
2021-10,British Columbia,0.8
2021-10,British Columbia,0.7
2021-10,British Columbia,1.0
2021-10,British Columbia,6.5
2021-10,British Columbia,5.8
2021-10,British Columbia,1.3
2021-10,British Columbia,1.3
2021-10,British Columbia,1.8
2021-11,British Columbia,5.5
2021-11,British Columbia,5.3
2021-11,British Columbia,0.5
2021-11,British Columbia,0.5
2021-11,British Columbia,0.6
2021-11,British Columbia,5.4
2021-11,British Columbia,5.2
2021-11,British Columbia,0.5
2021-11,British Columbia,0.5
2021-11,British Columbia,0.7
2021-11,British Columbia,10.6
2021-11,British Columbia,9.8
2021-11,British Columbia,1.9
2021-11,British Columbia,1.9
2021-11,British Columbia,2.5
2021-11,British Columbia,13.3
2021-11,British Columbia,7.9
2021-11,British Columbia,4.7
2021-11,British Columbia,4.6
2021-11,British Columbia,0.5
2021-11,British Columbia,0.4
2021-11,British Columbia,0.6
2021-11,British Columbia,3.6
2021-11,British Columbia,3.6
2021-11,British Columbia,0.6
2021-11,British Columbia,0.5
2021-11,British Columbia,0.7
2021-11,British Columbia,8.0
2021-11,British Columbia,7.4
2021-11,British Columbia,0.9
2021-11,British Columbia,0.9
2021-11,British Columbia,1.2
2021-11,British Columbia,6.0
2021-11,British Columbia,5.8
2021-11,British Columbia,0.6
2021-11,British Columbia,0.6
2021-11,British Columbia,0.8
2021-11,British Columbia,5.8
2021-11,British Columbia,5.9
2021-11,British Columbia,0.7
2021-11,British Columbia,0.7
2021-11,British Columbia,0.9
2021-11,British Columbia,13.3
2021-11,British Columbia,12.6
2021-11,British Columbia,2.5
2021-11,British Columbia,2.5
2021-11,British Columbia,3.2
2021-11,British Columbia,16.3
2021-11,British Columbia,10.8
2021-11,British Columbia,4.9
2021-11,British Columbia,4.8
2021-11,British Columbia,0.6
2021-11,British Columbia,0.6
2021-11,British Columbia,0.8
2021-11,British Columbia,3.9
2021-11,British Columbia,4.1
2021-11,British Columbia,0.8
2021-11,British Columbia,0.7
2021-11,British Columbia,1.0
2021-11,British Columbia,7.6
2021-11,British Columbia,6.9
2021-11,British Columbia,1.2
2021-11,British Columbia,1.2
2021-11,British Columbia,1.5
2021-11,British Columbia,4.9
2021-11,British Columbia,4.7
2021-11,British Columbia,0.7
2021-11,British Columbia,0.7
2021-11,British Columbia,0.9
2021-11,British Columbia,4.9
2021-11,British Columbia,4.6
2021-11,British Columbia,0.7
2021-11,British Columbia,0.7
2021-11,British Columbia,0.9
2021-11,British Columbia,7.8
2021-11,British Columbia,7.0
2021-11,British Columbia,2.8
2021-11,British Columbia,2.7
2021-11,British Columbia,3.6
2021-11,British Columbia,10.6
2021-11,British Columbia,4.8
2021-11,British Columbia,4.4
2021-11,British Columbia,4.4
2021-11,British Columbia,0.6
2021-11,British Columbia,0.6
2021-11,British Columbia,0.9
2021-11,British Columbia,3.2
2021-11,British Columbia,3.2
2021-11,British Columbia,0.8
2021-11,British Columbia,0.7
2021-11,British Columbia,1.0
2021-11,British Columbia,8.5
2021-11,British Columbia,8.1
2021-11,British Columbia,1.3
2021-11,British Columbia,1.3
2021-11,British Columbia,1.8
2021-12,British Columbia,5.3
2021-12,British Columbia,4.8
2021-12,British Columbia,0.5
2021-12,British Columbia,0.5
2021-12,British Columbia,0.6
2021-12,British Columbia,5.2
2021-12,British Columbia,4.8
2021-12,British Columbia,0.5
2021-12,British Columbia,0.5
2021-12,British Columbia,0.7
2021-12,British Columbia,10.6
2021-12,British Columbia,9.0
2021-12,British Columbia,1.9
2021-12,British Columbia,1.9
2021-12,British Columbia,2.5
2021-12,British Columbia,6.1
2021-12,British Columbia,10.5
2021-12,British Columbia,4.4
2021-12,British Columbia,4.2
2021-12,British Columbia,0.5
2021-12,British Columbia,0.4
2021-12,British Columbia,0.6
2021-12,British Columbia,4.0
2021-12,British Columbia,3.7
2021-12,British Columbia,0.6
2021-12,British Columbia,0.5
2021-12,British Columbia,0.7
2021-12,British Columbia,5.7
2021-12,British Columbia,5.5
2021-12,British Columbia,0.9
2021-12,British Columbia,0.9
2021-12,British Columbia,1.2
2021-12,British Columbia,6.0
2021-12,British Columbia,5.8
2021-12,British Columbia,0.6
2021-12,British Columbia,0.6
2021-12,British Columbia,0.8
2021-12,British Columbia,5.9
2021-12,British Columbia,5.7
2021-12,British Columbia,0.7
2021-12,British Columbia,0.7
2021-12,British Columbia,0.9
2021-12,British Columbia,13.3
2021-12,British Columbia,12.2
2021-12,British Columbia,2.5
2021-12,British Columbia,2.5
2021-12,British Columbia,3.2
2021-12,British Columbia,6.9
2021-12,British Columbia,14.6
2021-12,British Columbia,4.9
2021-12,British Columbia,4.9
2021-12,British Columbia,0.6
2021-12,British Columbia,0.6
2021-12,British Columbia,0.8
2021-12,British Columbia,4.4
2021-12,British Columbia,4.3
2021-12,British Columbia,0.8
2021-12,British Columbia,0.7
2021-12,British Columbia,1.0
2021-12,British Columbia,6.5
2021-12,British Columbia,6.5
2021-12,British Columbia,1.2
2021-12,British Columbia,1.2
2021-12,British Columbia,1.5
2021-12,British Columbia,4.5
2021-12,British Columbia,3.7
2021-12,British Columbia,0.7
2021-12,British Columbia,0.7
2021-12,British Columbia,0.9
2021-12,British Columbia,4.4
2021-12,British Columbia,3.7
2021-12,British Columbia,0.7
2021-12,British Columbia,0.7
2021-12,British Columbia,0.9
2021-12,British Columbia,8.0
2021-12,British Columbia,5.7
2021-12,British Columbia,2.8
2021-12,British Columbia,2.7
2021-12,British Columbia,3.6
2021-12,British Columbia,5.5
2021-12,British Columbia,5.9
2021-12,British Columbia,3.8
2021-12,British Columbia,3.4
2021-12,British Columbia,0.6
2021-12,British Columbia,0.6
2021-12,British Columbia,0.9
2021-12,British Columbia,3.6
2021-12,British Columbia,3.1
2021-12,British Columbia,0.8
2021-12,British Columbia,0.7
2021-12,British Columbia,1.0
2021-12,British Columbia,4.6
2021-12,British Columbia,4.3
2021-12,British Columbia,1.3
2021-12,British Columbia,1.3
2021-12,British Columbia,1.8
2022-01,British Columbia,5.1
2022-01,British Columbia,5.4
2022-01,British Columbia,0.4
2022-01,British Columbia,0.4
2022-01,British Columbia,0.7
2022-01,British Columbia,5.1
2022-01,British Columbia,5.4
2022-01,British Columbia,0.4
2022-01,British Columbia,0.4
2022-01,British Columbia,0.7
2022-01,British Columbia,9.7
2022-01,British Columbia,10.1
2022-01,British Columbia,1.7
2022-01,British Columbia,1.8
2022-01,British Columbia,2.6
2022-01,British Columbia,8.6
2022-01,British Columbia,10.8
2022-01,British Columbia,4.3
2022-01,British Columbia,4.6
2022-01,British Columbia,0.4
2022-01,British Columbia,0.4
2022-01,British Columbia,0.6
2022-01,British Columbia,4.0
2022-01,British Columbia,4.3
2022-01,British Columbia,0.5
2022-01,British Columbia,0.5
2022-01,British Columbia,0.7
2022-01,British Columbia,5.2
2022-01,British Columbia,5.6
2022-01,British Columbia,0.9
2022-01,British Columbia,0.8
2022-01,British Columbia,1.3
2022-01,British Columbia,5.5
2022-01,British Columbia,6.2
2022-01,British Columbia,0.6
2022-01,British Columbia,0.6
2022-01,British Columbia,0.8
2022-01,British Columbia,5.7
2022-01,British Columbia,6.4
2022-01,British Columbia,0.6
2022-01,British Columbia,0.6
2022-01,British Columbia,0.9
2022-01,British Columbia,13.4
2022-01,British Columbia,14.3
2022-01,British Columbia,2.3
2022-01,British Columbia,2.5
2022-01,British Columbia,3.5
2022-01,British Columbia,9.9
2022-01,British Columbia,16.4
2022-01,British Columbia,4.4
2022-01,British Columbia,5.1
2022-01,British Columbia,0.6
2022-01,British Columbia,0.5
2022-01,British Columbia,0.8
2022-01,British Columbia,4.2
2022-01,British Columbia,4.8
2022-01,British Columbia,0.7
2022-01,British Columbia,0.6
2022-01,British Columbia,1.0
2022-01,British Columbia,4.8
2022-01,British Columbia,5.7
2022-01,British Columbia,1.1
2022-01,British Columbia,1.1
2022-01,British Columbia,1.6
2022-01,British Columbia,4.6
2022-01,British Columbia,4.4
2022-01,British Columbia,0.6
2022-01,British Columbia,0.6
2022-01,British Columbia,0.9
2022-01,British Columbia,4.5
2022-01,British Columbia,4.3
2022-01,British Columbia,0.6
2022-01,British Columbia,0.6
2022-01,British Columbia,0.9
2022-01,British Columbia,6.2
2022-01,British Columbia,6.1
2022-01,British Columbia,2.3
2022-01,British Columbia,2.4
2022-01,British Columbia,3.7
2022-01,British Columbia,7.5
2022-01,British Columbia,5.3
2022-01,British Columbia,4.3
2022-01,British Columbia,4.1
2022-01,British Columbia,0.6
2022-01,British Columbia,0.6
2022-01,British Columbia,0.9
2022-01,British Columbia,3.8
2022-01,British Columbia,3.7
2022-01,British Columbia,0.7
2022-01,British Columbia,0.7
2022-01,British Columbia,1.0
2022-01,British Columbia,5.7
2022-01,British Columbia,5.4
2022-01,British Columbia,1.3
2022-01,British Columbia,1.2
2022-01,British Columbia,1.9
2022-02,British Columbia,4.8
2022-02,British Columbia,4.9
2022-02,British Columbia,0.4
2022-02,British Columbia,0.4
2022-02,British Columbia,0.7
2022-02,British Columbia,4.8
2022-02,British Columbia,4.9
2022-02,British Columbia,0.4
2022-02,British Columbia,0.4
2022-02,British Columbia,0.7
2022-02,British Columbia,9.2
2022-02,British Columbia,9.6
2022-02,British Columbia,1.7
2022-02,British Columbia,1.8
2022-02,British Columbia,2.6
2022-02,British Columbia,11.5
2022-02,British Columbia,8.6
2022-02,British Columbia,4.1
2022-02,British Columbia,4.2
2022-02,British Columbia,0.4
2022-02,British Columbia,0.4
2022-02,British Columbia,0.6
2022-02,British Columbia,3.9
2022-02,British Columbia,3.9
2022-02,British Columbia,0.5
2022-02,British Columbia,0.5
2022-02,British Columbia,0.7
2022-02,British Columbia,4.8
2022-02,British Columbia,4.9
2022-02,British Columbia,0.9
2022-02,British Columbia,0.8
2022-02,British Columbia,1.3
2022-02,British Columbia,5.2
2022-02,British Columbia,5.7
2022-02,British Columbia,0.6
2022-02,British Columbia,0.6
2022-02,British Columbia,0.8
2022-02,British Columbia,5.3
2022-02,British Columbia,5.9
2022-02,British Columbia,0.6
2022-02,British Columbia,0.6
2022-02,British Columbia,0.9
2022-02,British Columbia,12.6
2022-02,British Columbia,14.5
2022-02,British Columbia,2.3
2022-02,British Columbia,2.5
2022-02,British Columbia,3.5
2022-02,British Columbia,17.1
2022-02,British Columbia,13.3
2022-02,British Columbia,4.1
2022-02,British Columbia,4.5
2022-02,British Columbia,0.6
2022-02,British Columbia,0.5
2022-02,British Columbia,0.8
2022-02,British Columbia,3.8
2022-02,British Columbia,4.3
2022-02,British Columbia,0.7
2022-02,British Columbia,0.6
2022-02,British Columbia,1.0
2022-02,British Columbia,5.1
2022-02,British Columbia,5.1
2022-02,British Columbia,1.1
2022-02,British Columbia,1.1
2022-02,British Columbia,1.6
2022-02,British Columbia,4.3
2022-02,British Columbia,4.0
2022-02,British Columbia,0.6
2022-02,British Columbia,0.6
2022-02,British Columbia,0.9
2022-02,British Columbia,4.4
2022-02,British Columbia,3.9
2022-02,British Columbia,0.6
2022-02,British Columbia,0.6
2022-02,British Columbia,0.9
2022-02,British Columbia,5.9
2022-02,British Columbia,4.8
2022-02,British Columbia,2.3
2022-02,British Columbia,2.4
2022-02,British Columbia,3.7
2022-02,British Columbia,6.7
2022-02,British Columbia,3.8
2022-02,British Columbia,4.0
2022-02,British Columbia,3.9
2022-02,British Columbia,0.6
2022-02,British Columbia,0.6
2022-02,British Columbia,0.9
2022-02,British Columbia,3.9
2022-02,British Columbia,3.6
2022-02,British Columbia,0.7
2022-02,British Columbia,0.7
2022-02,British Columbia,1.0
2022-02,British Columbia,4.4
2022-02,British Columbia,4.7
2022-02,British Columbia,1.3
2022-02,British Columbia,1.2
2022-02,British Columbia,1.9
2022-03,British Columbia,5.1
2022-03,British Columbia,5.3
2022-03,British Columbia,0.4
2022-03,British Columbia,0.4
2022-03,British Columbia,0.7
2022-03,British Columbia,5.1
2022-03,British Columbia,5.2
2022-03,British Columbia,0.4
2022-03,British Columbia,0.4
2022-03,British Columbia,0.7
2022-03,British Columbia,8.6
2022-03,British Columbia,9.2
2022-03,British Columbia,1.7
2022-03,British Columbia,1.8
2022-03,British Columbia,2.6
2022-03,British Columbia,11.4
2022-03,British Columbia,8.1
2022-03,British Columbia,4.5
2022-03,British Columbia,4.7
2022-03,British Columbia,0.4
2022-03,British Columbia,0.4
2022-03,British Columbia,0.6
2022-03,British Columbia,4.3
2022-03,British Columbia,4.4
2022-03,British Columbia,0.5
2022-03,British Columbia,0.5
2022-03,British Columbia,0.7
2022-03,British Columbia,5.2
2022-03,British Columbia,5.6
2022-03,British Columbia,0.9
2022-03,British Columbia,0.8
2022-03,British Columbia,1.3
2022-03,British Columbia,5.2
2022-03,British Columbia,5.6
2022-03,British Columbia,0.6
2022-03,British Columbia,0.6
2022-03,British Columbia,0.8
2022-03,British Columbia,5.4
2022-03,British Columbia,5.6
2022-03,British Columbia,0.6
2022-03,British Columbia,0.6
2022-03,British Columbia,0.9
2022-03,British Columbia,10.5
2022-03,British Columbia,12.4
2022-03,British Columbia,2.3
2022-03,British Columbia,2.5
2022-03,British Columbia,3.5
2022-03,British Columbia,15.9
2022-03,British Columbia,10.8
2022-03,British Columbia,4.4
2022-03,British Columbia,4.7
2022-03,British Columbia,0.6
2022-03,British Columbia,0.5
2022-03,British Columbia,0.8
2022-03,British Columbia,4.1
2022-03,British Columbia,4.1
2022-03,British Columbia,0.7
2022-03,British Columbia,0.6
2022-03,British Columbia,1.0
2022-03,British Columbia,5.5
2022-03,British Columbia,6.3
2022-03,British Columbia,1.1
2022-03,British Columbia,1.1
2022-03,British Columbia,1.6
2022-03,British Columbia,5.0
2022-03,British Columbia,4.9
2022-03,British Columbia,0.6
2022-03,British Columbia,0.6
2022-03,British Columbia,0.9
2022-03,British Columbia,4.8
2022-03,British Columbia,4.8
2022-03,British Columbia,0.6
2022-03,British Columbia,0.6
2022-03,British Columbia,0.9
2022-03,British Columbia,6.9
2022-03,British Columbia,6.1
2022-03,British Columbia,2.3
2022-03,British Columbia,2.4
2022-03,British Columbia,3.7
2022-03,British Columbia,7.6
2022-03,British Columbia,5.3
2022-03,British Columbia,4.7
2022-03,British Columbia,4.7
2022-03,British Columbia,0.6
2022-03,British Columbia,0.6
2022-03,British Columbia,0.9
2022-03,British Columbia,4.6
2022-03,British Columbia,4.8
2022-03,British Columbia,0.7
2022-03,British Columbia,0.7
2022-03,British Columbia,1.0
2022-03,British Columbia,4.8
2022-03,British Columbia,4.7
2022-03,British Columbia,1.3
2022-03,British Columbia,1.2
2022-03,British Columbia,1.9
2022-04,British Columbia,4.9
2022-04,British Columbia,4.9
2022-04,British Columbia,0.4
2022-04,British Columbia,0.4
2022-04,British Columbia,0.7
2022-04,British Columbia,5.0
2022-04,British Columbia,5.0
2022-04,British Columbia,0.4
2022-04,British Columbia,0.4
2022-04,British Columbia,0.7
2022-04,British Columbia,9.3
2022-04,British Columbia,9.6
2022-04,British Columbia,1.7
2022-04,British Columbia,1.8
2022-04,British Columbia,2.6
2022-04,British Columbia,11.9
2022-04,British Columbia,8.4
2022-04,British Columbia,4.2
2022-04,British Columbia,4.2
2022-04,British Columbia,0.4
2022-04,British Columbia,0.4
2022-04,British Columbia,0.6
2022-04,British Columbia,4.0
2022-04,British Columbia,4.0
2022-04,British Columbia,0.5
2022-04,British Columbia,0.5
2022-04,British Columbia,0.7
2022-04,British Columbia,4.7
2022-04,British Columbia,4.9
2022-04,British Columbia,0.9
2022-04,British Columbia,0.8
2022-04,British Columbia,1.3
2022-04,British Columbia,5.1
2022-04,British Columbia,5.5
2022-04,British Columbia,0.6
2022-04,British Columbia,0.6
2022-04,British Columbia,0.8
2022-04,British Columbia,5.1
2022-04,British Columbia,5.5
2022-04,British Columbia,0.6
2022-04,British Columbia,0.6
2022-04,British Columbia,0.9
2022-04,British Columbia,12.0
2022-04,British Columbia,12.8
2022-04,British Columbia,2.3
2022-04,British Columbia,2.5
2022-04,British Columbia,3.5
2022-04,British Columbia,16.6
2022-04,British Columbia,10.9
2022-04,British Columbia,4.0
2022-04,British Columbia,4.4
2022-04,British Columbia,0.6
2022-04,British Columbia,0.5
2022-04,British Columbia,0.8
2022-04,British Columbia,3.6
2022-04,British Columbia,3.9
2022-04,British Columbia,0.7
2022-04,British Columbia,0.6
2022-04,British Columbia,1.0
2022-04,British Columbia,5.1
2022-04,British Columbia,5.9
2022-04,British Columbia,1.1
2022-04,British Columbia,1.1
2022-04,British Columbia,1.6
2022-04,British Columbia,4.7
2022-04,British Columbia,4.3
2022-04,British Columbia,0.6
2022-04,British Columbia,0.6
2022-04,British Columbia,0.9
2022-04,British Columbia,4.9
2022-04,British Columbia,4.3
2022-04,British Columbia,0.6
2022-04,British Columbia,0.6
2022-04,British Columbia,0.9
2022-04,British Columbia,6.5
2022-04,British Columbia,6.2
2022-04,British Columbia,2.3
2022-04,British Columbia,2.4
2022-04,British Columbia,3.7
2022-04,British Columbia,6.9
2022-04,British Columbia,5.8
2022-04,British Columbia,4.4
2022-04,British Columbia,4.0
2022-04,British Columbia,0.6
2022-04,British Columbia,0.6
2022-04,British Columbia,0.9
2022-04,British Columbia,4.5
2022-04,British Columbia,4.1
2022-04,British Columbia,0.7
2022-04,British Columbia,0.7
2022-04,British Columbia,1.0
2022-04,British Columbia,4.2
2022-04,British Columbia,3.7
2022-04,British Columbia,1.3
2022-04,British Columbia,1.2
2022-04,British Columbia,1.9
2022-05,British Columbia,4.5
2022-05,British Columbia,4.5
2022-05,British Columbia,0.4
2022-05,British Columbia,0.4
2022-05,British Columbia,0.7
2022-05,British Columbia,4.5
2022-05,British Columbia,4.6
2022-05,British Columbia,0.4
2022-05,British Columbia,0.4
2022-05,British Columbia,0.7
2022-05,British Columbia,7.9
2022-05,British Columbia,8.3
2022-05,British Columbia,1.7
2022-05,British Columbia,1.8
2022-05,British Columbia,2.6
2022-05,British Columbia,8.5
2022-05,British Columbia,8.2
2022-05,British Columbia,4.0
2022-05,British Columbia,3.9
2022-05,British Columbia,0.4
2022-05,British Columbia,0.4
2022-05,British Columbia,0.6
2022-05,British Columbia,3.9
2022-05,British Columbia,3.9
2022-05,British Columbia,0.5
2022-05,British Columbia,0.5
2022-05,British Columbia,0.7
2022-05,British Columbia,4.2
2022-05,British Columbia,4.2
2022-05,British Columbia,0.9
2022-05,British Columbia,0.8
2022-05,British Columbia,1.3
2022-05,British Columbia,4.4
2022-05,British Columbia,4.6
2022-05,British Columbia,0.6
2022-05,British Columbia,0.6
2022-05,British Columbia,0.8
2022-05,British Columbia,4.5
2022-05,British Columbia,4.7
2022-05,British Columbia,0.6
2022-05,British Columbia,0.6
2022-05,British Columbia,0.9
2022-05,British Columbia,7.3
2022-05,British Columbia,7.4
2022-05,British Columbia,2.3
2022-05,British Columbia,2.5
2022-05,British Columbia,3.5
2022-05,British Columbia,7.7
2022-05,British Columbia,7.2
2022-05,British Columbia,4.0
2022-05,British Columbia,4.2
2022-05,British Columbia,0.6
2022-05,British Columbia,0.5
2022-05,British Columbia,0.8
2022-05,British Columbia,3.8
2022-05,British Columbia,4.1
2022-05,British Columbia,0.7
2022-05,British Columbia,0.6
2022-05,British Columbia,1.0
2022-05,British Columbia,4.6
2022-05,British Columbia,4.6
2022-05,British Columbia,1.1
2022-05,British Columbia,1.1
2022-05,British Columbia,1.6
2022-05,British Columbia,4.6
2022-05,British Columbia,4.5
2022-05,British Columbia,0.6
2022-05,British Columbia,0.6
2022-05,British Columbia,0.9
2022-05,British Columbia,4.5
2022-05,British Columbia,4.4
2022-05,British Columbia,0.6
2022-05,British Columbia,0.6
2022-05,British Columbia,0.9
2022-05,British Columbia,8.4
2022-05,British Columbia,9.3
2022-05,British Columbia,2.3
2022-05,British Columbia,2.4
2022-05,British Columbia,3.7
2022-05,British Columbia,9.5
2022-05,British Columbia,9.2
2022-05,British Columbia,4.0
2022-05,British Columbia,3.7
2022-05,British Columbia,0.6
2022-05,British Columbia,0.6
2022-05,British Columbia,0.9
2022-05,British Columbia,4.0
2022-05,British Columbia,3.6
2022-05,British Columbia,0.7
2022-05,British Columbia,0.7
2022-05,British Columbia,1.0
2022-05,British Columbia,3.7
2022-05,British Columbia,3.8
2022-05,British Columbia,1.3
2022-05,British Columbia,1.2
2022-05,British Columbia,1.9
2022-06,British Columbia,4.6
2022-06,British Columbia,4.5
2022-06,British Columbia,0.4
2022-06,British Columbia,0.4
2022-06,British Columbia,0.7
2022-06,British Columbia,4.7
2022-06,British Columbia,4.6
2022-06,British Columbia,0.4
2022-06,British Columbia,0.4
2022-06,British Columbia,0.7
2022-06,British Columbia,8.3
2022-06,British Columbia,7.8
2022-06,British Columbia,1.7
2022-06,British Columbia,1.8
2022-06,British Columbia,2.6
2022-06,British Columbia,8.9
2022-06,British Columbia,7.2
2022-06,British Columbia,4.0
2022-06,British Columbia,4.0
2022-06,British Columbia,0.4
2022-06,British Columbia,0.4
2022-06,British Columbia,0.6
2022-06,British Columbia,4.0
2022-06,British Columbia,3.9
2022-06,British Columbia,0.5
2022-06,British Columbia,0.5
2022-06,British Columbia,0.7
2022-06,British Columbia,4.2
2022-06,British Columbia,4.2
2022-06,British Columbia,0.9
2022-06,British Columbia,0.8
2022-06,British Columbia,1.3
2022-06,British Columbia,4.4
2022-06,British Columbia,4.2
2022-06,British Columbia,0.6
2022-06,British Columbia,0.6
2022-06,British Columbia,0.8
2022-06,British Columbia,4.6
2022-06,British Columbia,4.3
2022-06,British Columbia,0.6
2022-06,British Columbia,0.6
2022-06,British Columbia,0.9
2022-06,British Columbia,9.2
2022-06,British Columbia,8.0
2022-06,British Columbia,2.3
2022-06,British Columbia,2.5
2022-06,British Columbia,3.5
2022-06,British Columbia,9.7
2022-06,British Columbia,7.1
2022-06,British Columbia,3.7
2022-06,British Columbia,3.6
2022-06,British Columbia,0.6
2022-06,British Columbia,0.5
2022-06,British Columbia,0.8
2022-06,British Columbia,3.6
2022-06,British Columbia,3.4
2022-06,British Columbia,0.7
2022-06,British Columbia,0.6
2022-06,British Columbia,1.0
2022-06,British Columbia,3.9
2022-06,British Columbia,4.2
2022-06,British Columbia,1.1
2022-06,British Columbia,1.1
2022-06,British Columbia,1.6
2022-06,British Columbia,4.9
2022-06,British Columbia,4.9
2022-06,British Columbia,0.6
2022-06,British Columbia,0.6
2022-06,British Columbia,0.9
2022-06,British Columbia,4.8
2022-06,British Columbia,4.9
2022-06,British Columbia,0.6
2022-06,British Columbia,0.6
2022-06,British Columbia,0.9
2022-06,British Columbia,7.5
2022-06,British Columbia,7.7
2022-06,British Columbia,2.3
2022-06,British Columbia,2.4
2022-06,British Columbia,3.7
2022-06,British Columbia,8.3
2022-06,British Columbia,7.4
2022-06,British Columbia,4.4
2022-06,British Columbia,4.5
2022-06,British Columbia,0.6
2022-06,British Columbia,0.6
2022-06,British Columbia,0.9
2022-06,British Columbia,4.4
2022-06,British Columbia,4.5
2022-06,British Columbia,0.7
2022-06,British Columbia,0.7
2022-06,British Columbia,1.0
2022-06,British Columbia,4.6
2022-06,British Columbia,4.3
2022-06,British Columbia,1.3
2022-06,British Columbia,1.2
2022-06,British Columbia,1.9
2022-07,British Columbia,4.6
2022-07,British Columbia,4.9
2022-07,British Columbia,0.3
2022-07,British Columbia,0.3
2022-07,British Columbia,0.6
2022-07,British Columbia,4.6
2022-07,British Columbia,5.0
2022-07,British Columbia,0.4
2022-07,British Columbia,0.4
2022-07,British Columbia,0.6
2022-07,British Columbia,8.2
2022-07,British Columbia,9.4
2022-07,British Columbia,1.3
2022-07,British Columbia,1.4
2022-07,British Columbia,2.3
2022-07,British Columbia,13.8
2022-07,British Columbia,6.6
2022-07,British Columbia,4.0
2022-07,British Columbia,4.1
2022-07,British Columbia,0.3
2022-07,British Columbia,0.3
2022-07,British Columbia,0.6
2022-07,British Columbia,4.1
2022-07,British Columbia,4.3
2022-07,British Columbia,0.4
2022-07,British Columbia,0.4
2022-07,British Columbia,0.7
2022-07,British Columbia,3.7
2022-07,British Columbia,3.5
2022-07,British Columbia,0.7
2022-07,British Columbia,0.7
2022-07,British Columbia,1.1
2022-07,British Columbia,4.7
2022-07,British Columbia,4.5
2022-07,British Columbia,0.5
2022-07,British Columbia,0.5
2022-07,British Columbia,0.8
2022-07,British Columbia,4.8
2022-07,British Columbia,4.6
2022-07,British Columbia,0.5
2022-07,British Columbia,0.5
2022-07,British Columbia,0.8
2022-07,British Columbia,9.2
2022-07,British Columbia,9.5
2022-07,British Columbia,2.0
2022-07,British Columbia,2.1
2022-07,British Columbia,3.2
2022-07,British Columbia,13.1
2022-07,British Columbia,7.2
2022-07,British Columbia,4.0
2022-07,British Columbia,3.7
2022-07,British Columbia,0.5
2022-07,British Columbia,0.4
2022-07,British Columbia,0.8
2022-07,British Columbia,4.1
2022-07,British Columbia,3.8
2022-07,British Columbia,0.5
2022-07,British Columbia,0.5
2022-07,British Columbia,0.9
2022-07,British Columbia,3.6
2022-07,British Columbia,3.2
2022-07,British Columbia,0.9
2022-07,British Columbia,0.9
2022-07,British Columbia,1.5
2022-07,British Columbia,4.5
2022-07,British Columbia,5.3
2022-07,British Columbia,0.5
2022-07,British Columbia,0.5
2022-07,British Columbia,0.8
2022-07,British Columbia,4.3
2022-07,British Columbia,5.5
2022-07,British Columbia,0.5
2022-07,British Columbia,0.5
2022-07,British Columbia,0.8
2022-07,British Columbia,7.3
2022-07,British Columbia,9.4
2022-07,British Columbia,1.5
2022-07,British Columbia,1.8
2022-07,British Columbia,3.1
2022-07,British Columbia,14.5
2022-07,British Columbia,6.0
2022-07,British Columbia,4.0
2022-07,British Columbia,4.6
2022-07,British Columbia,0.5
2022-07,British Columbia,0.5
2022-07,British Columbia,0.8
2022-07,British Columbia,4.1
2022-07,British Columbia,4.8
2022-07,British Columbia,0.5
2022-07,British Columbia,0.6
2022-07,British Columbia,0.9
2022-07,British Columbia,3.8
2022-07,British Columbia,3.9
2022-07,British Columbia,1.0
2022-07,British Columbia,1.0
2022-07,British Columbia,1.7
2022-08,British Columbia,4.6
2022-08,British Columbia,5.3
2022-08,British Columbia,0.3
2022-08,British Columbia,0.3
2022-08,British Columbia,0.6
2022-08,British Columbia,4.5
2022-08,British Columbia,5.5
2022-08,British Columbia,0.4
2022-08,British Columbia,0.4
2022-08,British Columbia,0.6
2022-08,British Columbia,7.8
2022-08,British Columbia,8.6
2022-08,British Columbia,1.3
2022-08,British Columbia,1.4
2022-08,British Columbia,2.3
2022-08,British Columbia,10.6
2022-08,British Columbia,7.4
2022-08,British Columbia,4.1
2022-08,British Columbia,4.8
2022-08,British Columbia,0.3
2022-08,British Columbia,0.3
2022-08,British Columbia,0.6
2022-08,British Columbia,4.2
2022-08,British Columbia,5.0
2022-08,British Columbia,0.4
2022-08,British Columbia,0.4
2022-08,British Columbia,0.7
2022-08,British Columbia,3.9
2022-08,British Columbia,4.1
2022-08,British Columbia,0.7
2022-08,British Columbia,0.7
2022-08,British Columbia,1.1
2022-08,British Columbia,4.7
2022-08,British Columbia,4.6
2022-08,British Columbia,0.5
2022-08,British Columbia,0.5
2022-08,British Columbia,0.8
2022-08,British Columbia,4.7
2022-08,British Columbia,4.7
2022-08,British Columbia,0.5
2022-08,British Columbia,0.5
2022-08,British Columbia,0.8
2022-08,British Columbia,9.5
2022-08,British Columbia,9.0
2022-08,British Columbia,2.0
2022-08,British Columbia,2.1
2022-08,British Columbia,3.2
2022-08,British Columbia,12.1
2022-08,British Columbia,7.3
2022-08,British Columbia,4.0
2022-08,British Columbia,3.8
2022-08,British Columbia,0.5
2022-08,British Columbia,0.4
2022-08,British Columbia,0.8
2022-08,British Columbia,4.0
2022-08,British Columbia,3.9
2022-08,British Columbia,0.5
2022-08,British Columbia,0.5
2022-08,British Columbia,0.9
2022-08,British Columbia,4.1
2022-08,British Columbia,3.6
2022-08,British Columbia,0.9
2022-08,British Columbia,0.9
2022-08,British Columbia,1.5
2022-08,British Columbia,4.5
2022-08,British Columbia,6.2
2022-08,British Columbia,0.5
2022-08,British Columbia,0.5
2022-08,British Columbia,0.8
2022-08,British Columbia,4.3
2022-08,British Columbia,6.3
2022-08,British Columbia,0.5
2022-08,British Columbia,0.5
2022-08,British Columbia,0.8
2022-08,British Columbia,6.2
2022-08,British Columbia,8.1
2022-08,British Columbia,1.5
2022-08,British Columbia,1.8
2022-08,British Columbia,3.1
2022-08,British Columbia,9.1
2022-08,British Columbia,7.5
2022-08,British Columbia,4.3
2022-08,British Columbia,5.8
2022-08,British Columbia,0.5
2022-08,British Columbia,0.5
2022-08,British Columbia,0.8
2022-08,British Columbia,4.5
2022-08,British Columbia,6.1
2022-08,British Columbia,0.5
2022-08,British Columbia,0.6
2022-08,British Columbia,0.9
2022-08,British Columbia,3.6
2022-08,British Columbia,4.7
2022-08,British Columbia,1.0
2022-08,British Columbia,1.0
2022-08,British Columbia,1.7
2022-09,British Columbia,4.4
2022-09,British Columbia,3.9
2022-09,British Columbia,0.3
2022-09,British Columbia,0.3
2022-09,British Columbia,0.6
2022-09,British Columbia,4.5
2022-09,British Columbia,4.0
2022-09,British Columbia,0.4
2022-09,British Columbia,0.4
2022-09,British Columbia,0.6
2022-09,British Columbia,8.4
2022-09,British Columbia,8.1
2022-09,British Columbia,1.3
2022-09,British Columbia,1.4
2022-09,British Columbia,2.3
2022-09,British Columbia,12.1
2022-09,British Columbia,6.1
2022-09,British Columbia,3.8
2022-09,British Columbia,3.3
2022-09,British Columbia,0.3
2022-09,British Columbia,0.3
2022-09,British Columbia,0.6
2022-09,British Columbia,4.0
2022-09,British Columbia,3.5
2022-09,British Columbia,0.4
2022-09,British Columbia,0.4
2022-09,British Columbia,0.7
2022-09,British Columbia,3.0
2022-09,British Columbia,2.4
2022-09,British Columbia,0.7
2022-09,British Columbia,0.7
2022-09,British Columbia,1.1
2022-09,British Columbia,4.3
2022-09,British Columbia,3.6
2022-09,British Columbia,0.5
2022-09,British Columbia,0.5
2022-09,British Columbia,0.8
2022-09,British Columbia,4.4
2022-09,British Columbia,3.8
2022-09,British Columbia,0.5
2022-09,British Columbia,0.5
2022-09,British Columbia,0.8
2022-09,British Columbia,8.9
2022-09,British Columbia,7.9
2022-09,British Columbia,2.0
2022-09,British Columbia,2.1
2022-09,British Columbia,3.2
2022-09,British Columbia,11.0
2022-09,British Columbia,6.5
2022-09,British Columbia,3.6
2022-09,British Columbia,3.0
2022-09,British Columbia,0.5
2022-09,British Columbia,0.4
2022-09,British Columbia,0.8
2022-09,British Columbia,3.7
2022-09,British Columbia,3.2
2022-09,British Columbia,0.5
2022-09,British Columbia,0.5
2022-09,British Columbia,0.9
2022-09,British Columbia,3.4
2022-09,British Columbia,2.4
2022-09,British Columbia,0.9
2022-09,British Columbia,0.9
2022-09,British Columbia,1.5
2022-09,British Columbia,4.5
2022-09,British Columbia,4.2
2022-09,British Columbia,0.5
2022-09,British Columbia,0.5
2022-09,British Columbia,0.8
2022-09,British Columbia,4.6
2022-09,British Columbia,4.3
2022-09,British Columbia,0.5
2022-09,British Columbia,0.5
2022-09,British Columbia,0.8
2022-09,British Columbia,7.8
2022-09,British Columbia,8.2
2022-09,British Columbia,1.5
2022-09,British Columbia,1.8
2022-09,British Columbia,3.1
2022-09,British Columbia,13.1
2022-09,British Columbia,5.6
2022-09,British Columbia,4.0
2022-09,British Columbia,3.6
2022-09,British Columbia,0.5
2022-09,British Columbia,0.5
2022-09,British Columbia,0.8
2022-09,British Columbia,4.4
2022-09,British Columbia,3.9
2022-09,British Columbia,0.5
2022-09,British Columbia,0.6
2022-09,British Columbia,0.9
2022-09,British Columbia,2.6
2022-09,British Columbia,2.4
2022-09,British Columbia,1.0
2022-09,British Columbia,1.0
2022-09,British Columbia,1.7
2022-10,British Columbia,4.6
2022-10,British Columbia,4.2
2022-10,British Columbia,0.3
2022-10,British Columbia,0.3
2022-10,British Columbia,0.6
2022-10,British Columbia,4.8
2022-10,British Columbia,4.3
2022-10,British Columbia,0.4
2022-10,British Columbia,0.4
2022-10,British Columbia,0.6
2022-10,British Columbia,10.7
2022-10,British Columbia,10.0
2022-10,British Columbia,1.3
2022-10,British Columbia,1.4
2022-10,British Columbia,2.3
2022-10,British Columbia,17.4
2022-10,British Columbia,6.0
2022-10,British Columbia,3.6
2022-10,British Columbia,3.3
2022-10,British Columbia,0.3
2022-10,British Columbia,0.3
2022-10,British Columbia,0.6
2022-10,British Columbia,3.8
2022-10,British Columbia,3.4
2022-10,British Columbia,0.4
2022-10,British Columbia,0.4
2022-10,British Columbia,0.7
2022-10,British Columbia,3.1
2022-10,British Columbia,2.8
2022-10,British Columbia,0.7
2022-10,British Columbia,0.7
2022-10,British Columbia,1.1
2022-10,British Columbia,4.9
2022-10,British Columbia,4.4
2022-10,British Columbia,0.5
2022-10,British Columbia,0.5
2022-10,British Columbia,0.8
2022-10,British Columbia,5.1
2022-10,British Columbia,4.6
2022-10,British Columbia,0.5
2022-10,British Columbia,0.5
2022-10,British Columbia,0.8
2022-10,British Columbia,12.3
2022-10,British Columbia,11.6
2022-10,British Columbia,2.0
2022-10,British Columbia,2.1
2022-10,British Columbia,3.2
2022-10,British Columbia,20.1
2022-10,British Columbia,7.2
2022-10,British Columbia,3.9
2022-10,British Columbia,3.4
2022-10,British Columbia,0.5
2022-10,British Columbia,0.4
2022-10,British Columbia,0.8
2022-10,British Columbia,3.9
2022-10,British Columbia,3.4
2022-10,British Columbia,0.5
2022-10,British Columbia,0.5
2022-10,British Columbia,0.9
2022-10,British Columbia,3.8
2022-10,British Columbia,3.5
2022-10,British Columbia,0.9
2022-10,British Columbia,0.9
2022-10,British Columbia,1.5
2022-10,British Columbia,4.2
2022-10,British Columbia,3.9
2022-10,British Columbia,0.5
2022-10,British Columbia,0.5
2022-10,British Columbia,0.8
2022-10,British Columbia,4.4
2022-10,British Columbia,4.0
2022-10,British Columbia,0.5
2022-10,British Columbia,0.5
2022-10,British Columbia,0.8
2022-10,British Columbia,9.2
2022-10,British Columbia,8.3
2022-10,British Columbia,1.5
2022-10,British Columbia,1.8
2022-10,British Columbia,3.1
2022-10,British Columbia,14.9
2022-10,British Columbia,4.7
2022-10,British Columbia,3.4
2022-10,British Columbia,3.1
2022-10,British Columbia,0.5
2022-10,British Columbia,0.5
2022-10,British Columbia,0.8
2022-10,British Columbia,3.8
2022-10,British Columbia,3.5
2022-10,British Columbia,0.5
2022-10,British Columbia,0.6
2022-10,British Columbia,0.9
2022-10,British Columbia,2.2
2022-10,British Columbia,1.9
2022-10,British Columbia,1.0
2022-10,British Columbia,1.0
2022-10,British Columbia,1.7
2022-11,British Columbia,4.4
2022-11,British Columbia,4.2
2022-11,British Columbia,0.3
2022-11,British Columbia,0.3
2022-11,British Columbia,0.6
2022-11,British Columbia,4.5
2022-11,British Columbia,4.3
2022-11,British Columbia,0.4
2022-11,British Columbia,0.4
2022-11,British Columbia,0.6
2022-11,British Columbia,10.5
2022-11,British Columbia,9.7
2022-11,British Columbia,1.3
2022-11,British Columbia,1.4
2022-11,British Columbia,2.3
2022-11,British Columbia,11.5
2022-11,British Columbia,8.8
2022-11,British Columbia,3.4
2022-11,British Columbia,3.4
2022-11,British Columbia,0.3
2022-11,British Columbia,0.3
2022-11,British Columbia,0.6
2022-11,British Columbia,3.7
2022-11,British Columbia,3.7
2022-11,British Columbia,0.4
2022-11,British Columbia,0.4
2022-11,British Columbia,0.7
2022-11,British Columbia,2.6
2022-11,British Columbia,2.3
2022-11,British Columbia,0.7
2022-11,British Columbia,0.7
2022-11,British Columbia,1.1
2022-11,British Columbia,5.3
2022-11,British Columbia,5.1
2022-11,British Columbia,0.5
2022-11,British Columbia,0.5
2022-11,British Columbia,0.8
2022-11,British Columbia,5.2
2022-11,British Columbia,5.3
2022-11,British Columbia,0.5
2022-11,British Columbia,0.5
2022-11,British Columbia,0.8
2022-11,British Columbia,14.8
2022-11,British Columbia,14.3
2022-11,British Columbia,2.0
2022-11,British Columbia,2.1
2022-11,British Columbia,3.2
2022-11,British Columbia,18.2
2022-11,British Columbia,12.1
2022-11,British Columbia,3.8
2022-11,British Columbia,3.8
2022-11,British Columbia,0.5
2022-11,British Columbia,0.4
2022-11,British Columbia,0.8
2022-11,British Columbia,4.0
2022-11,British Columbia,4.1
2022-11,British Columbia,0.5
2022-11,British Columbia,0.5
2022-11,British Columbia,0.9
2022-11,British Columbia,3.3
2022-11,British Columbia,2.8
2022-11,British Columbia,0.9
2022-11,British Columbia,0.9
2022-11,British Columbia,1.5
2022-11,British Columbia,3.4
2022-11,British Columbia,3.2
2022-11,British Columbia,0.5
2022-11,British Columbia,0.5
2022-11,British Columbia,0.8
2022-11,British Columbia,3.7
2022-11,British Columbia,3.3
2022-11,British Columbia,0.5
2022-11,British Columbia,0.5
2022-11,British Columbia,0.8
2022-11,British Columbia,6.3
2022-11,British Columbia,5.2
2022-11,British Columbia,1.5
2022-11,British Columbia,1.8
2022-11,British Columbia,3.1
2022-11,British Columbia,4.8
2022-11,British Columbia,5.5
2022-11,British Columbia,3.0
2022-11,British Columbia,2.9
2022-11,British Columbia,0.5
2022-11,British Columbia,0.5
2022-11,British Columbia,0.8
2022-11,British Columbia,3.3
2022-11,British Columbia,3.2
2022-11,British Columbia,0.5
2022-11,British Columbia,0.6
2022-11,British Columbia,0.9
2022-11,British Columbia,1.8
2022-11,British Columbia,1.8
2022-11,British Columbia,1.0
2022-11,British Columbia,1.0
2022-11,British Columbia,1.7
2022-12,British Columbia,4.2
2022-12,British Columbia,3.8
2022-12,British Columbia,0.3
2022-12,British Columbia,0.3
2022-12,British Columbia,0.6
2022-12,British Columbia,4.4
2022-12,British Columbia,3.9
2022-12,British Columbia,0.4
2022-12,British Columbia,0.4
2022-12,British Columbia,0.6
2022-12,British Columbia,8.5
2022-12,British Columbia,6.7
2022-12,British Columbia,1.3
2022-12,British Columbia,1.4
2022-12,British Columbia,2.3
2022-12,British Columbia,9.9
2022-12,British Columbia,5.1
2022-12,British Columbia,3.5
2022-12,British Columbia,3.3
2022-12,British Columbia,0.3
2022-12,British Columbia,0.3
2022-12,British Columbia,0.6
2022-12,British Columbia,3.8
2022-12,British Columbia,3.6
2022-12,British Columbia,0.4
2022-12,British Columbia,0.4
2022-12,British Columbia,0.7
2022-12,British Columbia,2.5
2022-12,British Columbia,2.4
2022-12,British Columbia,0.7
2022-12,British Columbia,0.7
2022-12,British Columbia,1.1
2022-12,British Columbia,4.6
2022-12,British Columbia,4.4
2022-12,British Columbia,0.5
2022-12,British Columbia,0.5
2022-12,British Columbia,0.8
2022-12,British Columbia,4.8
2022-12,British Columbia,4.6
2022-12,British Columbia,0.5
2022-12,British Columbia,0.5
2022-12,British Columbia,0.8
2022-12,British Columbia,9.6
2022-12,British Columbia,8.3
2022-12,British Columbia,2.0
2022-12,British Columbia,2.1
2022-12,British Columbia,3.2
2022-12,British Columbia,12.5
2022-12,British Columbia,6.2
2022-12,British Columbia,3.9
2022-12,British Columbia,3.9
2022-12,British Columbia,0.5
2022-12,British Columbia,0.4
2022-12,British Columbia,0.8
2022-12,British Columbia,4.2
2022-12,British Columbia,4.2
2022-12,British Columbia,0.5
2022-12,British Columbia,0.5
2022-12,British Columbia,0.9
2022-12,British Columbia,2.9
2022-12,British Columbia,2.8
2022-12,British Columbia,0.9
2022-12,British Columbia,0.9
2022-12,British Columbia,1.5
2022-12,British Columbia,3.7
2022-12,British Columbia,3.0
2022-12,British Columbia,0.5
2022-12,British Columbia,0.5
2022-12,British Columbia,0.8
2022-12,British Columbia,4.0
2022-12,British Columbia,3.1
2022-12,British Columbia,0.5
2022-12,British Columbia,0.5
2022-12,British Columbia,0.8
2022-12,British Columbia,7.4
2022-12,British Columbia,5.1
2022-12,British Columbia,1.5
2022-12,British Columbia,1.8
2022-12,British Columbia,3.1
2022-12,British Columbia,7.2
2022-12,British Columbia,4.0
2022-12,British Columbia,3.1
2022-12,British Columbia,2.7
2022-12,British Columbia,0.5
2022-12,British Columbia,0.5
2022-12,British Columbia,0.8
2022-12,British Columbia,3.4
2022-12,British Columbia,2.9
2022-12,British Columbia,0.5
2022-12,British Columbia,0.6
2022-12,British Columbia,0.9
2022-12,British Columbia,2.1
2022-12,British Columbia,1.9
2022-12,British Columbia,1.0
2022-12,British Columbia,1.0
2022-12,British Columbia,1.7
2020-01,Ontario,5.2
2020-01,Ontario,5.4
2020-01,Ontario,0.2
2020-01,Ontario,0.2
2020-01,Ontario,0.3
2020-01,Ontario,5.4
2020-01,Ontario,5.5
2020-01,Ontario,0.2
2020-01,Ontario,0.2
2020-01,Ontario,0.3
2020-01,Ontario,9.8
2020-01,Ontario,10.2
2020-01,Ontario,0.8
2020-01,Ontario,0.9
2020-01,Ontario,1.1
2020-01,Ontario,13.1
2020-01,Ontario,8.8
2020-01,Ontario,4.4
2020-01,Ontario,4.6
2020-01,Ontario,0.2
2020-01,Ontario,0.2
2020-01,Ontario,0.3
2020-01,Ontario,4.7
2020-01,Ontario,4.8
2020-01,Ontario,0.2
2020-01,Ontario,0.2
2020-01,Ontario,0.3
2020-01,Ontario,3.8
2020-01,Ontario,4.0
2020-01,Ontario,0.4
2020-01,Ontario,0.4
2020-01,Ontario,0.6
2020-01,Ontario,5.0
2020-01,Ontario,5.6
2020-01,Ontario,0.3
2020-01,Ontario,0.3
2020-01,Ontario,0.4
2020-01,Ontario,5.4
2020-01,Ontario,5.7
2020-01,Ontario,0.3
2020-01,Ontario,0.3
2020-01,Ontario,0.4
2020-01,Ontario,9.3
2020-01,Ontario,10.5
2020-01,Ontario,1.2
2020-01,Ontario,1.2
2020-01,Ontario,1.6
2020-01,Ontario,13.8
2020-01,Ontario,9.0
2020-01,Ontario,4.4
2020-01,Ontario,4.9
2020-01,Ontario,0.3
2020-01,Ontario,0.3
2020-01,Ontario,0.4
2020-01,Ontario,4.5
2020-01,Ontario,5.0
2020-01,Ontario,0.3
2020-01,Ontario,0.3
2020-01,Ontario,0.5
2020-01,Ontario,4.0
2020-01,Ontario,4.5
2020-01,Ontario,0.5
2020-01,Ontario,0.5
2020-01,Ontario,0.8
2020-01,Ontario,5.4
2020-01,Ontario,5.1
2020-01,Ontario,0.3
2020-01,Ontario,0.3
2020-01,Ontario,0.4
2020-01,Ontario,5.5
2020-01,Ontario,5.2
2020-01,Ontario,0.3
2020-01,Ontario,0.3
2020-01,Ontario,0.4
2020-01,Ontario,10.2
2020-01,Ontario,9.9
2020-01,Ontario,1.1
2020-01,Ontario,1.2
2020-01,Ontario,1.5
2020-01,Ontario,12.5
2020-01,Ontario,8.5
2020-01,Ontario,4.5
2020-01,Ontario,4.3
2020-01,Ontario,0.3
2020-01,Ontario,0.3
2020-01,Ontario,0.4
2020-01,Ontario,4.9
2020-01,Ontario,4.6
2020-01,Ontario,0.3
2020-01,Ontario,0.4
2020-01,Ontario,0.5
2020-01,Ontario,3.6
2020-01,Ontario,3.5
2020-01,Ontario,0.6
2020-01,Ontario,0.6
2020-01,Ontario,0.8
2020-02,Ontario,5.6
2020-02,Ontario,5.7
2020-02,Ontario,0.2
2020-02,Ontario,0.2
2020-02,Ontario,0.3
2020-02,Ontario,5.7
2020-02,Ontario,5.8
2020-02,Ontario,0.2
2020-02,Ontario,0.2
2020-02,Ontario,0.3
2020-02,Ontario,11.7
2020-02,Ontario,11.3
2020-02,Ontario,0.8
2020-02,Ontario,0.9
2020-02,Ontario,1.1
2020-02,Ontario,15.6
2020-02,Ontario,9.3
2020-02,Ontario,4.6
2020-02,Ontario,4.8
2020-02,Ontario,0.2
2020-02,Ontario,0.2
2020-02,Ontario,0.3
2020-02,Ontario,4.8
2020-02,Ontario,4.9
2020-02,Ontario,0.2
2020-02,Ontario,0.2
2020-02,Ontario,0.3
2020-02,Ontario,4.2
2020-02,Ontario,4.5
2020-02,Ontario,0.4
2020-02,Ontario,0.4
2020-02,Ontario,0.6
2020-02,Ontario,5.7
2020-02,Ontario,6.0
2020-02,Ontario,0.3
2020-02,Ontario,0.3
2020-02,Ontario,0.4
2020-02,Ontario,5.6
2020-02,Ontario,6.1
2020-02,Ontario,0.3
2020-02,Ontario,0.3
2020-02,Ontario,0.4
2020-02,Ontario,12.5
2020-02,Ontario,13.1
2020-02,Ontario,1.2
2020-02,Ontario,1.2
2020-02,Ontario,1.6
2020-02,Ontario,19.3
2020-02,Ontario,10.2
2020-02,Ontario,4.6
2020-02,Ontario,5.0
2020-02,Ontario,0.3
2020-02,Ontario,0.3
2020-02,Ontario,0.4
2020-02,Ontario,4.7
2020-02,Ontario,5.0
2020-02,Ontario,0.3
2020-02,Ontario,0.3
2020-02,Ontario,0.5
2020-02,Ontario,4.1
2020-02,Ontario,4.8
2020-02,Ontario,0.5
2020-02,Ontario,0.5
2020-02,Ontario,0.8
2020-02,Ontario,5.6
2020-02,Ontario,5.3
2020-02,Ontario,0.3
2020-02,Ontario,0.3
2020-02,Ontario,0.4
2020-02,Ontario,5.7
2020-02,Ontario,5.3
2020-02,Ontario,0.3
2020-02,Ontario,0.3
2020-02,Ontario,0.4
2020-02,Ontario,10.9
2020-02,Ontario,9.5
2020-02,Ontario,1.1
2020-02,Ontario,1.2
2020-02,Ontario,1.5
2020-02,Ontario,11.9
2020-02,Ontario,8.3
2020-02,Ontario,4.7
2020-02,Ontario,4.6
2020-02,Ontario,0.3
2020-02,Ontario,0.3
2020-02,Ontario,0.4
2020-02,Ontario,4.8
2020-02,Ontario,4.8
2020-02,Ontario,0.3
2020-02,Ontario,0.4
2020-02,Ontario,0.5
2020-02,Ontario,4.3
2020-02,Ontario,4.0
2020-02,Ontario,0.6
2020-02,Ontario,0.6
2020-02,Ontario,0.8
2020-03,Ontario,8.5
2020-03,Ontario,8.8
2020-03,Ontario,0.2
2020-03,Ontario,0.2
2020-03,Ontario,0.3
2020-03,Ontario,8.7
2020-03,Ontario,8.9
2020-03,Ontario,0.2
2020-03,Ontario,0.2
2020-03,Ontario,0.3
2020-03,Ontario,16.8
2020-03,Ontario,17.2
2020-03,Ontario,0.8
2020-03,Ontario,0.9
2020-03,Ontario,1.1
2020-03,Ontario,24.0
2020-03,Ontario,14.3
2020-03,Ontario,7.2
2020-03,Ontario,7.6
2020-03,Ontario,0.2
2020-03,Ontario,0.2
2020-03,Ontario,0.3
2020-03,Ontario,7.7
2020-03,Ontario,7.8
2020-03,Ontario,0.2
2020-03,Ontario,0.2
2020-03,Ontario,0.3
2020-03,Ontario,5.9
2020-03,Ontario,6.8
2020-03,Ontario,0.4
2020-03,Ontario,0.4
2020-03,Ontario,0.6
2020-03,Ontario,7.8
2020-03,Ontario,8.3
2020-03,Ontario,0.3
2020-03,Ontario,0.3
2020-03,Ontario,0.4
2020-03,Ontario,8.1
2020-03,Ontario,8.4
2020-03,Ontario,0.3
2020-03,Ontario,0.3
2020-03,Ontario,0.4
2020-03,Ontario,15.7
2020-03,Ontario,16.5
2020-03,Ontario,1.2
2020-03,Ontario,1.2
2020-03,Ontario,1.6
2020-03,Ontario,23.9
2020-03,Ontario,13.3
2020-03,Ontario,6.6
2020-03,Ontario,7.1
2020-03,Ontario,0.3
2020-03,Ontario,0.3
2020-03,Ontario,0.4
2020-03,Ontario,6.9
2020-03,Ontario,7.2
2020-03,Ontario,0.3
2020-03,Ontario,0.3
2020-03,Ontario,0.5
2020-03,Ontario,5.9
2020-03,Ontario,6.7
2020-03,Ontario,0.5
2020-03,Ontario,0.5
2020-03,Ontario,0.8
2020-03,Ontario,9.2
2020-03,Ontario,9.4
2020-03,Ontario,0.3
2020-03,Ontario,0.3
2020-03,Ontario,0.4
2020-03,Ontario,9.3
2020-03,Ontario,9.4
2020-03,Ontario,0.3
2020-03,Ontario,0.3
2020-03,Ontario,0.4
2020-03,Ontario,18.0
2020-03,Ontario,18.1
2020-03,Ontario,1.1
2020-03,Ontario,1.2
2020-03,Ontario,1.5
2020-03,Ontario,24.1
2020-03,Ontario,15.4
2020-03,Ontario,7.9
2020-03,Ontario,8.1
2020-03,Ontario,0.3
2020-03,Ontario,0.3
2020-03,Ontario,0.4
2020-03,Ontario,8.5
2020-03,Ontario,8.5
2020-03,Ontario,0.3
2020-03,Ontario,0.4
2020-03,Ontario,0.5
2020-03,Ontario,5.9
2020-03,Ontario,6.9
2020-03,Ontario,0.6
2020-03,Ontario,0.6
2020-03,Ontario,0.8
2020-04,Ontario,12.1
2020-04,Ontario,12.1
2020-04,Ontario,0.2
2020-04,Ontario,0.2
2020-04,Ontario,0.3
2020-04,Ontario,12.3
2020-04,Ontario,12.3
2020-04,Ontario,0.2
2020-04,Ontario,0.2
2020-04,Ontario,0.3
2020-04,Ontario,25.1
2020-04,Ontario,25.1
2020-04,Ontario,0.8
2020-04,Ontario,0.9
2020-04,Ontario,1.1
2020-04,Ontario,28.7
2020-04,Ontario,23.6
2020-04,Ontario,10.3
2020-04,Ontario,10.3
2020-04,Ontario,0.2
2020-04,Ontario,0.2
2020-04,Ontario,0.3
2020-04,Ontario,10.4
2020-04,Ontario,10.4
2020-04,Ontario,0.2
2020-04,Ontario,0.2
2020-04,Ontario,0.3
2020-04,Ontario,9.9
2020-04,Ontario,10.1
2020-04,Ontario,0.4
2020-04,Ontario,0.4
2020-04,Ontario,0.6
2020-04,Ontario,11.2
2020-04,Ontario,11.7
2020-04,Ontario,0.3
2020-04,Ontario,0.3
2020-04,Ontario,0.4
2020-04,Ontario,11.9
2020-04,Ontario,12.1
2020-04,Ontario,0.3
2020-04,Ontario,0.3
2020-04,Ontario,0.4
2020-04,Ontario,23.9
2020-04,Ontario,24.2
2020-04,Ontario,1.2
2020-04,Ontario,1.2
2020-04,Ontario,1.6
2020-04,Ontario,26.0
2020-04,Ontario,23.5
2020-04,Ontario,9.5
2020-04,Ontario,10.1
2020-04,Ontario,0.3
2020-04,Ontario,0.3
2020-04,Ontario,0.4
2020-04,Ontario,9.6
2020-04,Ontario,10.2
2020-04,Ontario,0.3
2020-04,Ontario,0.3
2020-04,Ontario,0.5
2020-04,Ontario,8.9
2020-04,Ontario,9.8
2020-04,Ontario,0.5
2020-04,Ontario,0.5
2020-04,Ontario,0.8
2020-04,Ontario,13.1
2020-04,Ontario,12.4
2020-04,Ontario,0.3
2020-04,Ontario,0.3
2020-04,Ontario,0.4
2020-04,Ontario,12.8
2020-04,Ontario,12.6
2020-04,Ontario,0.3
2020-04,Ontario,0.3
2020-04,Ontario,0.4
2020-04,Ontario,26.6
2020-04,Ontario,26.2
2020-04,Ontario,1.1
2020-04,Ontario,1.2
2020-04,Ontario,1.5
2020-04,Ontario,31.5
2020-04,Ontario,23.9
2020-04,Ontario,11.2
2020-04,Ontario,10.6
2020-04,Ontario,0.3
2020-04,Ontario,0.3
2020-04,Ontario,0.4
2020-04,Ontario,11.2
2020-04,Ontario,10.7
2020-04,Ontario,0.3
2020-04,Ontario,0.4
2020-04,Ontario,0.5
2020-04,Ontario,11.1
2020-04,Ontario,10.4
2020-04,Ontario,0.6
2020-04,Ontario,0.6
2020-04,Ontario,0.8
2020-05,Ontario,14.2
2020-05,Ontario,14.5
2020-05,Ontario,0.2
2020-05,Ontario,0.2
2020-05,Ontario,0.3
2020-05,Ontario,14.6
2020-05,Ontario,14.9
2020-05,Ontario,0.2
2020-05,Ontario,0.2
2020-05,Ontario,0.3
2020-05,Ontario,31.4
2020-05,Ontario,34.4
2020-05,Ontario,0.8
2020-05,Ontario,0.9
2020-05,Ontario,1.1
2020-05,Ontario,39.7
2020-05,Ontario,31.9
2020-05,Ontario,11.7
2020-05,Ontario,11.4
2020-05,Ontario,0.2
2020-05,Ontario,0.2
2020-05,Ontario,0.3
2020-05,Ontario,12.1
2020-05,Ontario,11.8
2020-05,Ontario,0.2
2020-05,Ontario,0.2
2020-05,Ontario,0.3
2020-05,Ontario,10.7
2020-05,Ontario,10.0
2020-05,Ontario,0.4
2020-05,Ontario,0.4
2020-05,Ontario,0.6
2020-05,Ontario,13.7
2020-05,Ontario,13.9
2020-05,Ontario,0.3
2020-05,Ontario,0.3
2020-05,Ontario,0.4
2020-05,Ontario,14.3
2020-05,Ontario,14.3
2020-05,Ontario,0.3
2020-05,Ontario,0.3
2020-05,Ontario,0.4
2020-05,Ontario,31.4
2020-05,Ontario,32.0
2020-05,Ontario,1.2
2020-05,Ontario,1.2
2020-05,Ontario,1.6
2020-05,Ontario,35.8
2020-05,Ontario,30.3
2020-05,Ontario,11.1
2020-05,Ontario,11.1
2020-05,Ontario,0.3
2020-05,Ontario,0.3
2020-05,Ontario,0.4
2020-05,Ontario,11.6
2020-05,Ontario,11.6
2020-05,Ontario,0.3
2020-05,Ontario,0.3
2020-05,Ontario,0.5
2020-05,Ontario,9.7
2020-05,Ontario,9.7
2020-05,Ontario,0.5
2020-05,Ontario,0.5
2020-05,Ontario,0.8
2020-05,Ontario,14.8
2020-05,Ontario,15.3
2020-05,Ontario,0.3
2020-05,Ontario,0.3
2020-05,Ontario,0.4
2020-05,Ontario,15.0
2020-05,Ontario,15.5
2020-05,Ontario,0.3
2020-05,Ontario,0.3
2020-05,Ontario,0.4
2020-05,Ontario,31.4
2020-05,Ontario,37.0
2020-05,Ontario,1.1
2020-05,Ontario,1.2
2020-05,Ontario,1.5
2020-05,Ontario,43.6
2020-05,Ontario,33.7
2020-05,Ontario,12.4
2020-05,Ontario,11.7
2020-05,Ontario,0.3
2020-05,Ontario,0.3
2020-05,Ontario,0.4
2020-05,Ontario,12.6
2020-05,Ontario,12.1
2020-05,Ontario,0.3
2020-05,Ontario,0.4
2020-05,Ontario,0.5
2020-05,Ontario,11.9
2020-05,Ontario,10.5
2020-05,Ontario,0.6
2020-05,Ontario,0.6
2020-05,Ontario,0.8
2020-06,Ontario,12.6
2020-06,Ontario,12.4
2020-06,Ontario,0.2
2020-06,Ontario,0.2
2020-06,Ontario,0.3
2020-06,Ontario,12.7
2020-06,Ontario,12.6
2020-06,Ontario,0.2
2020-06,Ontario,0.2
2020-06,Ontario,0.3
2020-06,Ontario,30.3
2020-06,Ontario,30.5
2020-06,Ontario,0.8
2020-06,Ontario,0.9
2020-06,Ontario,1.1
2020-06,Ontario,32.3
2020-06,Ontario,29.6
2020-06,Ontario,9.8
2020-06,Ontario,9.2
2020-06,Ontario,0.2
2020-06,Ontario,0.2
2020-06,Ontario,0.3
2020-06,Ontario,10.0
2020-06,Ontario,9.5
2020-06,Ontario,0.2
2020-06,Ontario,0.2
2020-06,Ontario,0.3
2020-06,Ontario,9.2
2020-06,Ontario,8.4
2020-06,Ontario,0.4
2020-06,Ontario,0.4
2020-06,Ontario,0.6
2020-06,Ontario,12.0
2020-06,Ontario,11.6
2020-06,Ontario,0.3
2020-06,Ontario,0.3
2020-06,Ontario,0.4
2020-06,Ontario,12.2
2020-06,Ontario,12.0
2020-06,Ontario,0.3
2020-06,Ontario,0.3
2020-06,Ontario,0.4
2020-06,Ontario,30.9
2020-06,Ontario,30.7
2020-06,Ontario,1.2
2020-06,Ontario,1.2
2020-06,Ontario,1.6
2020-06,Ontario,32.6
2020-06,Ontario,29.8
2020-06,Ontario,9.0
2020-06,Ontario,8.4
2020-06,Ontario,0.3
2020-06,Ontario,0.3
2020-06,Ontario,0.4
2020-06,Ontario,9.2
2020-06,Ontario,8.6
2020-06,Ontario,0.3
2020-06,Ontario,0.3
2020-06,Ontario,0.5
2020-06,Ontario,8.3
2020-06,Ontario,7.6
2020-06,Ontario,0.5
2020-06,Ontario,0.5
2020-06,Ontario,0.8
2020-06,Ontario,13.3
2020-06,Ontario,13.2
2020-06,Ontario,0.3
2020-06,Ontario,0.3
2020-06,Ontario,0.4
2020-06,Ontario,13.3
2020-06,Ontario,13.3
2020-06,Ontario,0.3
2020-06,Ontario,0.3
2020-06,Ontario,0.4
2020-06,Ontario,29.7
2020-06,Ontario,30.3
2020-06,Ontario,1.1
2020-06,Ontario,1.2
2020-06,Ontario,1.5
2020-06,Ontario,31.9
2020-06,Ontario,29.3
2020-06,Ontario,10.7
2020-06,Ontario,10.2
2020-06,Ontario,0.3
2020-06,Ontario,0.3
2020-06,Ontario,0.4
2020-06,Ontario,10.8
2020-06,Ontario,10.4
2020-06,Ontario,0.3
2020-06,Ontario,0.4
2020-06,Ontario,0.5
2020-06,Ontario,10.3
2020-06,Ontario,9.4
2020-06,Ontario,0.6
2020-06,Ontario,0.6
2020-06,Ontario,0.8
2020-07,Ontario,11.4
2020-07,Ontario,12.5
2020-07,Ontario,0.3
2020-07,Ontario,0.3
2020-07,Ontario,0.3
2020-07,Ontario,12.1
2020-07,Ontario,12.7
2020-07,Ontario,0.3
2020-07,Ontario,0.3
2020-07,Ontario,0.4
2020-07,Ontario,28.2
2020-07,Ontario,29.2
2020-07,Ontario,1.0
2020-07,Ontario,1.1
2020-07,Ontario,1.3
2020-07,Ontario,32.1
2020-07,Ontario,27.4
2020-07,Ontario,8.7
2020-07,Ontario,9.3
2020-07,Ontario,0.2
2020-07,Ontario,0.3
2020-07,Ontario,0.3
2020-07,Ontario,8.8
2020-07,Ontario,9.5
2020-07,Ontario,0.3
2020-07,Ontario,0.3
2020-07,Ontario,0.4
2020-07,Ontario,8.3
2020-07,Ontario,8.6
2020-07,Ontario,0.5
2020-07,Ontario,0.5
2020-07,Ontario,0.6
2020-07,Ontario,11.8
2020-07,Ontario,11.8
2020-07,Ontario,0.3
2020-07,Ontario,0.4
2020-07,Ontario,0.5
2020-07,Ontario,12.0
2020-07,Ontario,12.1
2020-07,Ontario,0.4
2020-07,Ontario,0.4
2020-07,Ontario,0.5
2020-07,Ontario,30.0
2020-07,Ontario,29.3
2020-07,Ontario,1.3
2020-07,Ontario,1.5
2020-07,Ontario,1.8
2020-07,Ontario,30.8
2020-07,Ontario,28.5
2020-07,Ontario,8.8
2020-07,Ontario,8.5
2020-07,Ontario,0.3
2020-07,Ontario,0.3
2020-07,Ontario,0.4
2020-07,Ontario,9.1
2020-07,Ontario,8.9
2020-07,Ontario,0.4
2020-07,Ontario,0.4
2020-07,Ontario,0.5
2020-07,Ontario,7.9
2020-07,Ontario,7.4
2020-07,Ontario,0.6
2020-07,Ontario,0.6
2020-07,Ontario,0.8
2020-07,Ontario,11.0
2020-07,Ontario,13.3
2020-07,Ontario,0.4
2020-07,Ontario,0.4
2020-07,Ontario,0.5
2020-07,Ontario,12.1
2020-07,Ontario,13.5
2020-07,Ontario,0.4
2020-07,Ontario,0.4
2020-07,Ontario,0.5
2020-07,Ontario,26.0
2020-07,Ontario,29.1
2020-07,Ontario,1.4
2020-07,Ontario,1.5
2020-07,Ontario,1.8
2020-07,Ontario,33.4
2020-07,Ontario,26.3
2020-07,Ontario,8.6
2020-07,Ontario,10.2
2020-07,Ontario,0.4
2020-07,Ontario,0.4
2020-07,Ontario,0.5
2020-07,Ontario,8.5
2020-07,Ontario,10.2
2020-07,Ontario,0.4
2020-07,Ontario,0.4
2020-07,Ontario,0.5
2020-07,Ontario,8.8
2020-07,Ontario,10.1
2020-07,Ontario,0.7
2020-07,Ontario,0.7
2020-07,Ontario,0.9
2020-08,Ontario,10.4
2020-08,Ontario,11.7
2020-08,Ontario,0.3
2020-08,Ontario,0.3
2020-08,Ontario,0.3
2020-08,Ontario,10.8
2020-08,Ontario,11.9
2020-08,Ontario,0.3
2020-08,Ontario,0.3
2020-08,Ontario,0.4
2020-08,Ontario,26.5
2020-08,Ontario,26.4
2020-08,Ontario,1.0
2020-08,Ontario,1.1
2020-08,Ontario,1.3
2020-08,Ontario,30.6
2020-08,Ontario,23.8
2020-08,Ontario,7.7
2020-08,Ontario,9.0
2020-08,Ontario,0.2
2020-08,Ontario,0.3
2020-08,Ontario,0.3
2020-08,Ontario,7.9
2020-08,Ontario,9.1
2020-08,Ontario,0.3
2020-08,Ontario,0.3
2020-08,Ontario,0.4
2020-08,Ontario,7.4
2020-08,Ontario,8.6
2020-08,Ontario,0.5
2020-08,Ontario,0.5
2020-08,Ontario,0.6
2020-08,Ontario,11.2
2020-08,Ontario,11.0
2020-08,Ontario,0.3
2020-08,Ontario,0.4
2020-08,Ontario,0.5
2020-08,Ontario,11.3
2020-08,Ontario,11.3
2020-08,Ontario,0.4
2020-08,Ontario,0.4
2020-08,Ontario,0.5
2020-08,Ontario,30.0
2020-08,Ontario,27.8
2020-08,Ontario,1.3
2020-08,Ontario,1.5
2020-08,Ontario,1.8
2020-08,Ontario,31.7
2020-08,Ontario,25.7
2020-08,Ontario,8.1
2020-08,Ontario,8.0
2020-08,Ontario,0.3
2020-08,Ontario,0.3
2020-08,Ontario,0.4
2020-08,Ontario,8.2
2020-08,Ontario,8.1
2020-08,Ontario,0.4
2020-08,Ontario,0.4
2020-08,Ontario,0.5
2020-08,Ontario,7.7
2020-08,Ontario,7.5
2020-08,Ontario,0.6
2020-08,Ontario,0.6
2020-08,Ontario,0.8
2020-08,Ontario,9.5
2020-08,Ontario,12.5
2020-08,Ontario,0.4
2020-08,Ontario,0.4
2020-08,Ontario,0.5
2020-08,Ontario,10.3
2020-08,Ontario,12.6
2020-08,Ontario,0.4
2020-08,Ontario,0.4
2020-08,Ontario,0.5
2020-08,Ontario,22.6
2020-08,Ontario,24.8
2020-08,Ontario,1.4
2020-08,Ontario,1.5
2020-08,Ontario,1.8
2020-08,Ontario,29.5
2020-08,Ontario,21.7
2020-08,Ontario,7.4
2020-08,Ontario,10.2
2020-08,Ontario,0.4
2020-08,Ontario,0.4
2020-08,Ontario,0.5
2020-08,Ontario,7.5
2020-08,Ontario,10.3
2020-08,Ontario,0.4
2020-08,Ontario,0.4
2020-08,Ontario,0.5
2020-08,Ontario,7.1
2020-08,Ontario,9.9
2020-08,Ontario,0.7
2020-08,Ontario,0.7
2020-08,Ontario,0.9
2020-09,Ontario,9.6
2020-09,Ontario,9.1
2020-09,Ontario,0.3
2020-09,Ontario,0.3
2020-09,Ontario,0.3
2020-09,Ontario,9.3
2020-09,Ontario,9.1
2020-09,Ontario,0.3
2020-09,Ontario,0.3
2020-09,Ontario,0.4
2020-09,Ontario,21.9
2020-09,Ontario,22.3
2020-09,Ontario,1.0
2020-09,Ontario,1.1
2020-09,Ontario,1.3
2020-09,Ontario,25.6
2020-09,Ontario,20.5
2020-09,Ontario,7.5
2020-09,Ontario,7.0
2020-09,Ontario,0.2
2020-09,Ontario,0.3
2020-09,Ontario,0.3
2020-09,Ontario,7.4
2020-09,Ontario,7.0
2020-09,Ontario,0.3
2020-09,Ontario,0.3
2020-09,Ontario,0.4
2020-09,Ontario,7.5
2020-09,Ontario,6.9
2020-09,Ontario,0.5
2020-09,Ontario,0.5
2020-09,Ontario,0.6
2020-09,Ontario,9.8
2020-09,Ontario,9.2
2020-09,Ontario,0.3
2020-09,Ontario,0.4
2020-09,Ontario,0.5
2020-09,Ontario,9.7
2020-09,Ontario,9.3
2020-09,Ontario,0.4
2020-09,Ontario,0.4
2020-09,Ontario,0.5
2020-09,Ontario,22.7
2020-09,Ontario,22.3
2020-09,Ontario,1.3
2020-09,Ontario,1.5
2020-09,Ontario,1.8
2020-09,Ontario,25.1
2020-09,Ontario,20.9
2020-09,Ontario,7.6
2020-09,Ontario,7.1
2020-09,Ontario,0.3
2020-09,Ontario,0.3
2020-09,Ontario,0.4
2020-09,Ontario,7.6
2020-09,Ontario,7.3
2020-09,Ontario,0.4
2020-09,Ontario,0.4
2020-09,Ontario,0.5
2020-09,Ontario,7.7
2020-09,Ontario,6.7
2020-09,Ontario,0.6
2020-09,Ontario,0.6
2020-09,Ontario,0.8
2020-09,Ontario,9.3
2020-09,Ontario,9.0
2020-09,Ontario,0.4
2020-09,Ontario,0.4
2020-09,Ontario,0.5
2020-09,Ontario,8.9
2020-09,Ontario,8.8
2020-09,Ontario,0.4
2020-09,Ontario,0.4
2020-09,Ontario,0.5
2020-09,Ontario,21.1
2020-09,Ontario,22.3
2020-09,Ontario,1.4
2020-09,Ontario,1.5
2020-09,Ontario,1.8
2020-09,Ontario,26.2
2020-09,Ontario,20.1
2020-09,Ontario,7.3
2020-09,Ontario,6.8
2020-09,Ontario,0.4
2020-09,Ontario,0.4
2020-09,Ontario,0.5
2020-09,Ontario,7.3
2020-09,Ontario,6.7
2020-09,Ontario,0.4
2020-09,Ontario,0.4
2020-09,Ontario,0.5
2020-09,Ontario,7.3
2020-09,Ontario,7.1
2020-09,Ontario,0.7
2020-09,Ontario,0.7
2020-09,Ontario,0.9
2020-10,Ontario,9.4
2020-10,Ontario,8.6
2020-10,Ontario,0.3
2020-10,Ontario,0.3
2020-10,Ontario,0.3
2020-10,Ontario,9.2
2020-10,Ontario,8.8
2020-10,Ontario,0.3
2020-10,Ontario,0.3
2020-10,Ontario,0.4
2020-10,Ontario,20.6
2020-10,Ontario,19.6
2020-10,Ontario,1.0
2020-10,Ontario,1.1
2020-10,Ontario,1.3
2020-10,Ontario,21.5
2020-10,Ontario,18.7
2020-10,Ontario,7.5
2020-10,Ontario,6.9
2020-10,Ontario,0.2
2020-10,Ontario,0.3
2020-10,Ontario,0.3
2020-10,Ontario,7.6
2020-10,Ontario,7.1
2020-10,Ontario,0.3
2020-10,Ontario,0.3
2020-10,Ontario,0.4
2020-10,Ontario,7.2
2020-10,Ontario,6.4
2020-10,Ontario,0.5
2020-10,Ontario,0.5
2020-10,Ontario,0.6
2020-10,Ontario,9.2
2020-10,Ontario,8.6
2020-10,Ontario,0.3
2020-10,Ontario,0.4
2020-10,Ontario,0.5
2020-10,Ontario,9.1
2020-10,Ontario,8.8
2020-10,Ontario,0.4
2020-10,Ontario,0.4
2020-10,Ontario,0.5
2020-10,Ontario,20.2
2020-10,Ontario,20.1
2020-10,Ontario,1.3
2020-10,Ontario,1.5
2020-10,Ontario,1.8
2020-10,Ontario,25.4
2020-10,Ontario,17.4
2020-10,Ontario,7.4
2020-10,Ontario,6.8
2020-10,Ontario,0.3
2020-10,Ontario,0.3
2020-10,Ontario,0.4
2020-10,Ontario,7.6
2020-10,Ontario,7.0
2020-10,Ontario,0.4
2020-10,Ontario,0.4
2020-10,Ontario,0.5
2020-10,Ontario,7.0
2020-10,Ontario,6.2
2020-10,Ontario,0.6
2020-10,Ontario,0.6
2020-10,Ontario,0.8
2020-10,Ontario,9.5
2020-10,Ontario,8.7
2020-10,Ontario,0.4
2020-10,Ontario,0.4
2020-10,Ontario,0.5
2020-10,Ontario,9.3
2020-10,Ontario,8.7
2020-10,Ontario,0.4
2020-10,Ontario,0.4
2020-10,Ontario,0.5
2020-10,Ontario,20.9
2020-10,Ontario,19.1
2020-10,Ontario,1.4
2020-10,Ontario,1.5
2020-10,Ontario,1.8
2020-10,Ontario,17.2
2020-10,Ontario,20.1
2020-10,Ontario,7.5
2020-10,Ontario,7.0
2020-10,Ontario,0.4
2020-10,Ontario,0.4
2020-10,Ontario,0.5
2020-10,Ontario,7.6
2020-10,Ontario,7.1
2020-10,Ontario,0.4
2020-10,Ontario,0.4
2020-10,Ontario,0.5
2020-10,Ontario,7.4
2020-10,Ontario,6.7
2020-10,Ontario,0.7
2020-10,Ontario,0.7
2020-10,Ontario,0.9
2020-11,Ontario,9.0
2020-11,Ontario,8.1
2020-11,Ontario,0.3
2020-11,Ontario,0.3
2020-11,Ontario,0.3
2020-11,Ontario,8.9
2020-11,Ontario,8.0
2020-11,Ontario,0.3
2020-11,Ontario,0.3
2020-11,Ontario,0.4
2020-11,Ontario,19.5
2020-11,Ontario,18.2
2020-11,Ontario,1.0
2020-11,Ontario,1.1
2020-11,Ontario,1.3
2020-11,Ontario,21.3
2020-11,Ontario,16.7
2020-11,Ontario,7.3
2020-11,Ontario,6.5
2020-11,Ontario,0.2
2020-11,Ontario,0.3
2020-11,Ontario,0.3
2020-11,Ontario,7.4
2020-11,Ontario,6.5
2020-11,Ontario,0.3
2020-11,Ontario,0.3
2020-11,Ontario,0.4
2020-11,Ontario,7.0
2020-11,Ontario,6.3
2020-11,Ontario,0.5
2020-11,Ontario,0.5
2020-11,Ontario,0.6
2020-11,Ontario,9.0
2020-11,Ontario,8.4
2020-11,Ontario,0.3
2020-11,Ontario,0.4
2020-11,Ontario,0.5
2020-11,Ontario,8.8
2020-11,Ontario,8.3
2020-11,Ontario,0.4
2020-11,Ontario,0.4
2020-11,Ontario,0.5
2020-11,Ontario,20.0
2020-11,Ontario,19.2
2020-11,Ontario,1.3
2020-11,Ontario,1.5
2020-11,Ontario,1.8
2020-11,Ontario,22.8
2020-11,Ontario,17.4
2020-11,Ontario,7.2
2020-11,Ontario,6.7
2020-11,Ontario,0.3
2020-11,Ontario,0.3
2020-11,Ontario,0.4
2020-11,Ontario,7.1
2020-11,Ontario,6.6
2020-11,Ontario,0.4
2020-11,Ontario,0.4
2020-11,Ontario,0.5
2020-11,Ontario,7.5
2020-11,Ontario,6.9
2020-11,Ontario,0.6
2020-11,Ontario,0.6
2020-11,Ontario,0.8
2020-11,Ontario,9.0
2020-11,Ontario,7.7
2020-11,Ontario,0.4
2020-11,Ontario,0.4
2020-11,Ontario,0.5
2020-11,Ontario,9.0
2020-11,Ontario,7.7
2020-11,Ontario,0.4
2020-11,Ontario,0.4
2020-11,Ontario,0.5
2020-11,Ontario,19.1
2020-11,Ontario,17.1
2020-11,Ontario,1.4
2020-11,Ontario,1.5
2020-11,Ontario,1.8
2020-11,Ontario,19.5
2020-11,Ontario,16.0
2020-11,Ontario,7.3
2020-11,Ontario,6.2
2020-11,Ontario,0.4
2020-11,Ontario,0.4
2020-11,Ontario,0.5
2020-11,Ontario,7.6
2020-11,Ontario,6.4
2020-11,Ontario,0.4
2020-11,Ontario,0.4
2020-11,Ontario,0.5
2020-11,Ontario,6.3
2020-11,Ontario,5.6
2020-11,Ontario,0.7
2020-11,Ontario,0.7
2020-11,Ontario,0.9
2020-12,Ontario,9.9
2020-12,Ontario,8.8
2020-12,Ontario,0.3
2020-12,Ontario,0.3
2020-12,Ontario,0.3
2020-12,Ontario,9.6
2020-12,Ontario,8.8
2020-12,Ontario,0.3
2020-12,Ontario,0.3
2020-12,Ontario,0.4
2020-12,Ontario,21.5
2020-12,Ontario,18.3
2020-12,Ontario,1.0
2020-12,Ontario,1.1
2020-12,Ontario,1.3
2020-12,Ontario,20.8
2020-12,Ontario,17.0
2020-12,Ontario,7.9
2020-12,Ontario,7.3
2020-12,Ontario,0.2
2020-12,Ontario,0.3
2020-12,Ontario,0.3
2020-12,Ontario,7.9
2020-12,Ontario,7.2
2020-12,Ontario,0.3
2020-12,Ontario,0.3
2020-12,Ontario,0.4
2020-12,Ontario,8.2
2020-12,Ontario,7.5
2020-12,Ontario,0.5
2020-12,Ontario,0.5
2020-12,Ontario,0.6
2020-12,Ontario,9.5
2020-12,Ontario,9.0
2020-12,Ontario,0.3
2020-12,Ontario,0.4
2020-12,Ontario,0.5
2020-12,Ontario,9.4
2020-12,Ontario,9.0
2020-12,Ontario,0.4
2020-12,Ontario,0.4
2020-12,Ontario,0.5
2020-12,Ontario,20.0
2020-12,Ontario,17.8
2020-12,Ontario,1.3
2020-12,Ontario,1.5
2020-12,Ontario,1.8
2020-12,Ontario,21.7
2020-12,Ontario,15.8
2020-12,Ontario,7.8
2020-12,Ontario,7.6
2020-12,Ontario,0.3
2020-12,Ontario,0.3
2020-12,Ontario,0.4
2020-12,Ontario,7.9
2020-12,Ontario,7.7
2020-12,Ontario,0.4
2020-12,Ontario,0.4
2020-12,Ontario,0.5
2020-12,Ontario,7.5
2020-12,Ontario,7.4
2020-12,Ontario,0.6
2020-12,Ontario,0.6
2020-12,Ontario,0.8
2020-12,Ontario,10.4
2020-12,Ontario,8.6
2020-12,Ontario,0.4
2020-12,Ontario,0.4
2020-12,Ontario,0.5
2020-12,Ontario,9.9
2020-12,Ontario,8.5
2020-12,Ontario,0.4
2020-12,Ontario,0.4
2020-12,Ontario,0.5
2020-12,Ontario,23.1
2020-12,Ontario,18.8
2020-12,Ontario,1.4
2020-12,Ontario,1.5
2020-12,Ontario,1.8
2020-12,Ontario,19.9
2020-12,Ontario,18.3
2020-12,Ontario,8.1
2020-12,Ontario,6.9
2020-12,Ontario,0.4
2020-12,Ontario,0.4
2020-12,Ontario,0.5
2020-12,Ontario,7.9
2020-12,Ontario,6.7
2020-12,Ontario,0.4
2020-12,Ontario,0.4
2020-12,Ontario,0.5
2020-12,Ontario,9.0
2020-12,Ontario,7.6
2020-12,Ontario,0.7
2020-12,Ontario,0.7
2020-12,Ontario,0.9
2021-01,Ontario,10.2
2021-01,Ontario,10.5
2021-01,Ontario,0.3
2021-01,Ontario,0.3
2021-01,Ontario,0.4
2021-01,Ontario,10.7
2021-01,Ontario,10.6
2021-01,Ontario,0.3
2021-01,Ontario,0.3
2021-01,Ontario,0.4
2021-01,Ontario,22.2
2021-01,Ontario,22.7
2021-01,Ontario,1.2
2021-01,Ontario,1.3
2021-01,Ontario,1.5
2021-01,Ontario,24.4
2021-01,Ontario,22.0
2021-01,Ontario,8.3
2021-01,Ontario,8.7
2021-01,Ontario,0.3
2021-01,Ontario,0.3
2021-01,Ontario,0.4
2021-01,Ontario,8.5
2021-01,Ontario,8.8
2021-01,Ontario,0.4
2021-01,Ontario,0.4
2021-01,Ontario,0.4
2021-01,Ontario,8.0
2021-01,Ontario,8.5
2021-01,Ontario,0.6
2021-01,Ontario,0.6
2021-01,Ontario,0.7
2021-01,Ontario,9.8
2021-01,Ontario,10.8
2021-01,Ontario,0.4
2021-01,Ontario,0.4
2021-01,Ontario,0.5
2021-01,Ontario,10.8
2021-01,Ontario,11.0
2021-01,Ontario,0.4
2021-01,Ontario,0.5
2021-01,Ontario,0.5
2021-01,Ontario,21.8
2021-01,Ontario,23.4
2021-01,Ontario,1.6
2021-01,Ontario,1.7
2021-01,Ontario,2.0
2021-01,Ontario,24.7
2021-01,Ontario,22.8
2021-01,Ontario,8.0
2021-01,Ontario,8.9
2021-01,Ontario,0.4
2021-01,Ontario,0.4
2021-01,Ontario,0.5
2021-01,Ontario,8.1
2021-01,Ontario,9.1
2021-01,Ontario,0.5
2021-01,Ontario,0.5
2021-01,Ontario,0.6
2021-01,Ontario,7.8
2021-01,Ontario,8.4
2021-01,Ontario,0.7
2021-01,Ontario,0.8
2021-01,Ontario,0.9
2021-01,Ontario,10.5
2021-01,Ontario,10.2
2021-01,Ontario,0.5
2021-01,Ontario,0.5
2021-01,Ontario,0.6
2021-01,Ontario,10.6
2021-01,Ontario,10.2
2021-01,Ontario,0.5
2021-01,Ontario,0.5
2021-01,Ontario,0.6
2021-01,Ontario,22.7
2021-01,Ontario,22.0
2021-01,Ontario,1.8
2021-01,Ontario,1.9
2021-01,Ontario,2.1
2021-01,Ontario,24.0
2021-01,Ontario,21.0
2021-01,Ontario,8.7
2021-01,Ontario,8.5
2021-01,Ontario,0.4
2021-01,Ontario,0.4
2021-01,Ontario,0.5
2021-01,Ontario,8.8
2021-01,Ontario,8.5
2021-01,Ontario,0.5
2021-01,Ontario,0.5
2021-01,Ontario,0.6
2021-01,Ontario,8.1
2021-01,Ontario,8.5
2021-01,Ontario,0.9
2021-01,Ontario,0.9
2021-01,Ontario,1.0
2021-02,Ontario,9.5
2021-02,Ontario,9.4
2021-02,Ontario,0.3
2021-02,Ontario,0.3
2021-02,Ontario,0.4
2021-02,Ontario,9.6
2021-02,Ontario,9.5
2021-02,Ontario,0.3
2021-02,Ontario,0.3
2021-02,Ontario,0.4
2021-02,Ontario,21.9
2021-02,Ontario,21.2
2021-02,Ontario,1.2
2021-02,Ontario,1.3
2021-02,Ontario,1.5
2021-02,Ontario,24.4
2021-02,Ontario,19.7
2021-02,Ontario,7.5
2021-02,Ontario,7.7
2021-02,Ontario,0.3
2021-02,Ontario,0.3
2021-02,Ontario,0.4
2021-02,Ontario,7.6
2021-02,Ontario,7.6
2021-02,Ontario,0.4
2021-02,Ontario,0.4
2021-02,Ontario,0.4
2021-02,Ontario,7.5
2021-02,Ontario,8.0
2021-02,Ontario,0.6
2021-02,Ontario,0.6
2021-02,Ontario,0.7
2021-02,Ontario,8.7
2021-02,Ontario,9.1
2021-02,Ontario,0.4
2021-02,Ontario,0.4
2021-02,Ontario,0.5
2021-02,Ontario,8.8
2021-02,Ontario,9.2
2021-02,Ontario,0.4
2021-02,Ontario,0.5
2021-02,Ontario,0.5
2021-02,Ontario,20.2
2021-02,Ontario,20.8
2021-02,Ontario,1.6
2021-02,Ontario,1.7
2021-02,Ontario,2.0
2021-02,Ontario,22.5
2021-02,Ontario,19.9
2021-02,Ontario,7.0
2021-02,Ontario,7.4
2021-02,Ontario,0.4
2021-02,Ontario,0.4
2021-02,Ontario,0.5
2021-02,Ontario,7.0
2021-02,Ontario,7.3
2021-02,Ontario,0.5
2021-02,Ontario,0.5
2021-02,Ontario,0.6
2021-02,Ontario,7.0
2021-02,Ontario,7.8
2021-02,Ontario,0.7
2021-02,Ontario,0.8
2021-02,Ontario,0.9
2021-02,Ontario,10.3
2021-02,Ontario,9.8
2021-02,Ontario,0.5
2021-02,Ontario,0.5
2021-02,Ontario,0.6
2021-02,Ontario,10.5
2021-02,Ontario,9.8
2021-02,Ontario,0.5
2021-02,Ontario,0.5
2021-02,Ontario,0.6
2021-02,Ontario,23.8
2021-02,Ontario,21.7
2021-02,Ontario,1.8
2021-02,Ontario,1.9
2021-02,Ontario,2.1
2021-02,Ontario,26.6
2021-02,Ontario,19.4
2021-02,Ontario,8.2
2021-02,Ontario,8.1
2021-02,Ontario,0.4
2021-02,Ontario,0.4
2021-02,Ontario,0.5
2021-02,Ontario,8.2
2021-02,Ontario,8.0
2021-02,Ontario,0.5
2021-02,Ontario,0.5
2021-02,Ontario,0.6
2021-02,Ontario,8.1
2021-02,Ontario,8.2
2021-02,Ontario,0.9
2021-02,Ontario,0.9
2021-02,Ontario,1.0
2021-03,Ontario,7.8
2021-03,Ontario,8.1
2021-03,Ontario,0.3
2021-03,Ontario,0.3
2021-03,Ontario,0.4
2021-03,Ontario,7.9
2021-03,Ontario,8.1
2021-03,Ontario,0.3
2021-03,Ontario,0.3
2021-03,Ontario,0.4
2021-03,Ontario,15.9
2021-03,Ontario,16.3
2021-03,Ontario,1.2
2021-03,Ontario,1.3
2021-03,Ontario,1.5
2021-03,Ontario,23.6
2021-03,Ontario,12.7
2021-03,Ontario,6.5
2021-03,Ontario,6.9
2021-03,Ontario,0.3
2021-03,Ontario,0.3
2021-03,Ontario,0.4
2021-03,Ontario,6.8
2021-03,Ontario,7.0
2021-03,Ontario,0.4
2021-03,Ontario,0.4
2021-03,Ontario,0.4
2021-03,Ontario,5.8
2021-03,Ontario,6.6
2021-03,Ontario,0.6
2021-03,Ontario,0.6
2021-03,Ontario,0.7
2021-03,Ontario,7.9
2021-03,Ontario,8.4
2021-03,Ontario,0.4
2021-03,Ontario,0.4
2021-03,Ontario,0.5
2021-03,Ontario,8.1
2021-03,Ontario,8.4
2021-03,Ontario,0.4
2021-03,Ontario,0.5
2021-03,Ontario,0.5
2021-03,Ontario,15.8
2021-03,Ontario,16.5
2021-03,Ontario,1.6
2021-03,Ontario,1.7
2021-03,Ontario,2.0
2021-03,Ontario,25.3
2021-03,Ontario,12.3
2021-03,Ontario,6.7
2021-03,Ontario,7.2
2021-03,Ontario,0.4
2021-03,Ontario,0.4
2021-03,Ontario,0.5
2021-03,Ontario,6.7
2021-03,Ontario,7.0
2021-03,Ontario,0.5
2021-03,Ontario,0.5
2021-03,Ontario,0.6
2021-03,Ontario,6.7
2021-03,Ontario,7.7
2021-03,Ontario,0.7
2021-03,Ontario,0.8
2021-03,Ontario,0.9
2021-03,Ontario,7.7
2021-03,Ontario,7.8
2021-03,Ontario,0.5
2021-03,Ontario,0.5
2021-03,Ontario,0.6
2021-03,Ontario,7.8
2021-03,Ontario,7.9
2021-03,Ontario,0.5
2021-03,Ontario,0.5
2021-03,Ontario,0.6
2021-03,Ontario,16.1
2021-03,Ontario,16.0
2021-03,Ontario,1.8
2021-03,Ontario,1.9
2021-03,Ontario,2.1
2021-03,Ontario,21.6
2021-03,Ontario,13.2
2021-03,Ontario,6.4
2021-03,Ontario,6.6
2021-03,Ontario,0.4
2021-03,Ontario,0.4
2021-03,Ontario,0.5
2021-03,Ontario,7.0
2021-03,Ontario,7.0
2021-03,Ontario,0.5
2021-03,Ontario,0.5
2021-03,Ontario,0.6
2021-03,Ontario,4.6
2021-03,Ontario,5.3
2021-03,Ontario,0.9
2021-03,Ontario,0.9
2021-03,Ontario,1.0
2021-04,Ontario,9.4
2021-04,Ontario,9.2
2021-04,Ontario,0.3
2021-04,Ontario,0.3
2021-04,Ontario,0.4
2021-04,Ontario,9.4
2021-04,Ontario,9.4
2021-04,Ontario,0.3
2021-04,Ontario,0.3
2021-04,Ontario,0.4
2021-04,Ontario,20.6
2021-04,Ontario,20.6
2021-04,Ontario,1.2
2021-04,Ontario,1.3
2021-04,Ontario,1.5
2021-04,Ontario,25.4
2021-04,Ontario,18.2
2021-04,Ontario,7.6
2021-04,Ontario,7.6
2021-04,Ontario,0.3
2021-04,Ontario,0.3
2021-04,Ontario,0.4
2021-04,Ontario,7.6
2021-04,Ontario,7.4
2021-04,Ontario,0.4
2021-04,Ontario,0.4
2021-04,Ontario,0.4
2021-04,Ontario,7.8
2021-04,Ontario,8.0
2021-04,Ontario,0.6
2021-04,Ontario,0.6
2021-04,Ontario,0.7
2021-04,Ontario,8.7
2021-04,Ontario,8.9
2021-04,Ontario,0.4
2021-04,Ontario,0.4
2021-04,Ontario,0.5
2021-04,Ontario,8.8
2021-04,Ontario,9.0
2021-04,Ontario,0.4
2021-04,Ontario,0.5
2021-04,Ontario,0.5
2021-04,Ontario,21.3
2021-04,Ontario,21.7
2021-04,Ontario,1.6
2021-04,Ontario,1.7
2021-04,Ontario,2.0
2021-04,Ontario,24.3
2021-04,Ontario,20.3
2021-04,Ontario,6.7
2021-04,Ontario,7.0
2021-04,Ontario,0.4
2021-04,Ontario,0.4
2021-04,Ontario,0.5
2021-04,Ontario,6.6
2021-04,Ontario,6.8
2021-04,Ontario,0.5
2021-04,Ontario,0.5
2021-04,Ontario,0.6
2021-04,Ontario,7.0
2021-04,Ontario,7.6
2021-04,Ontario,0.7
2021-04,Ontario,0.8
2021-04,Ontario,0.9
2021-04,Ontario,10.1
2021-04,Ontario,9.6
2021-04,Ontario,0.5
2021-04,Ontario,0.5
2021-04,Ontario,0.6
2021-04,Ontario,10.0
2021-04,Ontario,9.8
2021-04,Ontario,0.5
2021-04,Ontario,0.5
2021-04,Ontario,0.6
2021-04,Ontario,19.7
2021-04,Ontario,19.3
2021-04,Ontario,1.8
2021-04,Ontario,1.9
2021-04,Ontario,2.1
2021-04,Ontario,26.7
2021-04,Ontario,15.6
2021-04,Ontario,8.7
2021-04,Ontario,8.3
2021-04,Ontario,0.4
2021-04,Ontario,0.4
2021-04,Ontario,0.5
2021-04,Ontario,8.6
2021-04,Ontario,8.2
2021-04,Ontario,0.5
2021-04,Ontario,0.5
2021-04,Ontario,0.6
2021-04,Ontario,8.8
2021-04,Ontario,8.5
2021-04,Ontario,0.9
2021-04,Ontario,0.9
2021-04,Ontario,1.0
2021-05,Ontario,9.4
2021-05,Ontario,9.7
2021-05,Ontario,0.3
2021-05,Ontario,0.3
2021-05,Ontario,0.4
2021-05,Ontario,9.5
2021-05,Ontario,9.8
2021-05,Ontario,0.3
2021-05,Ontario,0.3
2021-05,Ontario,0.4
2021-05,Ontario,20.9
2021-05,Ontario,23.4
2021-05,Ontario,1.2
2021-05,Ontario,1.3
2021-05,Ontario,1.5
2021-05,Ontario,25.2
2021-05,Ontario,22.5
2021-05,Ontario,7.7
2021-05,Ontario,7.5
2021-05,Ontario,0.3
2021-05,Ontario,0.3
2021-05,Ontario,0.4
2021-05,Ontario,7.4
2021-05,Ontario,7.3
2021-05,Ontario,0.4
2021-05,Ontario,0.4
2021-05,Ontario,0.4
2021-05,Ontario,8.8
2021-05,Ontario,8.2
2021-05,Ontario,0.6
2021-05,Ontario,0.6
2021-05,Ontario,0.7
2021-05,Ontario,9.1
2021-05,Ontario,9.4
2021-05,Ontario,0.4
2021-05,Ontario,0.4
2021-05,Ontario,0.5
2021-05,Ontario,9.2
2021-05,Ontario,9.4
2021-05,Ontario,0.4
2021-05,Ontario,0.5
2021-05,Ontario,0.5
2021-05,Ontario,20.3
2021-05,Ontario,21.4
2021-05,Ontario,1.6
2021-05,Ontario,1.7
2021-05,Ontario,2.0
2021-05,Ontario,23.9
2021-05,Ontario,20.2
2021-05,Ontario,7.4
2021-05,Ontario,7.5
2021-05,Ontario,0.4
2021-05,Ontario,0.4
2021-05,Ontario,0.5
2021-05,Ontario,7.3
2021-05,Ontario,7.4
2021-05,Ontario,0.5
2021-05,Ontario,0.5
2021-05,Ontario,0.6
2021-05,Ontario,7.6
2021-05,Ontario,7.7
2021-05,Ontario,0.7
2021-05,Ontario,0.8
2021-05,Ontario,0.9
2021-05,Ontario,9.9
2021-05,Ontario,10.1
2021-05,Ontario,0.5
2021-05,Ontario,0.5
2021-05,Ontario,0.6
2021-05,Ontario,9.9
2021-05,Ontario,10.2
2021-05,Ontario,0.5
2021-05,Ontario,0.5
2021-05,Ontario,0.6
2021-05,Ontario,21.6
2021-05,Ontario,25.6
2021-05,Ontario,1.8
2021-05,Ontario,1.9
2021-05,Ontario,2.1
2021-05,Ontario,26.4
2021-05,Ontario,25.1
2021-05,Ontario,8.1
2021-05,Ontario,7.6
2021-05,Ontario,0.4
2021-05,Ontario,0.4
2021-05,Ontario,0.5
2021-05,Ontario,7.4
2021-05,Ontario,7.2
2021-05,Ontario,0.5
2021-05,Ontario,0.5
2021-05,Ontario,0.6
2021-05,Ontario,10.2
2021-05,Ontario,8.9
2021-05,Ontario,0.9
2021-05,Ontario,0.9
2021-05,Ontario,1.0
2021-06,Ontario,8.8
2021-06,Ontario,8.6
2021-06,Ontario,0.3
2021-06,Ontario,0.3
2021-06,Ontario,0.4
2021-06,Ontario,8.7
2021-06,Ontario,8.6
2021-06,Ontario,0.3
2021-06,Ontario,0.3
2021-06,Ontario,0.4
2021-06,Ontario,17.5
2021-06,Ontario,17.9
2021-06,Ontario,1.2
2021-06,Ontario,1.3
2021-06,Ontario,1.5
2021-06,Ontario,21.8
2021-06,Ontario,15.8
2021-06,Ontario,7.4
2021-06,Ontario,7.0
2021-06,Ontario,0.3
2021-06,Ontario,0.3
2021-06,Ontario,0.4
2021-06,Ontario,7.0
2021-06,Ontario,6.7
2021-06,Ontario,0.4
2021-06,Ontario,0.4
2021-06,Ontario,0.4
2021-06,Ontario,8.5
2021-06,Ontario,7.8
2021-06,Ontario,0.6
2021-06,Ontario,0.6
2021-06,Ontario,0.7
2021-06,Ontario,9.1
2021-06,Ontario,8.9
2021-06,Ontario,0.4
2021-06,Ontario,0.4
2021-06,Ontario,0.5
2021-06,Ontario,9.0
2021-06,Ontario,8.8
2021-06,Ontario,0.4
2021-06,Ontario,0.5
2021-06,Ontario,0.5
2021-06,Ontario,17.0
2021-06,Ontario,17.4
2021-06,Ontario,1.6
2021-06,Ontario,1.7
2021-06,Ontario,2.0
2021-06,Ontario,18.4
2021-06,Ontario,16.9
2021-06,Ontario,7.9
2021-06,Ontario,7.5
2021-06,Ontario,0.4
2021-06,Ontario,0.4
2021-06,Ontario,0.5
2021-06,Ontario,7.7
2021-06,Ontario,7.3
2021-06,Ontario,0.5
2021-06,Ontario,0.5
2021-06,Ontario,0.6
2021-06,Ontario,8.5
2021-06,Ontario,7.8
2021-06,Ontario,0.7
2021-06,Ontario,0.8
2021-06,Ontario,0.9
2021-06,Ontario,8.4
2021-06,Ontario,8.3
2021-06,Ontario,0.5
2021-06,Ontario,0.5
2021-06,Ontario,0.6
2021-06,Ontario,8.3
2021-06,Ontario,8.3
2021-06,Ontario,0.5
2021-06,Ontario,0.5
2021-06,Ontario,0.6
2021-06,Ontario,18.1
2021-06,Ontario,18.5
2021-06,Ontario,1.8
2021-06,Ontario,1.9
2021-06,Ontario,2.1
2021-06,Ontario,25.2
2021-06,Ontario,14.6
2021-06,Ontario,6.8
2021-06,Ontario,6.4
2021-06,Ontario,0.4
2021-06,Ontario,0.4
2021-06,Ontario,0.5
2021-06,Ontario,6.3
2021-06,Ontario,6.0
2021-06,Ontario,0.5
2021-06,Ontario,0.5
2021-06,Ontario,0.6
2021-06,Ontario,8.5
2021-06,Ontario,7.7
2021-06,Ontario,0.9
2021-06,Ontario,0.9
2021-06,Ontario,1.0
2021-07,Ontario,7.9
2021-07,Ontario,8.6
2021-07,Ontario,0.3
2021-07,Ontario,0.3
2021-07,Ontario,0.4
2021-07,Ontario,8.0
2021-07,Ontario,8.6
2021-07,Ontario,0.4
2021-07,Ontario,0.3
2021-07,Ontario,0.4
2021-07,Ontario,14.7
2021-07,Ontario,16.0
2021-07,Ontario,1.3
2021-07,Ontario,1.3
2021-07,Ontario,1.6
2021-07,Ontario,19.3
2021-07,Ontario,13.9
2021-07,Ontario,6.9
2021-07,Ontario,7.2
2021-07,Ontario,0.3
2021-07,Ontario,0.3
2021-07,Ontario,0.4
2021-07,Ontario,6.5
2021-07,Ontario,6.9
2021-07,Ontario,0.4
2021-07,Ontario,0.4
2021-07,Ontario,0.5
2021-07,Ontario,8.0
2021-07,Ontario,8.3
2021-07,Ontario,0.6
2021-07,Ontario,0.6
2021-07,Ontario,0.8
2021-07,Ontario,8.5
2021-07,Ontario,8.5
2021-07,Ontario,0.5
2021-07,Ontario,0.4
2021-07,Ontario,0.6
2021-07,Ontario,8.5
2021-07,Ontario,8.6
2021-07,Ontario,0.5
2021-07,Ontario,0.5
2021-07,Ontario,0.6
2021-07,Ontario,16.4
2021-07,Ontario,17.0
2021-07,Ontario,1.7
2021-07,Ontario,1.7
2021-07,Ontario,2.1
2021-07,Ontario,19.8
2021-07,Ontario,15.4
2021-07,Ontario,7.3
2021-07,Ontario,7.0
2021-07,Ontario,0.4
2021-07,Ontario,0.4
2021-07,Ontario,0.6
2021-07,Ontario,6.9
2021-07,Ontario,6.7
2021-07,Ontario,0.5
2021-07,Ontario,0.5
2021-07,Ontario,0.7
2021-07,Ontario,8.3
2021-07,Ontario,7.8
2021-07,Ontario,0.8
2021-07,Ontario,0.8
2021-07,Ontario,1.0
2021-07,Ontario,7.3
2021-07,Ontario,8.7
2021-07,Ontario,0.5
2021-07,Ontario,0.5
2021-07,Ontario,0.6
2021-07,Ontario,7.5
2021-07,Ontario,8.6
2021-07,Ontario,0.5
2021-07,Ontario,0.5
2021-07,Ontario,0.6
2021-07,Ontario,12.8
2021-07,Ontario,14.8
2021-07,Ontario,1.9
2021-07,Ontario,1.9
2021-07,Ontario,2.3
2021-07,Ontario,18.8
2021-07,Ontario,12.3
2021-07,Ontario,6.4
2021-07,Ontario,7.5
2021-07,Ontario,0.4
2021-07,Ontario,0.4
2021-07,Ontario,0.6
2021-07,Ontario,6.0
2021-07,Ontario,7.1
2021-07,Ontario,0.5
2021-07,Ontario,0.5
2021-07,Ontario,0.7
2021-07,Ontario,7.8
2021-07,Ontario,8.8
2021-07,Ontario,0.9
2021-07,Ontario,0.9
2021-07,Ontario,1.1
2021-08,Ontario,7.7
2021-08,Ontario,8.9
2021-08,Ontario,0.3
2021-08,Ontario,0.3
2021-08,Ontario,0.4
2021-08,Ontario,7.7
2021-08,Ontario,8.9
2021-08,Ontario,0.4
2021-08,Ontario,0.3
2021-08,Ontario,0.4
2021-08,Ontario,13.9
2021-08,Ontario,13.5
2021-08,Ontario,1.3
2021-08,Ontario,1.3
2021-08,Ontario,1.6
2021-08,Ontario,16.2
2021-08,Ontario,11.9
2021-08,Ontario,6.7
2021-08,Ontario,8.1
2021-08,Ontario,0.3
2021-08,Ontario,0.3
2021-08,Ontario,0.4
2021-08,Ontario,6.3
2021-08,Ontario,7.8
2021-08,Ontario,0.4
2021-08,Ontario,0.4
2021-08,Ontario,0.5
2021-08,Ontario,7.7
2021-08,Ontario,8.9
2021-08,Ontario,0.6
2021-08,Ontario,0.6
2021-08,Ontario,0.8
2021-08,Ontario,8.0
2021-08,Ontario,8.3
2021-08,Ontario,0.5
2021-08,Ontario,0.4
2021-08,Ontario,0.6
2021-08,Ontario,7.9
2021-08,Ontario,8.2
2021-08,Ontario,0.5
2021-08,Ontario,0.5
2021-08,Ontario,0.6
2021-08,Ontario,14.9
2021-08,Ontario,14.0
2021-08,Ontario,1.7
2021-08,Ontario,1.7
2021-08,Ontario,2.1
2021-08,Ontario,17.4
2021-08,Ontario,12.1
2021-08,Ontario,6.9
2021-08,Ontario,7.3
2021-08,Ontario,0.4
2021-08,Ontario,0.4
2021-08,Ontario,0.6
2021-08,Ontario,6.6
2021-08,Ontario,7.1
2021-08,Ontario,0.5
2021-08,Ontario,0.5
2021-08,Ontario,0.7
2021-08,Ontario,7.7
2021-08,Ontario,7.8
2021-08,Ontario,0.8
2021-08,Ontario,0.8
2021-08,Ontario,1.0
2021-08,Ontario,7.3
2021-08,Ontario,9.6
2021-08,Ontario,0.5
2021-08,Ontario,0.5
2021-08,Ontario,0.6
2021-08,Ontario,7.5
2021-08,Ontario,9.6
2021-08,Ontario,0.5
2021-08,Ontario,0.5
2021-08,Ontario,0.6
2021-08,Ontario,12.9
2021-08,Ontario,13.0
2021-08,Ontario,1.9
2021-08,Ontario,1.9
2021-08,Ontario,2.3
2021-08,Ontario,15.0
2021-08,Ontario,11.7
2021-08,Ontario,6.4
2021-08,Ontario,9.0
2021-08,Ontario,0.4
2021-08,Ontario,0.4
2021-08,Ontario,0.6
2021-08,Ontario,6.0
2021-08,Ontario,8.6
2021-08,Ontario,0.5
2021-08,Ontario,0.5
2021-08,Ontario,0.7
2021-08,Ontario,7.6
2021-08,Ontario,10.2
2021-08,Ontario,0.9
2021-08,Ontario,0.9
2021-08,Ontario,1.1
2021-09,Ontario,7.4
2021-09,Ontario,7.1
2021-09,Ontario,0.3
2021-09,Ontario,0.3
2021-09,Ontario,0.4
2021-09,Ontario,7.3
2021-09,Ontario,7.0
2021-09,Ontario,0.4
2021-09,Ontario,0.3
2021-09,Ontario,0.4
2021-09,Ontario,12.2
2021-09,Ontario,12.4
2021-09,Ontario,1.3
2021-09,Ontario,1.3
2021-09,Ontario,1.6
2021-09,Ontario,15.2
2021-09,Ontario,11.0
2021-09,Ontario,6.7
2021-09,Ontario,6.3
2021-09,Ontario,0.3
2021-09,Ontario,0.3
2021-09,Ontario,0.4
2021-09,Ontario,6.6
2021-09,Ontario,6.2
2021-09,Ontario,0.4
2021-09,Ontario,0.4
2021-09,Ontario,0.5
2021-09,Ontario,7.0
2021-09,Ontario,6.5
2021-09,Ontario,0.6
2021-09,Ontario,0.6
2021-09,Ontario,0.8
2021-09,Ontario,7.7
2021-09,Ontario,7.2
2021-09,Ontario,0.5
2021-09,Ontario,0.4
2021-09,Ontario,0.6
2021-09,Ontario,7.6
2021-09,Ontario,7.2
2021-09,Ontario,0.5
2021-09,Ontario,0.5
2021-09,Ontario,0.6
2021-09,Ontario,14.4
2021-09,Ontario,14.0
2021-09,Ontario,1.7
2021-09,Ontario,1.7
2021-09,Ontario,2.1
2021-09,Ontario,18.2
2021-09,Ontario,12.1
2021-09,Ontario,6.6
2021-09,Ontario,6.2
2021-09,Ontario,0.4
2021-09,Ontario,0.4
2021-09,Ontario,0.6
2021-09,Ontario,6.6
2021-09,Ontario,6.4
2021-09,Ontario,0.5
2021-09,Ontario,0.5
2021-09,Ontario,0.7
2021-09,Ontario,6.6
2021-09,Ontario,5.8
2021-09,Ontario,0.8
2021-09,Ontario,0.8
2021-09,Ontario,1.0
2021-09,Ontario,7.2
2021-09,Ontario,7.0
2021-09,Ontario,0.5
2021-09,Ontario,0.5
2021-09,Ontario,0.6
2021-09,Ontario,6.9
2021-09,Ontario,6.8
2021-09,Ontario,0.5
2021-09,Ontario,0.5
2021-09,Ontario,0.6
2021-09,Ontario,10.0
2021-09,Ontario,10.7
2021-09,Ontario,1.9
2021-09,Ontario,1.9
2021-09,Ontario,2.3
2021-09,Ontario,12.3
2021-09,Ontario,9.8
2021-09,Ontario,6.7
2021-09,Ontario,6.4
2021-09,Ontario,0.4
2021-09,Ontario,0.4
2021-09,Ontario,0.6
2021-09,Ontario,6.5
2021-09,Ontario,6.1
2021-09,Ontario,0.5
2021-09,Ontario,0.5
2021-09,Ontario,0.7
2021-09,Ontario,7.4
2021-09,Ontario,7.3
2021-09,Ontario,0.9
2021-09,Ontario,0.9
2021-09,Ontario,1.1
2021-10,Ontario,6.7
2021-10,Ontario,6.3
2021-10,Ontario,0.3
2021-10,Ontario,0.3
2021-10,Ontario,0.4
2021-10,Ontario,6.5
2021-10,Ontario,6.1
2021-10,Ontario,0.4
2021-10,Ontario,0.3
2021-10,Ontario,0.4
2021-10,Ontario,9.5
2021-10,Ontario,8.9
2021-10,Ontario,1.3
2021-10,Ontario,1.3
2021-10,Ontario,1.6
2021-10,Ontario,8.2
2021-10,Ontario,9.2
2021-10,Ontario,6.3
2021-10,Ontario,5.9
2021-10,Ontario,0.3
2021-10,Ontario,0.3
2021-10,Ontario,0.4
2021-10,Ontario,5.9
2021-10,Ontario,5.6
2021-10,Ontario,0.4
2021-10,Ontario,0.4
2021-10,Ontario,0.5
2021-10,Ontario,7.4
2021-10,Ontario,6.8
2021-10,Ontario,0.6
2021-10,Ontario,0.6
2021-10,Ontario,0.8
2021-10,Ontario,6.7
2021-10,Ontario,6.2
2021-10,Ontario,0.5
2021-10,Ontario,0.4
2021-10,Ontario,0.6
2021-10,Ontario,6.4
2021-10,Ontario,6.0
2021-10,Ontario,0.5
2021-10,Ontario,0.5
2021-10,Ontario,0.6
2021-10,Ontario,9.9
2021-10,Ontario,9.5
2021-10,Ontario,1.7
2021-10,Ontario,1.7
2021-10,Ontario,2.1
2021-10,Ontario,7.8
2021-10,Ontario,10.3
2021-10,Ontario,6.2
2021-10,Ontario,5.7
2021-10,Ontario,0.4
2021-10,Ontario,0.4
2021-10,Ontario,0.6
2021-10,Ontario,5.9
2021-10,Ontario,5.5
2021-10,Ontario,0.5
2021-10,Ontario,0.5
2021-10,Ontario,0.7
2021-10,Ontario,7.0
2021-10,Ontario,6.4
2021-10,Ontario,0.8
2021-10,Ontario,0.8
2021-10,Ontario,1.0
2021-10,Ontario,6.8
2021-10,Ontario,6.3
2021-10,Ontario,0.5
2021-10,Ontario,0.5
2021-10,Ontario,0.6
2021-10,Ontario,6.6
2021-10,Ontario,6.2
2021-10,Ontario,0.5
2021-10,Ontario,0.5
2021-10,Ontario,0.6
2021-10,Ontario,9.0
2021-10,Ontario,8.2
2021-10,Ontario,1.9
2021-10,Ontario,1.9
2021-10,Ontario,2.3
2021-10,Ontario,8.7
2021-10,Ontario,8.0
2021-10,Ontario,6.4
2021-10,Ontario,6.0
2021-10,Ontario,0.4
2021-10,Ontario,0.4
2021-10,Ontario,0.6
2021-10,Ontario,5.9
2021-10,Ontario,5.7
2021-10,Ontario,0.5
2021-10,Ontario,0.5
2021-10,Ontario,0.7
2021-10,Ontario,7.9
2021-10,Ontario,7.3
2021-10,Ontario,0.9
2021-10,Ontario,0.9
2021-10,Ontario,1.1
2021-11,Ontario,6.5
2021-11,Ontario,5.8
2021-11,Ontario,0.3
2021-11,Ontario,0.3
2021-11,Ontario,0.4
2021-11,Ontario,6.3
2021-11,Ontario,5.6
2021-11,Ontario,0.4
2021-11,Ontario,0.3
2021-11,Ontario,0.4
2021-11,Ontario,10.9
2021-11,Ontario,10.1
2021-11,Ontario,1.3
2021-11,Ontario,1.3
2021-11,Ontario,1.6
2021-11,Ontario,10.8
2021-11,Ontario,9.8
2021-11,Ontario,5.8
2021-11,Ontario,5.1
2021-11,Ontario,0.3
2021-11,Ontario,0.3
2021-11,Ontario,0.4
2021-11,Ontario,5.2
2021-11,Ontario,4.6
2021-11,Ontario,0.4
2021-11,Ontario,0.4
2021-11,Ontario,0.5
2021-11,Ontario,7.3
2021-11,Ontario,6.7
2021-11,Ontario,0.6
2021-11,Ontario,0.6
2021-11,Ontario,0.8
2021-11,Ontario,6.7
2021-11,Ontario,6.1
2021-11,Ontario,0.5
2021-11,Ontario,0.4
2021-11,Ontario,0.6
2021-11,Ontario,6.3
2021-11,Ontario,5.9
2021-11,Ontario,0.5
2021-11,Ontario,0.5
2021-11,Ontario,0.6
2021-11,Ontario,14.3
2021-11,Ontario,13.4
2021-11,Ontario,1.7
2021-11,Ontario,1.7
2021-11,Ontario,2.1
2021-11,Ontario,13.9
2021-11,Ontario,13.2
2021-11,Ontario,5.5
2021-11,Ontario,5.0
2021-11,Ontario,0.4
2021-11,Ontario,0.4
2021-11,Ontario,0.6
2021-11,Ontario,5.2
2021-11,Ontario,4.6
2021-11,Ontario,0.5
2021-11,Ontario,0.5
2021-11,Ontario,0.7
2021-11,Ontario,6.5
2021-11,Ontario,6.1
2021-11,Ontario,0.8
2021-11,Ontario,0.8
2021-11,Ontario,1.0
2021-11,Ontario,6.2
2021-11,Ontario,5.5
2021-11,Ontario,0.5
2021-11,Ontario,0.5
2021-11,Ontario,0.6
2021-11,Ontario,6.2
2021-11,Ontario,5.3
2021-11,Ontario,0.5
2021-11,Ontario,0.5
2021-11,Ontario,0.6
2021-11,Ontario,7.4
2021-11,Ontario,6.6
2021-11,Ontario,1.9
2021-11,Ontario,1.9
2021-11,Ontario,2.3
2021-11,Ontario,7.7
2021-11,Ontario,6.1
2021-11,Ontario,6.0
2021-11,Ontario,5.3
2021-11,Ontario,0.4
2021-11,Ontario,0.4
2021-11,Ontario,0.6
2021-11,Ontario,5.2
2021-11,Ontario,4.6
2021-11,Ontario,0.5
2021-11,Ontario,0.5
2021-11,Ontario,0.7
2021-11,Ontario,8.4
2021-11,Ontario,7.5
2021-11,Ontario,0.9
2021-11,Ontario,0.9
2021-11,Ontario,1.1
2021-12,Ontario,6.3
2021-12,Ontario,5.5
2021-12,Ontario,0.3
2021-12,Ontario,0.3
2021-12,Ontario,0.4
2021-12,Ontario,6.1
2021-12,Ontario,5.4
2021-12,Ontario,0.4
2021-12,Ontario,0.3
2021-12,Ontario,0.4
2021-12,Ontario,11.6
2021-12,Ontario,9.1
2021-12,Ontario,1.3
2021-12,Ontario,1.3
2021-12,Ontario,1.6
2021-12,Ontario,11.1
2021-12,Ontario,8.1
2021-12,Ontario,5.4
2021-12,Ontario,4.9
2021-12,Ontario,0.3
2021-12,Ontario,0.3
2021-12,Ontario,0.4
2021-12,Ontario,5.1
2021-12,Ontario,4.6
2021-12,Ontario,0.4
2021-12,Ontario,0.4
2021-12,Ontario,0.5
2021-12,Ontario,6.4
2021-12,Ontario,5.7
2021-12,Ontario,0.6
2021-12,Ontario,0.6
2021-12,Ontario,0.8
2021-12,Ontario,6.1
2021-12,Ontario,5.4
2021-12,Ontario,0.5
2021-12,Ontario,0.4
2021-12,Ontario,0.6
2021-12,Ontario,5.8
2021-12,Ontario,5.3
2021-12,Ontario,0.5
2021-12,Ontario,0.5
2021-12,Ontario,0.6
2021-12,Ontario,13.2
2021-12,Ontario,10.4
2021-12,Ontario,1.7
2021-12,Ontario,1.7
2021-12,Ontario,2.1
2021-12,Ontario,12.1
2021-12,Ontario,9.6
2021-12,Ontario,5.0
2021-12,Ontario,4.7
2021-12,Ontario,0.4
2021-12,Ontario,0.4
2021-12,Ontario,0.6
2021-12,Ontario,4.8
2021-12,Ontario,4.5
2021-12,Ontario,0.5
2021-12,Ontario,0.5
2021-12,Ontario,0.7
2021-12,Ontario,5.5
2021-12,Ontario,5.3
2021-12,Ontario,0.8
2021-12,Ontario,0.8
2021-12,Ontario,1.0
2021-12,Ontario,6.6
2021-12,Ontario,5.5
2021-12,Ontario,0.5
2021-12,Ontario,0.5
2021-12,Ontario,0.6
2021-12,Ontario,6.4
2021-12,Ontario,5.4
2021-12,Ontario,0.5
2021-12,Ontario,0.5
2021-12,Ontario,0.6
2021-12,Ontario,10.0
2021-12,Ontario,7.7
2021-12,Ontario,1.9
2021-12,Ontario,1.9
2021-12,Ontario,2.3
2021-12,Ontario,10.1
2021-12,Ontario,6.5
2021-12,Ontario,6.0
2021-12,Ontario,5.1
2021-12,Ontario,0.4
2021-12,Ontario,0.4
2021-12,Ontario,0.6
2021-12,Ontario,5.5
2021-12,Ontario,4.7
2021-12,Ontario,0.5
2021-12,Ontario,0.5
2021-12,Ontario,0.7
2021-12,Ontario,7.4
2021-12,Ontario,6.3
2021-12,Ontario,0.9
2021-12,Ontario,0.9
2021-12,Ontario,1.1
2022-01,Ontario,7.4
2022-01,Ontario,7.6
2022-01,Ontario,0.3
2022-01,Ontario,0.3
2022-01,Ontario,0.4
2022-01,Ontario,7.7
2022-01,Ontario,7.6
2022-01,Ontario,0.3
2022-01,Ontario,0.3
2022-01,Ontario,0.5
2022-01,Ontario,15.5
2022-01,Ontario,15.9
2022-01,Ontario,1.1
2022-01,Ontario,1.2
2022-01,Ontario,1.6
2022-01,Ontario,18.9
2022-01,Ontario,14.6
2022-01,Ontario,6.1
2022-01,Ontario,6.3
2022-01,Ontario,0.3
2022-01,Ontario,0.3
2022-01,Ontario,0.4
2022-01,Ontario,6.0
2022-01,Ontario,6.2
2022-01,Ontario,0.3
2022-01,Ontario,0.3
2022-01,Ontario,0.5
2022-01,Ontario,6.3
2022-01,Ontario,6.6
2022-01,Ontario,0.6
2022-01,Ontario,0.6
2022-01,Ontario,0.8
2022-01,Ontario,6.9
2022-01,Ontario,7.5
2022-01,Ontario,0.4
2022-01,Ontario,0.4
2022-01,Ontario,0.6
2022-01,Ontario,7.4
2022-01,Ontario,7.5
2022-01,Ontario,0.4
2022-01,Ontario,0.4
2022-01,Ontario,0.6
2022-01,Ontario,15.5
2022-01,Ontario,16.9
2022-01,Ontario,1.5
2022-01,Ontario,1.6
2022-01,Ontario,2.2
2022-01,Ontario,17.9
2022-01,Ontario,16.5
2022-01,Ontario,5.7
2022-01,Ontario,6.2
2022-01,Ontario,0.4
2022-01,Ontario,0.4
2022-01,Ontario,0.6
2022-01,Ontario,5.4
2022-01,Ontario,6.1
2022-01,Ontario,0.5
2022-01,Ontario,0.5
2022-01,Ontario,0.7
2022-01,Ontario,6.5
2022-01,Ontario,6.6
2022-01,Ontario,0.8
2022-01,Ontario,0.7
2022-01,Ontario,1.1
2022-01,Ontario,7.8
2022-01,Ontario,7.6
2022-01,Ontario,0.4
2022-01,Ontario,0.4
2022-01,Ontario,0.6
2022-01,Ontario,8.0
2022-01,Ontario,7.6
2022-01,Ontario,0.4
2022-01,Ontario,0.4
2022-01,Ontario,0.6
2022-01,Ontario,15.4
2022-01,Ontario,14.9
2022-01,Ontario,1.6
2022-01,Ontario,1.7
2022-01,Ontario,2.4
2022-01,Ontario,19.9
2022-01,Ontario,12.5
2022-01,Ontario,6.6
2022-01,Ontario,6.4
2022-01,Ontario,0.4
2022-01,Ontario,0.4
2022-01,Ontario,0.6
2022-01,Ontario,6.8
2022-01,Ontario,6.4
2022-01,Ontario,0.5
2022-01,Ontario,0.5
2022-01,Ontario,0.7
2022-01,Ontario,6.0
2022-01,Ontario,6.6
2022-01,Ontario,0.9
2022-01,Ontario,0.9
2022-01,Ontario,1.2
2022-02,Ontario,5.7
2022-02,Ontario,5.7
2022-02,Ontario,0.3
2022-02,Ontario,0.3
2022-02,Ontario,0.4
2022-02,Ontario,5.7
2022-02,Ontario,5.6
2022-02,Ontario,0.3
2022-02,Ontario,0.3
2022-02,Ontario,0.5
2022-02,Ontario,12.0
2022-02,Ontario,11.7
2022-02,Ontario,1.1
2022-02,Ontario,1.2
2022-02,Ontario,1.6
2022-02,Ontario,13.4
2022-02,Ontario,10.8
2022-02,Ontario,4.6
2022-02,Ontario,4.7
2022-02,Ontario,0.3
2022-02,Ontario,0.3
2022-02,Ontario,0.4
2022-02,Ontario,4.5
2022-02,Ontario,4.6
2022-02,Ontario,0.3
2022-02,Ontario,0.3
2022-02,Ontario,0.5
2022-02,Ontario,4.9
2022-02,Ontario,5.3
2022-02,Ontario,0.6
2022-02,Ontario,0.6
2022-02,Ontario,0.8
2022-02,Ontario,5.8
2022-02,Ontario,6.1
2022-02,Ontario,0.4
2022-02,Ontario,0.4
2022-02,Ontario,0.6
2022-02,Ontario,5.7
2022-02,Ontario,6.0
2022-02,Ontario,0.4
2022-02,Ontario,0.4
2022-02,Ontario,0.6
2022-02,Ontario,13.4
2022-02,Ontario,13.5
2022-02,Ontario,1.5
2022-02,Ontario,1.6
2022-02,Ontario,2.2
2022-02,Ontario,13.3
2022-02,Ontario,13.6
2022-02,Ontario,4.7
2022-02,Ontario,4.9
2022-02,Ontario,0.4
2022-02,Ontario,0.4
2022-02,Ontario,0.6
2022-02,Ontario,4.5
2022-02,Ontario,4.7
2022-02,Ontario,0.5
2022-02,Ontario,0.5
2022-02,Ontario,0.7
2022-02,Ontario,5.1
2022-02,Ontario,5.7
2022-02,Ontario,0.8
2022-02,Ontario,0.7
2022-02,Ontario,1.1
2022-02,Ontario,5.4
2022-02,Ontario,5.2
2022-02,Ontario,0.4
2022-02,Ontario,0.4
2022-02,Ontario,0.6
2022-02,Ontario,5.6
2022-02,Ontario,5.2
2022-02,Ontario,0.4
2022-02,Ontario,0.4
2022-02,Ontario,0.6
2022-02,Ontario,10.6
2022-02,Ontario,9.7
2022-02,Ontario,1.6
2022-02,Ontario,1.7
2022-02,Ontario,2.4
2022-02,Ontario,13.5
2022-02,Ontario,7.7
2022-02,Ontario,4.6
2022-02,Ontario,4.5
2022-02,Ontario,0.4
2022-02,Ontario,0.4
2022-02,Ontario,0.6
2022-02,Ontario,4.5
2022-02,Ontario,4.4
2022-02,Ontario,0.5
2022-02,Ontario,0.5
2022-02,Ontario,0.7
2022-02,Ontario,4.8
2022-02,Ontario,4.7
2022-02,Ontario,0.9
2022-02,Ontario,0.9
2022-02,Ontario,1.2
2022-03,Ontario,5.4
2022-03,Ontario,5.7
2022-03,Ontario,0.3
2022-03,Ontario,0.3
2022-03,Ontario,0.4
2022-03,Ontario,5.4
2022-03,Ontario,5.6
2022-03,Ontario,0.3
2022-03,Ontario,0.3
2022-03,Ontario,0.5
2022-03,Ontario,10.6
2022-03,Ontario,10.8
2022-03,Ontario,1.1
2022-03,Ontario,1.2
2022-03,Ontario,1.6
2022-03,Ontario,13.4
2022-03,Ontario,9.5
2022-03,Ontario,4.6
2022-03,Ontario,4.9
2022-03,Ontario,0.3
2022-03,Ontario,0.3
2022-03,Ontario,0.4
2022-03,Ontario,4.6
2022-03,Ontario,4.7
2022-03,Ontario,0.3
2022-03,Ontario,0.3
2022-03,Ontario,0.5
2022-03,Ontario,4.6
2022-03,Ontario,5.3
2022-03,Ontario,0.6
2022-03,Ontario,0.6
2022-03,Ontario,0.8
2022-03,Ontario,5.1
2022-03,Ontario,5.4
2022-03,Ontario,0.4
2022-03,Ontario,0.4
2022-03,Ontario,0.6
2022-03,Ontario,4.9
2022-03,Ontario,5.3
2022-03,Ontario,0.4
2022-03,Ontario,0.4
2022-03,Ontario,0.6
2022-03,Ontario,10.7
2022-03,Ontario,11.2
2022-03,Ontario,1.5
2022-03,Ontario,1.6
2022-03,Ontario,2.2
2022-03,Ontario,11.5
2022-03,Ontario,11.0
2022-03,Ontario,4.2
2022-03,Ontario,4.5
2022-03,Ontario,0.4
2022-03,Ontario,0.4
2022-03,Ontario,0.6
2022-03,Ontario,3.9
2022-03,Ontario,4.1
2022-03,Ontario,0.5
2022-03,Ontario,0.5
2022-03,Ontario,0.7
2022-03,Ontario,4.9
2022-03,Ontario,5.7
2022-03,Ontario,0.8
2022-03,Ontario,0.7
2022-03,Ontario,1.1
2022-03,Ontario,5.9
2022-03,Ontario,6.0
2022-03,Ontario,0.4
2022-03,Ontario,0.4
2022-03,Ontario,0.6
2022-03,Ontario,6.0
2022-03,Ontario,6.0
2022-03,Ontario,0.4
2022-03,Ontario,0.4
2022-03,Ontario,0.6
2022-03,Ontario,10.4
2022-03,Ontario,10.3
2022-03,Ontario,1.6
2022-03,Ontario,1.7
2022-03,Ontario,2.4
2022-03,Ontario,15.2
2022-03,Ontario,7.9
2022-03,Ontario,5.1
2022-03,Ontario,5.3
2022-03,Ontario,0.4
2022-03,Ontario,0.4
2022-03,Ontario,0.6
2022-03,Ontario,5.4
2022-03,Ontario,5.4
2022-03,Ontario,0.5
2022-03,Ontario,0.5
2022-03,Ontario,0.7
2022-03,Ontario,4.3
2022-03,Ontario,4.7
2022-03,Ontario,0.9
2022-03,Ontario,0.9
2022-03,Ontario,1.2
2022-04,Ontario,5.6
2022-04,Ontario,5.4
2022-04,Ontario,0.3
2022-04,Ontario,0.3
2022-04,Ontario,0.4
2022-04,Ontario,5.6
2022-04,Ontario,5.5
2022-04,Ontario,0.3
2022-04,Ontario,0.3
2022-04,Ontario,0.5
2022-04,Ontario,11.4
2022-04,Ontario,11.2
2022-04,Ontario,1.1
2022-04,Ontario,1.2
2022-04,Ontario,1.6
2022-04,Ontario,13.6
2022-04,Ontario,10.0
2022-04,Ontario,4.6
2022-04,Ontario,4.5
2022-04,Ontario,0.3
2022-04,Ontario,0.3
2022-04,Ontario,0.4
2022-04,Ontario,4.7
2022-04,Ontario,4.5
2022-04,Ontario,0.3
2022-04,Ontario,0.3
2022-04,Ontario,0.5
2022-04,Ontario,4.4
2022-04,Ontario,4.6
2022-04,Ontario,0.6
2022-04,Ontario,0.6
2022-04,Ontario,0.8
2022-04,Ontario,5.7
2022-04,Ontario,5.7
2022-04,Ontario,0.4
2022-04,Ontario,0.4
2022-04,Ontario,0.6
2022-04,Ontario,5.6
2022-04,Ontario,5.7
2022-04,Ontario,0.4
2022-04,Ontario,0.4
2022-04,Ontario,0.6
2022-04,Ontario,13.7
2022-04,Ontario,13.6
2022-04,Ontario,1.5
2022-04,Ontario,1.6
2022-04,Ontario,2.2
2022-04,Ontario,16.4
2022-04,Ontario,12.2
2022-04,Ontario,4.4
2022-04,Ontario,4.5
2022-04,Ontario,0.4
2022-04,Ontario,0.4
2022-04,Ontario,0.6
2022-04,Ontario,4.3
2022-04,Ontario,4.3
2022-04,Ontario,0.5
2022-04,Ontario,0.5
2022-04,Ontario,0.7
2022-04,Ontario,4.8
2022-04,Ontario,5.1
2022-04,Ontario,0.8
2022-04,Ontario,0.7
2022-04,Ontario,1.1
2022-04,Ontario,5.4
2022-04,Ontario,5.2
2022-04,Ontario,0.4
2022-04,Ontario,0.4
2022-04,Ontario,0.6
2022-04,Ontario,5.5
2022-04,Ontario,5.2
2022-04,Ontario,0.4
2022-04,Ontario,0.4
2022-04,Ontario,0.6
2022-04,Ontario,8.9
2022-04,Ontario,8.7
2022-04,Ontario,1.6
2022-04,Ontario,1.7
2022-04,Ontario,2.4
2022-04,Ontario,11.0
2022-04,Ontario,7.5
2022-04,Ontario,4.9
2022-04,Ontario,4.6
2022-04,Ontario,0.4
2022-04,Ontario,0.4
2022-04,Ontario,0.6
2022-04,Ontario,5.1
2022-04,Ontario,4.8
2022-04,Ontario,0.5
2022-04,Ontario,0.5
2022-04,Ontario,0.7
2022-04,Ontario,4.0
2022-04,Ontario,3.9
2022-04,Ontario,0.9
2022-04,Ontario,0.9
2022-04,Ontario,1.2
2022-05,Ontario,5.4
2022-05,Ontario,5.5
2022-05,Ontario,0.3
2022-05,Ontario,0.3
2022-05,Ontario,0.4
2022-05,Ontario,5.4
2022-05,Ontario,5.6
2022-05,Ontario,0.3
2022-05,Ontario,0.3
2022-05,Ontario,0.5
2022-05,Ontario,10.6
2022-05,Ontario,12.2
2022-05,Ontario,1.1
2022-05,Ontario,1.2
2022-05,Ontario,1.6
2022-05,Ontario,16.1
2022-05,Ontario,9.9
2022-05,Ontario,4.6
2022-05,Ontario,4.4
2022-05,Ontario,0.3
2022-05,Ontario,0.3
2022-05,Ontario,0.4
2022-05,Ontario,4.7
2022-05,Ontario,4.6
2022-05,Ontario,0.3
2022-05,Ontario,0.3
2022-05,Ontario,0.5
2022-05,Ontario,4.1
2022-05,Ontario,3.8
2022-05,Ontario,0.6
2022-05,Ontario,0.6
2022-05,Ontario,0.8
2022-05,Ontario,5.6
2022-05,Ontario,5.7
2022-05,Ontario,0.4
2022-05,Ontario,0.4
2022-05,Ontario,0.6
2022-05,Ontario,5.7
2022-05,Ontario,5.8
2022-05,Ontario,0.4
2022-05,Ontario,0.4
2022-05,Ontario,0.6
2022-05,Ontario,12.7
2022-05,Ontario,13.8
2022-05,Ontario,1.5
2022-05,Ontario,1.6
2022-05,Ontario,2.2
2022-05,Ontario,18.6
2022-05,Ontario,11.3
2022-05,Ontario,4.5
2022-05,Ontario,4.3
2022-05,Ontario,0.4
2022-05,Ontario,0.4
2022-05,Ontario,0.6
2022-05,Ontario,4.7
2022-05,Ontario,4.7
2022-05,Ontario,0.5
2022-05,Ontario,0.5
2022-05,Ontario,0.7
2022-05,Ontario,3.8
2022-05,Ontario,3.4
2022-05,Ontario,0.8
2022-05,Ontario,0.7
2022-05,Ontario,1.1
2022-05,Ontario,5.2
2022-05,Ontario,5.4
2022-05,Ontario,0.4
2022-05,Ontario,0.4
2022-05,Ontario,0.6
2022-05,Ontario,5.0
2022-05,Ontario,5.4
2022-05,Ontario,0.4
2022-05,Ontario,0.4
2022-05,Ontario,0.6
2022-05,Ontario,8.3
2022-05,Ontario,10.5
2022-05,Ontario,1.6
2022-05,Ontario,1.7
2022-05,Ontario,2.4
2022-05,Ontario,13.8
2022-05,Ontario,8.5
2022-05,Ontario,4.6
2022-05,Ontario,4.4
2022-05,Ontario,0.4
2022-05,Ontario,0.4
2022-05,Ontario,0.6
2022-05,Ontario,4.7
2022-05,Ontario,4.5
2022-05,Ontario,0.5
2022-05,Ontario,0.5
2022-05,Ontario,0.7
2022-05,Ontario,4.3
2022-05,Ontario,4.2
2022-05,Ontario,0.9
2022-05,Ontario,0.9
2022-05,Ontario,1.2
2022-06,Ontario,5.1
2022-06,Ontario,5.1
2022-06,Ontario,0.3
2022-06,Ontario,0.3
2022-06,Ontario,0.4
2022-06,Ontario,5.2
2022-06,Ontario,5.2
2022-06,Ontario,0.3
2022-06,Ontario,0.3
2022-06,Ontario,0.5
2022-06,Ontario,10.4
2022-06,Ontario,10.9
2022-06,Ontario,1.1
2022-06,Ontario,1.2
2022-06,Ontario,1.6
2022-06,Ontario,13.8
2022-06,Ontario,9.3
2022-06,Ontario,4.3
2022-06,Ontario,4.1
2022-06,Ontario,0.3
2022-06,Ontario,0.3
2022-06,Ontario,0.4
2022-06,Ontario,4.3
2022-06,Ontario,4.1
2022-06,Ontario,0.3
2022-06,Ontario,0.3
2022-06,Ontario,0.5
2022-06,Ontario,4.2
2022-06,Ontario,3.9
2022-06,Ontario,0.6
2022-06,Ontario,0.6
2022-06,Ontario,0.8
2022-06,Ontario,5.1
2022-06,Ontario,5.1
2022-06,Ontario,0.4
2022-06,Ontario,0.4
2022-06,Ontario,0.6
2022-06,Ontario,5.3
2022-06,Ontario,5.3
2022-06,Ontario,0.4
2022-06,Ontario,0.4
2022-06,Ontario,0.6
2022-06,Ontario,12.1
2022-06,Ontario,12.5
2022-06,Ontario,1.5
2022-06,Ontario,1.6
2022-06,Ontario,2.2
2022-06,Ontario,13.8
2022-06,Ontario,11.9
2022-06,Ontario,4.1
2022-06,Ontario,3.9
2022-06,Ontario,0.4
2022-06,Ontario,0.4
2022-06,Ontario,0.6
2022-06,Ontario,4.1
2022-06,Ontario,3.9
2022-06,Ontario,0.5
2022-06,Ontario,0.5
2022-06,Ontario,0.7
2022-06,Ontario,4.1
2022-06,Ontario,3.7
2022-06,Ontario,0.8
2022-06,Ontario,0.7
2022-06,Ontario,1.1
2022-06,Ontario,5.1
2022-06,Ontario,5.0
2022-06,Ontario,0.4
2022-06,Ontario,0.4
2022-06,Ontario,0.6
2022-06,Ontario,5.1
2022-06,Ontario,5.1
2022-06,Ontario,0.4
2022-06,Ontario,0.4
2022-06,Ontario,0.6
2022-06,Ontario,8.7
2022-06,Ontario,9.1
2022-06,Ontario,1.6
2022-06,Ontario,1.7
2022-06,Ontario,2.4
2022-06,Ontario,13.8
2022-06,Ontario,6.6
2022-06,Ontario,4.5
2022-06,Ontario,4.3
2022-06,Ontario,0.4
2022-06,Ontario,0.4
2022-06,Ontario,0.6
2022-06,Ontario,4.6
2022-06,Ontario,4.4
2022-06,Ontario,0.5
2022-06,Ontario,0.5
2022-06,Ontario,0.7
2022-06,Ontario,4.4
2022-06,Ontario,4.1
2022-06,Ontario,0.9
2022-06,Ontario,0.9
2022-06,Ontario,1.2
2022-07,Ontario,5.1
2022-07,Ontario,5.6
2022-07,Ontario,0.2
2022-07,Ontario,0.2
2022-07,Ontario,0.4
2022-07,Ontario,5.2
2022-07,Ontario,5.7
2022-07,Ontario,0.2
2022-07,Ontario,0.2
2022-07,Ontario,0.4
2022-07,Ontario,10.1
2022-07,Ontario,11.5
2022-07,Ontario,0.8
2022-07,Ontario,0.9
2022-07,Ontario,1.5
2022-07,Ontario,15.1
2022-07,Ontario,9.2
2022-07,Ontario,4.3
2022-07,Ontario,4.5
2022-07,Ontario,0.2
2022-07,Ontario,0.2
2022-07,Ontario,0.4
2022-07,Ontario,4.1
2022-07,Ontario,4.4
2022-07,Ontario,0.3
2022-07,Ontario,0.3
2022-07,Ontario,0.5
2022-07,Ontario,4.6
2022-07,Ontario,4.8
2022-07,Ontario,0.5
2022-07,Ontario,0.5
2022-07,Ontario,0.8
2022-07,Ontario,4.9
2022-07,Ontario,5.1
2022-07,Ontario,0.3
2022-07,Ontario,0.3
2022-07,Ontario,0.6
2022-07,Ontario,5.2
2022-07,Ontario,5.3
2022-07,Ontario,0.3
2022-07,Ontario,0.3
2022-07,Ontario,0.6
2022-07,Ontario,11.7
2022-07,Ontario,12.9
2022-07,Ontario,1.2
2022-07,Ontario,1.3
2022-07,Ontario,2.1
2022-07,Ontario,17.9
2022-07,Ontario,9.8
2022-07,Ontario,3.9
2022-07,Ontario,3.7
2022-07,Ontario,0.3
2022-07,Ontario,0.3
2022-07,Ontario,0.5
2022-07,Ontario,3.9
2022-07,Ontario,3.7
2022-07,Ontario,0.4
2022-07,Ontario,0.4
2022-07,Ontario,0.6
2022-07,Ontario,4.0
2022-07,Ontario,3.8
2022-07,Ontario,0.6
2022-07,Ontario,0.6
2022-07,Ontario,1.0
2022-07,Ontario,5.2
2022-07,Ontario,6.1
2022-07,Ontario,0.3
2022-07,Ontario,0.3
2022-07,Ontario,0.6
2022-07,Ontario,5.2
2022-07,Ontario,6.3
2022-07,Ontario,0.3
2022-07,Ontario,0.4
2022-07,Ontario,0.6
2022-07,Ontario,8.5
2022-07,Ontario,10.1
2022-07,Ontario,1.1
2022-07,Ontario,1.3
2022-07,Ontario,2.2
2022-07,Ontario,12.4
2022-07,Ontario,8.6
2022-07,Ontario,4.7
2022-07,Ontario,5.4
2022-07,Ontario,0.3
2022-07,Ontario,0.3
2022-07,Ontario,0.6
2022-07,Ontario,4.4
2022-07,Ontario,5.1
2022-07,Ontario,0.4
2022-07,Ontario,0.4
2022-07,Ontario,0.7
2022-07,Ontario,5.5
2022-07,Ontario,6.0
2022-07,Ontario,0.7
2022-07,Ontario,0.7
2022-07,Ontario,1.1
2022-08,Ontario,5.4
2022-08,Ontario,6.3
2022-08,Ontario,0.2
2022-08,Ontario,0.2
2022-08,Ontario,0.4
2022-08,Ontario,5.4
2022-08,Ontario,6.5
2022-08,Ontario,0.2
2022-08,Ontario,0.2
2022-08,Ontario,0.4
2022-08,Ontario,10.3
2022-08,Ontario,10.3
2022-08,Ontario,0.8
2022-08,Ontario,0.9
2022-08,Ontario,1.5
2022-08,Ontario,13.4
2022-08,Ontario,8.3
2022-08,Ontario,4.6
2022-08,Ontario,5.6
2022-08,Ontario,0.2
2022-08,Ontario,0.2
2022-08,Ontario,0.4
2022-08,Ontario,4.6
2022-08,Ontario,5.7
2022-08,Ontario,0.3
2022-08,Ontario,0.3
2022-08,Ontario,0.5
2022-08,Ontario,4.5
2022-08,Ontario,5.3
2022-08,Ontario,0.5
2022-08,Ontario,0.5
2022-08,Ontario,0.8
2022-08,Ontario,5.2
2022-08,Ontario,5.6
2022-08,Ontario,0.3
2022-08,Ontario,0.3
2022-08,Ontario,0.6
2022-08,Ontario,5.4
2022-08,Ontario,5.7
2022-08,Ontario,0.3
2022-08,Ontario,0.3
2022-08,Ontario,0.6
2022-08,Ontario,11.4
2022-08,Ontario,11.2
2022-08,Ontario,1.2
2022-08,Ontario,1.3
2022-08,Ontario,2.1
2022-08,Ontario,14.7
2022-08,Ontario,9.1
2022-08,Ontario,4.3
2022-08,Ontario,4.6
2022-08,Ontario,0.3
2022-08,Ontario,0.3
2022-08,Ontario,0.5
2022-08,Ontario,4.3
2022-08,Ontario,4.7
2022-08,Ontario,0.4
2022-08,Ontario,0.4
2022-08,Ontario,0.6
2022-08,Ontario,4.1
2022-08,Ontario,4.2
2022-08,Ontario,0.6
2022-08,Ontario,0.6
2022-08,Ontario,1.0
2022-08,Ontario,5.6
2022-08,Ontario,7.2
2022-08,Ontario,0.3
2022-08,Ontario,0.3
2022-08,Ontario,0.6
2022-08,Ontario,5.4
2022-08,Ontario,7.3
2022-08,Ontario,0.3
2022-08,Ontario,0.4
2022-08,Ontario,0.6
2022-08,Ontario,9.3
2022-08,Ontario,9.3
2022-08,Ontario,1.1
2022-08,Ontario,1.3
2022-08,Ontario,2.2
2022-08,Ontario,12.2
2022-08,Ontario,7.4
2022-08,Ontario,5.0
2022-08,Ontario,6.8
2022-08,Ontario,0.3
2022-08,Ontario,0.3
2022-08,Ontario,0.6
2022-08,Ontario,5.0
2022-08,Ontario,6.8
2022-08,Ontario,0.4
2022-08,Ontario,0.4
2022-08,Ontario,0.7
2022-08,Ontario,5.0
2022-08,Ontario,6.7
2022-08,Ontario,0.7
2022-08,Ontario,0.7
2022-08,Ontario,1.1
2022-09,Ontario,5.5
2022-09,Ontario,5.3
2022-09,Ontario,0.2
2022-09,Ontario,0.2
2022-09,Ontario,0.4
2022-09,Ontario,5.6
2022-09,Ontario,5.4
2022-09,Ontario,0.2
2022-09,Ontario,0.2
2022-09,Ontario,0.4
2022-09,Ontario,11.6
2022-09,Ontario,11.9
2022-09,Ontario,0.8
2022-09,Ontario,0.9
2022-09,Ontario,1.5
2022-09,Ontario,13.9
2022-09,Ontario,10.9
2022-09,Ontario,4.5
2022-09,Ontario,4.3
2022-09,Ontario,0.2
2022-09,Ontario,0.2
2022-09,Ontario,0.4
2022-09,Ontario,4.5
2022-09,Ontario,4.4
2022-09,Ontario,0.3
2022-09,Ontario,0.3
2022-09,Ontario,0.5
2022-09,Ontario,4.4
2022-09,Ontario,4.2
2022-09,Ontario,0.5
2022-09,Ontario,0.5
2022-09,Ontario,0.8
2022-09,Ontario,5.4
2022-09,Ontario,5.2
2022-09,Ontario,0.3
2022-09,Ontario,0.3
2022-09,Ontario,0.6
2022-09,Ontario,5.7
2022-09,Ontario,5.3
2022-09,Ontario,0.3
2022-09,Ontario,0.3
2022-09,Ontario,0.6
2022-09,Ontario,12.5
2022-09,Ontario,12.5
2022-09,Ontario,1.2
2022-09,Ontario,1.3
2022-09,Ontario,2.1
2022-09,Ontario,14.2
2022-09,Ontario,11.6
2022-09,Ontario,4.3
2022-09,Ontario,4.1
2022-09,Ontario,0.3
2022-09,Ontario,0.3
2022-09,Ontario,0.5
2022-09,Ontario,4.3
2022-09,Ontario,4.3
2022-09,Ontario,0.4
2022-09,Ontario,0.4
2022-09,Ontario,0.6
2022-09,Ontario,4.0
2022-09,Ontario,3.6
2022-09,Ontario,0.6
2022-09,Ontario,0.6
2022-09,Ontario,1.0
2022-09,Ontario,5.6
2022-09,Ontario,5.5
2022-09,Ontario,0.3
2022-09,Ontario,0.3
2022-09,Ontario,0.6
2022-09,Ontario,5.6
2022-09,Ontario,5.5
2022-09,Ontario,0.3
2022-09,Ontario,0.4
2022-09,Ontario,0.6
2022-09,Ontario,10.6
2022-09,Ontario,11.3
2022-09,Ontario,1.1
2022-09,Ontario,1.3
2022-09,Ontario,2.2
2022-09,Ontario,13.5
2022-09,Ontario,10.0
2022-09,Ontario,4.7
2022-09,Ontario,4.6
2022-09,Ontario,0.3
2022-09,Ontario,0.3
2022-09,Ontario,0.6
2022-09,Ontario,4.7
2022-09,Ontario,4.5
2022-09,Ontario,0.4
2022-09,Ontario,0.4
2022-09,Ontario,0.7
2022-09,Ontario,4.9
2022-09,Ontario,4.8
2022-09,Ontario,0.7
2022-09,Ontario,0.7
2022-09,Ontario,1.1
2022-10,Ontario,5.5
2022-10,Ontario,5.2
2022-10,Ontario,0.2
2022-10,Ontario,0.2
2022-10,Ontario,0.4
2022-10,Ontario,5.6
2022-10,Ontario,5.2
2022-10,Ontario,0.2
2022-10,Ontario,0.2
2022-10,Ontario,0.4
2022-10,Ontario,12.0
2022-10,Ontario,11.6
2022-10,Ontario,0.8
2022-10,Ontario,0.9
2022-10,Ontario,1.5
2022-10,Ontario,12.8
2022-10,Ontario,11.0
2022-10,Ontario,4.4
2022-10,Ontario,4.2
2022-10,Ontario,0.2
2022-10,Ontario,0.2
2022-10,Ontario,0.4
2022-10,Ontario,4.4
2022-10,Ontario,4.2
2022-10,Ontario,0.3
2022-10,Ontario,0.3
2022-10,Ontario,0.5
2022-10,Ontario,4.3
2022-10,Ontario,4.1
2022-10,Ontario,0.5
2022-10,Ontario,0.5
2022-10,Ontario,0.8
2022-10,Ontario,5.1
2022-10,Ontario,4.8
2022-10,Ontario,0.3
2022-10,Ontario,0.3
2022-10,Ontario,0.6
2022-10,Ontario,5.2
2022-10,Ontario,4.8
2022-10,Ontario,0.3
2022-10,Ontario,0.3
2022-10,Ontario,0.6
2022-10,Ontario,11.0
2022-10,Ontario,10.9
2022-10,Ontario,1.2
2022-10,Ontario,1.3
2022-10,Ontario,2.1
2022-10,Ontario,12.3
2022-10,Ontario,10.2
2022-10,Ontario,4.1
2022-10,Ontario,3.8
2022-10,Ontario,0.3
2022-10,Ontario,0.3
2022-10,Ontario,0.5
2022-10,Ontario,4.1
2022-10,Ontario,3.8
2022-10,Ontario,0.4
2022-10,Ontario,0.4
2022-10,Ontario,0.6
2022-10,Ontario,4.1
2022-10,Ontario,3.9
2022-10,Ontario,0.6
2022-10,Ontario,0.6
2022-10,Ontario,1.0
2022-10,Ontario,5.9
2022-10,Ontario,5.6
2022-10,Ontario,0.3
2022-10,Ontario,0.3
2022-10,Ontario,0.6
2022-10,Ontario,6.0
2022-10,Ontario,5.7
2022-10,Ontario,0.3
2022-10,Ontario,0.4
2022-10,Ontario,0.6
2022-10,Ontario,13.1
2022-10,Ontario,12.5
2022-10,Ontario,1.1
2022-10,Ontario,1.3
2022-10,Ontario,2.2
2022-10,Ontario,13.4
2022-10,Ontario,11.9
2022-10,Ontario,4.7
2022-10,Ontario,4.5
2022-10,Ontario,0.3
2022-10,Ontario,0.3
2022-10,Ontario,0.6
2022-10,Ontario,4.8
2022-10,Ontario,4.6
2022-10,Ontario,0.4
2022-10,Ontario,0.4
2022-10,Ontario,0.7
2022-10,Ontario,4.6
2022-10,Ontario,4.3
2022-10,Ontario,0.7
2022-10,Ontario,0.7
2022-10,Ontario,1.1
2022-11,Ontario,5.6
2022-11,Ontario,5.0
2022-11,Ontario,0.2
2022-11,Ontario,0.2
2022-11,Ontario,0.4
2022-11,Ontario,5.6
2022-11,Ontario,5.0
2022-11,Ontario,0.2
2022-11,Ontario,0.2
2022-11,Ontario,0.4
2022-11,Ontario,11.9
2022-11,Ontario,11.0
2022-11,Ontario,0.8
2022-11,Ontario,0.9
2022-11,Ontario,1.5
2022-11,Ontario,13.5
2022-11,Ontario,9.6
2022-11,Ontario,4.5
2022-11,Ontario,4.0
2022-11,Ontario,0.2
2022-11,Ontario,0.2
2022-11,Ontario,0.4
2022-11,Ontario,4.6
2022-11,Ontario,4.1
2022-11,Ontario,0.3
2022-11,Ontario,0.3
2022-11,Ontario,0.5
2022-11,Ontario,4.2
2022-11,Ontario,3.8
2022-11,Ontario,0.5
2022-11,Ontario,0.5
2022-11,Ontario,0.8
2022-11,Ontario,5.5
2022-11,Ontario,4.9
2022-11,Ontario,0.3
2022-11,Ontario,0.3
2022-11,Ontario,0.6
2022-11,Ontario,5.4
2022-11,Ontario,4.9
2022-11,Ontario,0.3
2022-11,Ontario,0.3
2022-11,Ontario,0.6
2022-11,Ontario,12.0
2022-11,Ontario,11.1
2022-11,Ontario,1.2
2022-11,Ontario,1.3
2022-11,Ontario,2.1
2022-11,Ontario,14.2
2022-11,Ontario,9.5
2022-11,Ontario,4.5
2022-11,Ontario,4.0
2022-11,Ontario,0.3
2022-11,Ontario,0.3
2022-11,Ontario,0.5
2022-11,Ontario,4.5
2022-11,Ontario,3.9
2022-11,Ontario,0.4
2022-11,Ontario,0.4
2022-11,Ontario,0.6
2022-11,Ontario,4.4
2022-11,Ontario,4.1
2022-11,Ontario,0.6
2022-11,Ontario,0.6
2022-11,Ontario,1.0
2022-11,Ontario,5.7
2022-11,Ontario,5.1
2022-11,Ontario,0.3
2022-11,Ontario,0.3
2022-11,Ontario,0.6
2022-11,Ontario,6.0
2022-11,Ontario,5.1
2022-11,Ontario,0.3
2022-11,Ontario,0.4
2022-11,Ontario,0.6
2022-11,Ontario,11.8
2022-11,Ontario,10.9
2022-11,Ontario,1.1
2022-11,Ontario,1.3
2022-11,Ontario,2.2
2022-11,Ontario,12.7
2022-11,Ontario,9.8
2022-11,Ontario,4.6
2022-11,Ontario,4.1
2022-11,Ontario,0.3
2022-11,Ontario,0.3
2022-11,Ontario,0.6
2022-11,Ontario,4.8
2022-11,Ontario,4.3
2022-11,Ontario,0.4
2022-11,Ontario,0.4
2022-11,Ontario,0.7
2022-11,Ontario,4.1
2022-11,Ontario,3.6
2022-11,Ontario,0.7
2022-11,Ontario,0.7
2022-11,Ontario,1.1
2022-12,Ontario,5.3
2022-12,Ontario,4.5
2022-12,Ontario,0.2
2022-12,Ontario,0.2
2022-12,Ontario,0.4
2022-12,Ontario,5.2
2022-12,Ontario,4.5
2022-12,Ontario,0.2
2022-12,Ontario,0.2
2022-12,Ontario,0.4
2022-12,Ontario,11.1
2022-12,Ontario,8.5
2022-12,Ontario,0.8
2022-12,Ontario,0.9
2022-12,Ontario,1.5
2022-12,Ontario,9.8
2022-12,Ontario,7.8
2022-12,Ontario,4.3
2022-12,Ontario,3.9
2022-12,Ontario,0.2
2022-12,Ontario,0.2
2022-12,Ontario,0.4
2022-12,Ontario,4.3
2022-12,Ontario,3.9
2022-12,Ontario,0.3
2022-12,Ontario,0.3
2022-12,Ontario,0.5
2022-12,Ontario,4.3
2022-12,Ontario,3.9
2022-12,Ontario,0.5
2022-12,Ontario,0.5
2022-12,Ontario,0.8
2022-12,Ontario,5.3
2022-12,Ontario,4.6
2022-12,Ontario,0.3
2022-12,Ontario,0.3
2022-12,Ontario,0.6
2022-12,Ontario,5.1
2022-12,Ontario,4.5
2022-12,Ontario,0.3
2022-12,Ontario,0.3
2022-12,Ontario,0.6
2022-12,Ontario,11.5
2022-12,Ontario,8.8
2022-12,Ontario,1.2
2022-12,Ontario,1.3
2022-12,Ontario,2.1
2022-12,Ontario,11.9
2022-12,Ontario,7.2
2022-12,Ontario,4.3
2022-12,Ontario,4.0
2022-12,Ontario,0.3
2022-12,Ontario,0.3
2022-12,Ontario,0.5
2022-12,Ontario,4.2
2022-12,Ontario,3.8
2022-12,Ontario,0.4
2022-12,Ontario,0.4
2022-12,Ontario,0.6
2022-12,Ontario,4.6
2022-12,Ontario,4.3
2022-12,Ontario,0.6
2022-12,Ontario,0.6
2022-12,Ontario,1.0
2022-12,Ontario,5.3
2022-12,Ontario,4.4
2022-12,Ontario,0.3
2022-12,Ontario,0.3
2022-12,Ontario,0.6
2022-12,Ontario,5.3
2022-12,Ontario,4.4
2022-12,Ontario,0.3
2022-12,Ontario,0.4
2022-12,Ontario,0.6
2022-12,Ontario,10.7
2022-12,Ontario,8.2
2022-12,Ontario,1.1
2022-12,Ontario,1.3
2022-12,Ontario,2.2
2022-12,Ontario,7.8
2022-12,Ontario,8.5
2022-12,Ontario,4.4
2022-12,Ontario,3.8
2022-12,Ontario,0.3
2022-12,Ontario,0.3
2022-12,Ontario,0.6
2022-12,Ontario,4.5
2022-12,Ontario,3.9
2022-12,Ontario,0.4
2022-12,Ontario,0.4
2022-12,Ontario,0.7
2022-12,Ontario,4.1
2022-12,Ontario,3.4
2022-12,Ontario,0.7
2022-12,Ontario,0.7
2022-12,Ontario,1.1
2020-01,Quebec,4.8
2020-01,Quebec,5.6
2020-01,Quebec,0.3
2020-01,Quebec,0.3
2020-01,Quebec,0.4
2020-01,Quebec,4.8
2020-01,Quebec,5.6
2020-01,Quebec,0.3
2020-01,Quebec,0.3
2020-01,Quebec,0.4
2020-01,Quebec,7.6
2020-01,Quebec,8.8
2020-01,Quebec,0.9
2020-01,Quebec,1.0
2020-01,Quebec,1.4
2020-01,Quebec,9.7
2020-01,Quebec,8.3
2020-01,Quebec,4.3
2020-01,Quebec,5.1
2020-01,Quebec,0.3
2020-01,Quebec,0.3
2020-01,Quebec,0.4
2020-01,Quebec,4.1
2020-01,Quebec,4.9
2020-01,Quebec,0.3
2020-01,Quebec,0.3
2020-01,Quebec,0.5
2020-01,Quebec,4.7
2020-01,Quebec,5.6
2020-01,Quebec,0.5
2020-01,Quebec,0.6
2020-01,Quebec,0.8
2020-01,Quebec,5.1
2020-01,Quebec,6.5
2020-01,Quebec,0.4
2020-01,Quebec,0.4
2020-01,Quebec,0.6
2020-01,Quebec,5.2
2020-01,Quebec,6.5
2020-01,Quebec,0.4
2020-01,Quebec,0.4
2020-01,Quebec,0.6
2020-01,Quebec,8.6
2020-01,Quebec,10.7
2020-01,Quebec,1.4
2020-01,Quebec,1.5
2020-01,Quebec,2.1
2020-01,Quebec,11.1
2020-01,Quebec,10.5
2020-01,Quebec,4.6
2020-01,Quebec,5.8
2020-01,Quebec,0.4
2020-01,Quebec,0.4
2020-01,Quebec,0.6
2020-01,Quebec,4.3
2020-01,Quebec,5.5
2020-01,Quebec,0.5
2020-01,Quebec,0.5
2020-01,Quebec,0.7
2020-01,Quebec,5.2
2020-01,Quebec,6.6
2020-01,Quebec,0.8
2020-01,Quebec,0.8
2020-01,Quebec,1.1
2020-01,Quebec,4.3
2020-01,Quebec,4.6
2020-01,Quebec,0.4
2020-01,Quebec,0.4
2020-01,Quebec,0.5
2020-01,Quebec,4.4
2020-01,Quebec,4.6
2020-01,Quebec,0.4
2020-01,Quebec,0.4
2020-01,Quebec,0.5
2020-01,Quebec,6.5
2020-01,Quebec,6.8
2020-01,Quebec,1.2
2020-01,Quebec,1.3
2020-01,Quebec,1.7
2020-01,Quebec,8.4
2020-01,Quebec,5.8
2020-01,Quebec,4.0
2020-01,Quebec,4.2
2020-01,Quebec,0.4
2020-01,Quebec,0.4
2020-01,Quebec,0.5
2020-01,Quebec,4.0
2020-01,Quebec,4.3
2020-01,Quebec,0.4
2020-01,Quebec,0.4
2020-01,Quebec,0.6
2020-01,Quebec,3.9
2020-01,Quebec,4.2
2020-01,Quebec,0.8
2020-01,Quebec,0.8
2020-01,Quebec,1.1
2020-02,Quebec,4.5
2020-02,Quebec,5.2
2020-02,Quebec,0.3
2020-02,Quebec,0.3
2020-02,Quebec,0.4
2020-02,Quebec,4.5
2020-02,Quebec,5.2
2020-02,Quebec,0.3
2020-02,Quebec,0.3
2020-02,Quebec,0.4
2020-02,Quebec,6.4
2020-02,Quebec,6.8
2020-02,Quebec,0.9
2020-02,Quebec,1.0
2020-02,Quebec,1.4
2020-02,Quebec,8.4
2020-02,Quebec,5.9
2020-02,Quebec,4.2
2020-02,Quebec,4.9
2020-02,Quebec,0.3
2020-02,Quebec,0.3
2020-02,Quebec,0.4
2020-02,Quebec,3.9
2020-02,Quebec,4.5
2020-02,Quebec,0.3
2020-02,Quebec,0.3
2020-02,Quebec,0.5
2020-02,Quebec,4.9
2020-02,Quebec,6.2
2020-02,Quebec,0.5
2020-02,Quebec,0.6
2020-02,Quebec,0.8
2020-02,Quebec,4.8
2020-02,Quebec,5.9
2020-02,Quebec,0.4
2020-02,Quebec,0.4
2020-02,Quebec,0.6
2020-02,Quebec,4.8
2020-02,Quebec,5.9
2020-02,Quebec,0.4
2020-02,Quebec,0.4
2020-02,Quebec,0.6
2020-02,Quebec,7.9
2020-02,Quebec,8.6
2020-02,Quebec,1.4
2020-02,Quebec,1.5
2020-02,Quebec,2.1
2020-02,Quebec,9.1
2020-02,Quebec,8.4
2020-02,Quebec,4.3
2020-02,Quebec,5.4
2020-02,Quebec,0.4
2020-02,Quebec,0.4
2020-02,Quebec,0.6
2020-02,Quebec,3.9
2020-02,Quebec,4.7
2020-02,Quebec,0.5
2020-02,Quebec,0.5
2020-02,Quebec,0.7
2020-02,Quebec,5.3
2020-02,Quebec,7.4
2020-02,Quebec,0.8
2020-02,Quebec,0.8
2020-02,Quebec,1.1
2020-02,Quebec,4.2
2020-02,Quebec,4.4
2020-02,Quebec,0.4
2020-02,Quebec,0.4
2020-02,Quebec,0.5
2020-02,Quebec,4.2
2020-02,Quebec,4.4
2020-02,Quebec,0.4
2020-02,Quebec,0.4
2020-02,Quebec,0.5
2020-02,Quebec,4.8
2020-02,Quebec,4.9
2020-02,Quebec,1.2
2020-02,Quebec,1.3
2020-02,Quebec,1.7
2020-02,Quebec,7.7
2020-02,Quebec,3.1
2020-02,Quebec,4.1
2020-02,Quebec,4.3
2020-02,Quebec,0.4
2020-02,Quebec,0.4
2020-02,Quebec,0.5
2020-02,Quebec,4.0
2020-02,Quebec,4.2
2020-02,Quebec,0.4
2020-02,Quebec,0.4
2020-02,Quebec,0.6
2020-02,Quebec,4.3
2020-02,Quebec,4.8
2020-02,Quebec,0.8
2020-02,Quebec,0.8
2020-02,Quebec,1.1
2020-03,Quebec,8.6
2020-03,Quebec,9.0
2020-03,Quebec,0.3
2020-03,Quebec,0.3
2020-03,Quebec,0.4
2020-03,Quebec,8.4
2020-03,Quebec,8.9
2020-03,Quebec,0.3
2020-03,Quebec,0.3
2020-03,Quebec,0.4
2020-03,Quebec,17.9
2020-03,Quebec,18.6
2020-03,Quebec,0.9
2020-03,Quebec,1.0
2020-03,Quebec,1.4
2020-03,Quebec,23.7
2020-03,Quebec,15.6
2020-03,Quebec,7.0
2020-03,Quebec,7.5
2020-03,Quebec,0.3
2020-03,Quebec,0.3
2020-03,Quebec,0.4
2020-03,Quebec,6.4
2020-03,Quebec,6.6
2020-03,Quebec,0.3
2020-03,Quebec,0.3
2020-03,Quebec,0.5
2020-03,Quebec,8.9
2020-03,Quebec,10.2
2020-03,Quebec,0.5
2020-03,Quebec,0.6
2020-03,Quebec,0.8
2020-03,Quebec,7.1
2020-03,Quebec,8.4
2020-03,Quebec,0.4
2020-03,Quebec,0.4
2020-03,Quebec,0.6
2020-03,Quebec,7.0
2020-03,Quebec,8.2
2020-03,Quebec,0.4
2020-03,Quebec,0.4
2020-03,Quebec,0.6
2020-03,Quebec,13.9
2020-03,Quebec,16.7
2020-03,Quebec,1.4
2020-03,Quebec,1.5
2020-03,Quebec,2.1
2020-03,Quebec,18.4
2020-03,Quebec,15.8
2020-03,Quebec,6.0
2020-03,Quebec,7.2
2020-03,Quebec,0.4
2020-03,Quebec,0.4
2020-03,Quebec,0.6
2020-03,Quebec,5.3
2020-03,Quebec,6.2
2020-03,Quebec,0.5
2020-03,Quebec,0.5
2020-03,Quebec,0.7
2020-03,Quebec,8.0
2020-03,Quebec,9.9
2020-03,Quebec,0.8
2020-03,Quebec,0.8
2020-03,Quebec,1.1
2020-03,Quebec,10.2
2020-03,Quebec,9.7
2020-03,Quebec,0.4
2020-03,Quebec,0.4
2020-03,Quebec,0.5
2020-03,Quebec,9.9
2020-03,Quebec,9.6
2020-03,Quebec,0.4
2020-03,Quebec,0.4
2020-03,Quebec,0.5
2020-03,Quebec,21.8
2020-03,Quebec,20.5
2020-03,Quebec,1.2
2020-03,Quebec,1.3
2020-03,Quebec,1.7
2020-03,Quebec,28.5
2020-03,Quebec,15.5
2020-03,Quebec,8.2
2020-03,Quebec,7.8
2020-03,Quebec,0.4
2020-03,Quebec,0.4
2020-03,Quebec,0.5
2020-03,Quebec,7.6
2020-03,Quebec,7.0
2020-03,Quebec,0.4
2020-03,Quebec,0.4
2020-03,Quebec,0.6
2020-03,Quebec,9.9
2020-03,Quebec,10.6
2020-03,Quebec,0.8
2020-03,Quebec,0.8
2020-03,Quebec,1.1
2020-04,Quebec,18.2
2020-04,Quebec,18.7
2020-04,Quebec,0.3
2020-04,Quebec,0.3
2020-04,Quebec,0.4
2020-04,Quebec,18.4
2020-04,Quebec,18.8
2020-04,Quebec,0.3
2020-04,Quebec,0.3
2020-04,Quebec,0.4
2020-04,Quebec,32.8
2020-04,Quebec,33.8
2020-04,Quebec,0.9
2020-04,Quebec,1.0
2020-04,Quebec,1.4
2020-04,Quebec,35.7
2020-04,Quebec,32.7
2020-04,Quebec,16.0
2020-04,Quebec,16.4
2020-04,Quebec,0.3
2020-04,Quebec,0.3
2020-04,Quebec,0.4
2020-04,Quebec,15.3
2020-04,Quebec,15.3
2020-04,Quebec,0.3
2020-04,Quebec,0.3
2020-04,Quebec,0.5
2020-04,Quebec,18.0
2020-04,Quebec,19.9
2020-04,Quebec,0.5
2020-04,Quebec,0.6
2020-04,Quebec,0.8
2020-04,Quebec,18.6
2020-04,Quebec,20.3
2020-04,Quebec,0.4
2020-04,Quebec,0.4
2020-04,Quebec,0.6
2020-04,Quebec,19.3
2020-04,Quebec,20.5
2020-04,Quebec,0.4
2020-04,Quebec,0.4
2020-04,Quebec,0.6
2020-04,Quebec,31.8
2020-04,Quebec,34.7
2020-04,Quebec,1.4
2020-04,Quebec,1.5
2020-04,Quebec,2.1
2020-04,Quebec,32.8
2020-04,Quebec,35.8
2020-04,Quebec,16.6
2020-04,Quebec,18.1
2020-04,Quebec,0.4
2020-04,Quebec,0.4
2020-04,Quebec,0.6
2020-04,Quebec,15.7
2020-04,Quebec,16.8
2020-04,Quebec,0.5
2020-04,Quebec,0.5
2020-04,Quebec,0.7
2020-04,Quebec,19.2
2020-04,Quebec,22.1
2020-04,Quebec,0.8
2020-04,Quebec,0.8
2020-04,Quebec,1.1
2020-04,Quebec,17.8
2020-04,Quebec,17.0
2020-04,Quebec,0.4
2020-04,Quebec,0.4
2020-04,Quebec,0.5
2020-04,Quebec,17.4
2020-04,Quebec,16.9
2020-04,Quebec,0.4
2020-04,Quebec,0.4
2020-04,Quebec,0.5
2020-04,Quebec,33.7
2020-04,Quebec,32.8
2020-04,Quebec,1.2
2020-04,Quebec,1.3
2020-04,Quebec,1.7
2020-04,Quebec,38.9
2020-04,Quebec,29.4
2020-04,Quebec,15.2
2020-04,Quebec,14.6
2020-04,Quebec,0.4
2020-04,Quebec,0.4
2020-04,Quebec,0.5
2020-04,Quebec,14.9
2020-04,Quebec,13.8
2020-04,Quebec,0.4
2020-04,Quebec,0.4
2020-04,Quebec,0.6
2020-04,Quebec,16.5
2020-04,Quebec,17.2
2020-04,Quebec,0.8
2020-04,Quebec,0.8
2020-04,Quebec,1.1
2020-05,Quebec,14.2
2020-05,Quebec,13.9
2020-05,Quebec,0.3
2020-05,Quebec,0.3
2020-05,Quebec,0.4
2020-05,Quebec,14.6
2020-05,Quebec,13.9
2020-05,Quebec,0.3
2020-05,Quebec,0.3
2020-05,Quebec,0.4
2020-05,Quebec,31.4
2020-05,Quebec,32.3
2020-05,Quebec,0.9
2020-05,Quebec,1.0
2020-05,Quebec,1.4
2020-05,Quebec,35.6
2020-05,Quebec,30.3
2020-05,Quebec,11.5
2020-05,Quebec,11.0
2020-05,Quebec,0.3
2020-05,Quebec,0.3
2020-05,Quebec,0.4
2020-05,Quebec,11.4
2020-05,Quebec,10.8
2020-05,Quebec,0.3
2020-05,Quebec,0.3
2020-05,Quebec,0.5
2020-05,Quebec,11.9
2020-05,Quebec,11.6
2020-05,Quebec,0.5
2020-05,Quebec,0.6
2020-05,Quebec,0.8
2020-05,Quebec,14.5
2020-05,Quebec,14.3
2020-05,Quebec,0.4
2020-05,Quebec,0.4
2020-05,Quebec,0.6
2020-05,Quebec,14.8
2020-05,Quebec,14.3
2020-05,Quebec,0.4
2020-05,Quebec,0.4
2020-05,Quebec,0.6
2020-05,Quebec,33.1
2020-05,Quebec,33.2
2020-05,Quebec,1.4
2020-05,Quebec,1.5
2020-05,Quebec,2.1
2020-05,Quebec,33.3
2020-05,Quebec,33.1
2020-05,Quebec,11.7
2020-05,Quebec,11.4
2020-05,Quebec,0.4
2020-05,Quebec,0.4
2020-05,Quebec,0.6
2020-05,Quebec,11.7
2020-05,Quebec,11.2
2020-05,Quebec,0.5
2020-05,Quebec,0.5
2020-05,Quebec,0.7
2020-05,Quebec,11.6
2020-05,Quebec,11.9
2020-05,Quebec,0.8
2020-05,Quebec,0.8
2020-05,Quebec,1.1
2020-05,Quebec,13.7
2020-05,Quebec,13.5
2020-05,Quebec,0.4
2020-05,Quebec,0.4
2020-05,Quebec,0.5
2020-05,Quebec,14.3
2020-05,Quebec,13.4
2020-05,Quebec,0.4
2020-05,Quebec,0.4
2020-05,Quebec,0.5
2020-05,Quebec,29.6
2020-05,Quebec,31.2
2020-05,Quebec,1.2
2020-05,Quebec,1.3
2020-05,Quebec,1.7
2020-05,Quebec,37.9
2020-05,Quebec,27.3
2020-05,Quebec,11.3
2020-05,Quebec,10.5
2020-05,Quebec,0.4
2020-05,Quebec,0.4
2020-05,Quebec,0.5
2020-05,Quebec,11.0
2020-05,Quebec,10.3
2020-05,Quebec,0.4
2020-05,Quebec,0.4
2020-05,Quebec,0.6
2020-05,Quebec,12.3
2020-05,Quebec,11.2
2020-05,Quebec,0.8
2020-05,Quebec,0.8
2020-05,Quebec,1.1
2020-06,Quebec,11.0
2020-06,Quebec,10.1
2020-06,Quebec,0.3
2020-06,Quebec,0.3
2020-06,Quebec,0.4
2020-06,Quebec,10.6
2020-06,Quebec,9.9
2020-06,Quebec,0.3
2020-06,Quebec,0.3
2020-06,Quebec,0.4
2020-06,Quebec,23.3
2020-06,Quebec,23.2
2020-06,Quebec,0.9
2020-06,Quebec,1.0
2020-06,Quebec,1.4
2020-06,Quebec,30.8
2020-06,Quebec,18.0
2020-06,Quebec,9.0
2020-06,Quebec,7.7
2020-06,Quebec,0.3
2020-06,Quebec,0.3
2020-06,Quebec,0.4
2020-06,Quebec,8.4
2020-06,Quebec,7.4
2020-06,Quebec,0.3
2020-06,Quebec,0.3
2020-06,Quebec,0.5
2020-06,Quebec,10.9
2020-06,Quebec,8.7
2020-06,Quebec,0.5
2020-06,Quebec,0.6
2020-06,Quebec,0.8
2020-06,Quebec,10.7
2020-06,Quebec,9.4
2020-06,Quebec,0.4
2020-06,Quebec,0.4
2020-06,Quebec,0.6
2020-06,Quebec,10.3
2020-06,Quebec,9.3
2020-06,Quebec,0.4
2020-06,Quebec,0.4
2020-06,Quebec,0.6
2020-06,Quebec,24.6
2020-06,Quebec,22.5
2020-06,Quebec,1.4
2020-06,Quebec,1.5
2020-06,Quebec,2.1
2020-06,Quebec,29.7
2020-06,Quebec,17.6
2020-06,Quebec,8.5
2020-06,Quebec,7.2
2020-06,Quebec,0.4
2020-06,Quebec,0.4
2020-06,Quebec,0.6
2020-06,Quebec,7.6
2020-06,Quebec,6.7
2020-06,Quebec,0.5
2020-06,Quebec,0.5
2020-06,Quebec,0.7
2020-06,Quebec,10.9
2020-06,Quebec,8.5
2020-06,Quebec,0.8
2020-06,Quebec,0.8
2020-06,Quebec,1.1
2020-06,Quebec,11.3
2020-06,Quebec,10.8
2020-06,Quebec,0.4
2020-06,Quebec,0.4
2020-06,Quebec,0.5
2020-06,Quebec,11.0
2020-06,Quebec,10.7
2020-06,Quebec,0.4
2020-06,Quebec,0.4
2020-06,Quebec,0.5
2020-06,Quebec,21.8
2020-06,Quebec,23.9
2020-06,Quebec,1.2
2020-06,Quebec,1.3
2020-06,Quebec,1.7
2020-06,Quebec,32.0
2020-06,Quebec,18.5
2020-06,Quebec,9.5
2020-06,Quebec,8.4
2020-06,Quebec,0.4
2020-06,Quebec,0.4
2020-06,Quebec,0.5
2020-06,Quebec,9.1
2020-06,Quebec,8.2
2020-06,Quebec,0.4
2020-06,Quebec,0.4
2020-06,Quebec,0.6
2020-06,Quebec,10.9
2020-06,Quebec,8.9
2020-06,Quebec,0.8
2020-06,Quebec,0.8
2020-06,Quebec,1.1
2020-07,Quebec,9.4
2020-07,Quebec,9.2
2020-07,Quebec,0.3
2020-07,Quebec,0.4
2020-07,Quebec,0.4
2020-07,Quebec,9.4
2020-07,Quebec,9.2
2020-07,Quebec,0.3
2020-07,Quebec,0.4
2020-07,Quebec,0.4
2020-07,Quebec,18.4
2020-07,Quebec,17.2
2020-07,Quebec,1.1
2020-07,Quebec,1.3
2020-07,Quebec,1.5
2020-07,Quebec,21.5
2020-07,Quebec,14.1
2020-07,Quebec,7.9
2020-07,Quebec,7.8
2020-07,Quebec,0.3
2020-07,Quebec,0.4
2020-07,Quebec,0.4
2020-07,Quebec,7.4
2020-07,Quebec,7.8
2020-07,Quebec,0.4
2020-07,Quebec,0.4
2020-07,Quebec,0.5
2020-07,Quebec,9.3
2020-07,Quebec,7.7
2020-07,Quebec,0.7
2020-07,Quebec,0.7
2020-07,Quebec,0.9
2020-07,Quebec,10.0
2020-07,Quebec,9.3
2020-07,Quebec,0.4
2020-07,Quebec,0.5
2020-07,Quebec,0.6
2020-07,Quebec,9.9
2020-07,Quebec,9.3
2020-07,Quebec,0.5
2020-07,Quebec,0.5
2020-07,Quebec,0.6
2020-07,Quebec,22.4
2020-07,Quebec,20.7
2020-07,Quebec,1.6
2020-07,Quebec,1.9
2020-07,Quebec,2.2
2020-07,Quebec,25.4
2020-07,Quebec,17.5
2020-07,Quebec,8.1
2020-07,Quebec,7.3
2020-07,Quebec,0.4
2020-07,Quebec,0.5
2020-07,Quebec,0.6
2020-07,Quebec,7.4
2020-07,Quebec,7.0
2020-07,Quebec,0.5
2020-07,Quebec,0.6
2020-07,Quebec,0.7
2020-07,Quebec,10.0
2020-07,Quebec,8.0
2020-07,Quebec,0.9
2020-07,Quebec,0.9
2020-07,Quebec,1.2
2020-07,Quebec,8.6
2020-07,Quebec,9.1
2020-07,Quebec,0.5
2020-07,Quebec,0.5
2020-07,Quebec,0.6
2020-07,Quebec,8.8
2020-07,Quebec,9.0
2020-07,Quebec,0.5
2020-07,Quebec,0.5
2020-07,Quebec,0.6
2020-07,Quebec,13.9
2020-07,Quebec,13.4
2020-07,Quebec,1.5
2020-07,Quebec,1.8
2020-07,Quebec,2.0
2020-07,Quebec,17.5
2020-07,Quebec,10.2
2020-07,Quebec,7.7
2020-07,Quebec,8.3
2020-07,Quebec,0.5
2020-07,Quebec,0.5
2020-07,Quebec,0.6
2020-07,Quebec,7.5
2020-07,Quebec,8.6
2020-07,Quebec,0.5
2020-07,Quebec,0.6
2020-07,Quebec,0.7
2020-07,Quebec,8.4
2020-07,Quebec,7.4
2020-07,Quebec,1.0
2020-07,Quebec,1.1
2020-07,Quebec,1.3
2020-08,Quebec,8.4
2020-08,Quebec,9.0
2020-08,Quebec,0.3
2020-08,Quebec,0.4
2020-08,Quebec,0.4
2020-08,Quebec,8.8
2020-08,Quebec,8.9
2020-08,Quebec,0.3
2020-08,Quebec,0.4
2020-08,Quebec,0.4
2020-08,Quebec,15.0
2020-08,Quebec,15.0
2020-08,Quebec,1.1
2020-08,Quebec,1.3
2020-08,Quebec,1.5
2020-08,Quebec,19.4
2020-08,Quebec,11.8
2020-08,Quebec,7.3
2020-08,Quebec,7.9
2020-08,Quebec,0.3
2020-08,Quebec,0.4
2020-08,Quebec,0.4
2020-08,Quebec,7.2
2020-08,Quebec,8.1
2020-08,Quebec,0.4
2020-08,Quebec,0.4
2020-08,Quebec,0.5
2020-08,Quebec,7.6
2020-08,Quebec,7.2
2020-08,Quebec,0.7
2020-08,Quebec,0.7
2020-08,Quebec,0.9
2020-08,Quebec,8.5
2020-08,Quebec,7.7
2020-08,Quebec,0.4
2020-08,Quebec,0.5
2020-08,Quebec,0.6
2020-08,Quebec,8.4
2020-08,Quebec,7.6
2020-08,Quebec,0.5
2020-08,Quebec,0.5
2020-08,Quebec,0.6
2020-08,Quebec,17.3
2020-08,Quebec,15.8
2020-08,Quebec,1.6
2020-08,Quebec,1.9
2020-08,Quebec,2.2
2020-08,Quebec,17.7
2020-08,Quebec,14.6
2020-08,Quebec,7.1
2020-08,Quebec,6.2
2020-08,Quebec,0.4
2020-08,Quebec,0.5
2020-08,Quebec,0.6
2020-08,Quebec,6.8
2020-08,Quebec,6.0
2020-08,Quebec,0.5
2020-08,Quebec,0.6
2020-08,Quebec,0.7
2020-08,Quebec,7.9
2020-08,Quebec,6.8
2020-08,Quebec,0.9
2020-08,Quebec,0.9
2020-08,Quebec,1.2
2020-08,Quebec,8.3
2020-08,Quebec,10.4
2020-08,Quebec,0.5
2020-08,Quebec,0.5
2020-08,Quebec,0.6
2020-08,Quebec,9.3
2020-08,Quebec,10.4
2020-08,Quebec,0.5
2020-08,Quebec,0.5
2020-08,Quebec,0.6
2020-08,Quebec,12.5
2020-08,Quebec,14.1
2020-08,Quebec,1.5
2020-08,Quebec,1.8
2020-08,Quebec,2.0
2020-08,Quebec,21.1
2020-08,Quebec,8.7
2020-08,Quebec,7.5
2020-08,Quebec,9.7
2020-08,Quebec,0.5
2020-08,Quebec,0.5
2020-08,Quebec,0.6
2020-08,Quebec,7.7
2020-08,Quebec,10.3
2020-08,Quebec,0.5
2020-08,Quebec,0.6
2020-08,Quebec,0.7
2020-08,Quebec,7.2
2020-08,Quebec,7.7
2020-08,Quebec,1.0
2020-08,Quebec,1.1
2020-08,Quebec,1.3
2020-09,Quebec,7.2
2020-09,Quebec,6.5
2020-09,Quebec,0.3
2020-09,Quebec,0.4
2020-09,Quebec,0.4
2020-09,Quebec,6.8
2020-09,Quebec,6.4
2020-09,Quebec,0.3
2020-09,Quebec,0.4
2020-09,Quebec,0.4
2020-09,Quebec,11.8
2020-09,Quebec,11.4
2020-09,Quebec,1.1
2020-09,Quebec,1.3
2020-09,Quebec,1.5
2020-09,Quebec,13.8
2020-09,Quebec,10.0
2020-09,Quebec,6.5
2020-09,Quebec,5.8
2020-09,Quebec,0.3
2020-09,Quebec,0.4
2020-09,Quebec,0.4
2020-09,Quebec,6.4
2020-09,Quebec,5.7
2020-09,Quebec,0.4
2020-09,Quebec,0.4
2020-09,Quebec,0.5
2020-09,Quebec,6.7
2020-09,Quebec,5.9
2020-09,Quebec,0.7
2020-09,Quebec,0.7
2020-09,Quebec,0.9
2020-09,Quebec,7.2
2020-09,Quebec,6.0
2020-09,Quebec,0.4
2020-09,Quebec,0.5
2020-09,Quebec,0.6
2020-09,Quebec,6.8
2020-09,Quebec,5.9
2020-09,Quebec,0.5
2020-09,Quebec,0.5
2020-09,Quebec,0.6
2020-09,Quebec,12.6
2020-09,Quebec,11.2
2020-09,Quebec,1.6
2020-09,Quebec,1.9
2020-09,Quebec,2.2
2020-09,Quebec,12.6
2020-09,Quebec,10.5
2020-09,Quebec,6.4
2020-09,Quebec,5.2
2020-09,Quebec,0.4
2020-09,Quebec,0.5
2020-09,Quebec,0.6
2020-09,Quebec,6.4
2020-09,Quebec,5.4
2020-09,Quebec,0.5
2020-09,Quebec,0.6
2020-09,Quebec,0.7
2020-09,Quebec,6.3
2020-09,Quebec,5.0
2020-09,Quebec,0.9
2020-09,Quebec,0.9
2020-09,Quebec,1.2
2020-09,Quebec,7.3
2020-09,Quebec,7.1
2020-09,Quebec,0.5
2020-09,Quebec,0.5
2020-09,Quebec,0.6
2020-09,Quebec,6.9
2020-09,Quebec,6.9
2020-09,Quebec,0.5
2020-09,Quebec,0.5
2020-09,Quebec,0.6
2020-09,Quebec,11.0
2020-09,Quebec,11.5
2020-09,Quebec,1.5
2020-09,Quebec,1.8
2020-09,Quebec,2.0
2020-09,Quebec,14.7
2020-09,Quebec,9.4
2020-09,Quebec,6.6
2020-09,Quebec,6.3
2020-09,Quebec,0.5
2020-09,Quebec,0.5
2020-09,Quebec,0.6
2020-09,Quebec,6.4
2020-09,Quebec,6.1
2020-09,Quebec,0.5
2020-09,Quebec,0.6
2020-09,Quebec,0.7
2020-09,Quebec,7.2
2020-09,Quebec,7.3
2020-09,Quebec,1.0
2020-09,Quebec,1.1
2020-09,Quebec,1.3
2020-10,Quebec,7.6
2020-10,Quebec,7.0
2020-10,Quebec,0.3
2020-10,Quebec,0.4
2020-10,Quebec,0.4
2020-10,Quebec,7.2
2020-10,Quebec,6.9
2020-10,Quebec,0.3
2020-10,Quebec,0.4
2020-10,Quebec,0.4
2020-10,Quebec,14.2
2020-10,Quebec,13.2
2020-10,Quebec,1.1
2020-10,Quebec,1.3
2020-10,Quebec,1.5
2020-10,Quebec,16.0
2020-10,Quebec,11.6
2020-10,Quebec,6.5
2020-10,Quebec,6.0
2020-10,Quebec,0.3
2020-10,Quebec,0.4
2020-10,Quebec,0.4
2020-10,Quebec,6.3
2020-10,Quebec,5.8
2020-10,Quebec,0.4
2020-10,Quebec,0.4
2020-10,Quebec,0.5
2020-10,Quebec,7.2
2020-10,Quebec,6.6
2020-10,Quebec,0.7
2020-10,Quebec,0.7
2020-10,Quebec,0.9
2020-10,Quebec,8.1
2020-10,Quebec,7.2
2020-10,Quebec,0.4
2020-10,Quebec,0.5
2020-10,Quebec,0.6
2020-10,Quebec,7.8
2020-10,Quebec,7.3
2020-10,Quebec,0.5
2020-10,Quebec,0.5
2020-10,Quebec,0.6
2020-10,Quebec,17.3
2020-10,Quebec,15.8
2020-10,Quebec,1.6
2020-10,Quebec,1.9
2020-10,Quebec,2.2
2020-10,Quebec,18.1
2020-10,Quebec,14.6
2020-10,Quebec,6.7
2020-10,Quebec,5.9
2020-10,Quebec,0.4
2020-10,Quebec,0.5
2020-10,Quebec,0.6
2020-10,Quebec,6.6
2020-10,Quebec,5.9
2020-10,Quebec,0.5
2020-10,Quebec,0.6
2020-10,Quebec,0.7
2020-10,Quebec,7.1
2020-10,Quebec,6.1
2020-10,Quebec,0.9
2020-10,Quebec,0.9
2020-10,Quebec,1.2
2020-10,Quebec,7.0
2020-10,Quebec,6.8
2020-10,Quebec,0.5
2020-10,Quebec,0.5
2020-10,Quebec,0.6
2020-10,Quebec,6.5
2020-10,Quebec,6.6
2020-10,Quebec,0.5
2020-10,Quebec,0.5
2020-10,Quebec,0.6
2020-10,Quebec,11.1
2020-10,Quebec,10.6
2020-10,Quebec,1.5
2020-10,Quebec,1.8
2020-10,Quebec,2.0
2020-10,Quebec,14.2
2020-10,Quebec,8.3
2020-10,Quebec,6.2
2020-10,Quebec,6.1
2020-10,Quebec,0.5
2020-10,Quebec,0.5
2020-10,Quebec,0.6
2020-10,Quebec,5.9
2020-10,Quebec,5.7
2020-10,Quebec,0.5
2020-10,Quebec,0.6
2020-10,Quebec,0.7
2020-10,Quebec,7.3
2020-10,Quebec,7.3
2020-10,Quebec,1.0
2020-10,Quebec,1.1
2020-10,Quebec,1.3
2020-11,Quebec,7.2
2020-11,Quebec,6.7
2020-11,Quebec,0.3
2020-11,Quebec,0.4
2020-11,Quebec,0.4
2020-11,Quebec,6.9
2020-11,Quebec,6.6
2020-11,Quebec,0.3
2020-11,Quebec,0.4
2020-11,Quebec,0.4
2020-11,Quebec,11.6
2020-11,Quebec,10.9
2020-11,Quebec,1.1
2020-11,Quebec,1.3
2020-11,Quebec,1.5
2020-11,Quebec,14.3
2020-11,Quebec,8.9
2020-11,Quebec,6.5
2020-11,Quebec,6.1
2020-11,Quebec,0.3
2020-11,Quebec,0.4
2020-11,Quebec,0.4
2020-11,Quebec,6.3
2020-11,Quebec,5.8
2020-11,Quebec,0.4
2020-11,Quebec,0.4
2020-11,Quebec,0.5
2020-11,Quebec,7.2
2020-11,Quebec,7.0
2020-11,Quebec,0.7
2020-11,Quebec,0.7
2020-11,Quebec,0.9
2020-11,Quebec,7.8
2020-11,Quebec,7.1
2020-11,Quebec,0.4
2020-11,Quebec,0.5
2020-11,Quebec,0.6
2020-11,Quebec,7.6
2020-11,Quebec,7.0
2020-11,Quebec,0.5
2020-11,Quebec,0.5
2020-11,Quebec,0.6
2020-11,Quebec,14.4
2020-11,Quebec,13.2
2020-11,Quebec,1.6
2020-11,Quebec,1.9
2020-11,Quebec,2.2
2020-11,Quebec,15.7
2020-11,Quebec,11.8
2020-11,Quebec,6.8
2020-11,Quebec,6.3
2020-11,Quebec,0.4
2020-11,Quebec,0.5
2020-11,Quebec,0.6
2020-11,Quebec,6.6
2020-11,Quebec,6.0
2020-11,Quebec,0.5
2020-11,Quebec,0.6
2020-11,Quebec,0.7
2020-11,Quebec,7.5
2020-11,Quebec,7.0
2020-11,Quebec,0.9
2020-11,Quebec,0.9
2020-11,Quebec,1.2
2020-11,Quebec,6.5
2020-11,Quebec,6.3
2020-11,Quebec,0.5
2020-11,Quebec,0.5
2020-11,Quebec,0.6
2020-11,Quebec,6.1
2020-11,Quebec,6.1
2020-11,Quebec,0.5
2020-11,Quebec,0.5
2020-11,Quebec,0.6
2020-11,Quebec,8.7
2020-11,Quebec,8.5
2020-11,Quebec,1.5
2020-11,Quebec,1.8
2020-11,Quebec,2.0
2020-11,Quebec,12.9
2020-11,Quebec,5.6
2020-11,Quebec,6.1
2020-11,Quebec,5.9
2020-11,Quebec,0.5
2020-11,Quebec,0.5
2020-11,Quebec,0.6
2020-11,Quebec,5.9
2020-11,Quebec,5.6
2020-11,Quebec,0.5
2020-11,Quebec,0.6
2020-11,Quebec,0.7
2020-11,Quebec,6.7
2020-11,Quebec,7.0
2020-11,Quebec,1.0
2020-11,Quebec,1.1
2020-11,Quebec,1.3
2020-12,Quebec,6.8
2020-12,Quebec,6.6
2020-12,Quebec,0.3
2020-12,Quebec,0.4
2020-12,Quebec,0.4
2020-12,Quebec,6.6
2020-12,Quebec,6.5
2020-12,Quebec,0.3
2020-12,Quebec,0.4
2020-12,Quebec,0.4
2020-12,Quebec,10.4
2020-12,Quebec,9.6
2020-12,Quebec,1.1
2020-12,Quebec,1.3
2020-12,Quebec,1.5
2020-12,Quebec,8.1
2020-12,Quebec,10.5
2020-12,Quebec,6.2
2020-12,Quebec,6.1
2020-12,Quebec,0.3
2020-12,Quebec,0.4
2020-12,Quebec,0.4
2020-12,Quebec,5.7
2020-12,Quebec,5.5
2020-12,Quebec,0.4
2020-12,Quebec,0.4
2020-12,Quebec,0.5
2020-12,Quebec,7.8
2020-12,Quebec,8.0
2020-12,Quebec,0.7
2020-12,Quebec,0.7
2020-12,Quebec,0.9
2020-12,Quebec,7.4
2020-12,Quebec,7.4
2020-12,Quebec,0.4
2020-12,Quebec,0.5
2020-12,Quebec,0.6
2020-12,Quebec,7.4
2020-12,Quebec,7.3
2020-12,Quebec,0.5
2020-12,Quebec,0.5
2020-12,Quebec,0.6
2020-12,Quebec,14.2
2020-12,Quebec,13.4
2020-12,Quebec,1.6
2020-12,Quebec,1.9
2020-12,Quebec,2.2
2020-12,Quebec,8.9
2020-12,Quebec,15.8
2020-12,Quebec,6.5
2020-12,Quebec,6.6
2020-12,Quebec,0.4
2020-12,Quebec,0.5
2020-12,Quebec,0.6
2020-12,Quebec,6.0
2020-12,Quebec,6.0
2020-12,Quebec,0.5
2020-12,Quebec,0.6
2020-12,Quebec,0.7
2020-12,Quebec,7.8
2020-12,Quebec,8.0
2020-12,Quebec,0.9
2020-12,Quebec,0.9
2020-12,Quebec,1.2
2020-12,Quebec,6.1
2020-12,Quebec,5.7
2020-12,Quebec,0.5
2020-12,Quebec,0.5
2020-12,Quebec,0.6
2020-12,Quebec,5.7
2020-12,Quebec,5.6
2020-12,Quebec,0.5
2020-12,Quebec,0.5
2020-12,Quebec,0.6
2020-12,Quebec,6.6
2020-12,Quebec,5.8
2020-12,Quebec,1.5
2020-12,Quebec,1.8
2020-12,Quebec,2.0
2020-12,Quebec,7.3
2020-12,Quebec,4.7
2020-12,Quebec,6.0
2020-12,Quebec,5.6
2020-12,Quebec,0.5
2020-12,Quebec,0.5
2020-12,Quebec,0.6
2020-12,Quebec,5.5
2020-12,Quebec,5.0
2020-12,Quebec,0.5
2020-12,Quebec,0.6
2020-12,Quebec,0.7
2020-12,Quebec,7.7
2020-12,Quebec,7.9
2020-12,Quebec,1.0
2020-12,Quebec,1.1
2020-12,Quebec,1.3
2021-01,Quebec,8.2
2021-01,Quebec,9.4
2021-01,Quebec,0.4
2021-01,Quebec,0.4
2021-01,Quebec,0.5
2021-01,Quebec,8.4
2021-01,Quebec,9.3
2021-01,Quebec,0.4
2021-01,Quebec,0.4
2021-01,Quebec,0.5
2021-01,Quebec,16.2
2021-01,Quebec,18.4
2021-01,Quebec,1.3
2021-01,Quebec,1.6
2021-01,Quebec,1.6
2021-01,Quebec,18.5
2021-01,Quebec,18.3
2021-01,Quebec,7.0
2021-01,Quebec,8.1
2021-01,Quebec,0.4
2021-01,Quebec,0.4
2021-01,Quebec,0.5
2021-01,Quebec,6.6
2021-01,Quebec,7.6
2021-01,Quebec,0.5
2021-01,Quebec,0.5
2021-01,Quebec,0.6
2021-01,Quebec,8.2
2021-01,Quebec,9.4
2021-01,Quebec,0.8
2021-01,Quebec,0.8
2021-01,Quebec,1.0
2021-01,Quebec,8.1
2021-01,Quebec,9.8
2021-01,Quebec,0.5
2021-01,Quebec,0.6
2021-01,Quebec,0.6
2021-01,Quebec,8.5
2021-01,Quebec,9.8
2021-01,Quebec,0.6
2021-01,Quebec,0.6
2021-01,Quebec,0.7
2021-01,Quebec,16.2
2021-01,Quebec,18.5
2021-01,Quebec,2.0
2021-01,Quebec,2.2
2021-01,Quebec,2.4
2021-01,Quebec,14.3
2021-01,Quebec,20.8
2021-01,Quebec,6.9
2021-01,Quebec,8.6
2021-01,Quebec,0.5
2021-01,Quebec,0.5
2021-01,Quebec,0.7
2021-01,Quebec,6.6
2021-01,Quebec,8.3
2021-01,Quebec,0.6
2021-01,Quebec,0.7
2021-01,Quebec,0.8
2021-01,Quebec,8.0
2021-01,Quebec,9.5
2021-01,Quebec,1.0
2021-01,Quebec,1.1
2021-01,Quebec,1.3
2021-01,Quebec,8.3
2021-01,Quebec,8.9
2021-01,Quebec,0.5
2021-01,Quebec,0.6
2021-01,Quebec,0.7
2021-01,Quebec,8.3
2021-01,Quebec,8.7
2021-01,Quebec,0.6
2021-01,Quebec,0.6
2021-01,Quebec,0.7
2021-01,Quebec,16.2
2021-01,Quebec,18.2
2021-01,Quebec,1.8
2021-01,Quebec,2.1
2021-01,Quebec,2.2
2021-01,Quebec,22.6
2021-01,Quebec,15.6
2021-01,Quebec,7.1
2021-01,Quebec,7.5
2021-01,Quebec,0.6
2021-01,Quebec,0.6
2021-01,Quebec,0.7
2021-01,Quebec,6.6
2021-01,Quebec,6.9
2021-01,Quebec,0.7
2021-01,Quebec,0.7
2021-01,Quebec,0.8
2021-01,Quebec,8.7
2021-01,Quebec,9.3
2021-01,Quebec,1.1
2021-01,Quebec,1.2
2021-01,Quebec,1.4
2021-02,Quebec,6.6
2021-02,Quebec,7.0
2021-02,Quebec,0.4
2021-02,Quebec,0.4
2021-02,Quebec,0.5
2021-02,Quebec,6.6
2021-02,Quebec,6.9
2021-02,Quebec,0.4
2021-02,Quebec,0.4
2021-02,Quebec,0.5
2021-02,Quebec,11.6
2021-02,Quebec,11.9
2021-02,Quebec,1.3
2021-02,Quebec,1.6
2021-02,Quebec,1.6
2021-02,Quebec,15.3
2021-02,Quebec,9.8
2021-02,Quebec,5.8
2021-02,Quebec,6.3
2021-02,Quebec,0.4
2021-02,Quebec,0.4
2021-02,Quebec,0.5
2021-02,Quebec,5.4
2021-02,Quebec,5.7
2021-02,Quebec,0.5
2021-02,Quebec,0.5
2021-02,Quebec,0.6
2021-02,Quebec,7.1
2021-02,Quebec,8.0
2021-02,Quebec,0.8
2021-02,Quebec,0.8
2021-02,Quebec,1.0
2021-02,Quebec,6.7
2021-02,Quebec,7.6
2021-02,Quebec,0.5
2021-02,Quebec,0.6
2021-02,Quebec,0.6
2021-02,Quebec,6.8
2021-02,Quebec,7.6
2021-02,Quebec,0.6
2021-02,Quebec,0.6
2021-02,Quebec,0.7
2021-02,Quebec,11.2
2021-02,Quebec,12.3
2021-02,Quebec,2.0
2021-02,Quebec,2.2
2021-02,Quebec,2.4
2021-02,Quebec,13.7
2021-02,Quebec,11.4
2021-02,Quebec,6.1
2021-02,Quebec,7.0
2021-02,Quebec,0.5
2021-02,Quebec,0.5
2021-02,Quebec,0.7
2021-02,Quebec,5.8
2021-02,Quebec,6.6
2021-02,Quebec,0.6
2021-02,Quebec,0.7
2021-02,Quebec,0.8
2021-02,Quebec,6.7
2021-02,Quebec,8.1
2021-02,Quebec,1.0
2021-02,Quebec,1.1
2021-02,Quebec,1.3
2021-02,Quebec,6.5
2021-02,Quebec,6.3
2021-02,Quebec,0.5
2021-02,Quebec,0.6
2021-02,Quebec,0.7
2021-02,Quebec,6.3
2021-02,Quebec,6.2
2021-02,Quebec,0.6
2021-02,Quebec,0.6
2021-02,Quebec,0.7
2021-02,Quebec,11.9
2021-02,Quebec,11.6
2021-02,Quebec,1.8
2021-02,Quebec,2.1
2021-02,Quebec,2.2
2021-02,Quebec,17.0
2021-02,Quebec,8.2
2021-02,Quebec,5.6
2021-02,Quebec,5.5
2021-02,Quebec,0.6
2021-02,Quebec,0.6
2021-02,Quebec,0.7
2021-02,Quebec,5.0
2021-02,Quebec,4.8
2021-02,Quebec,0.7
2021-02,Quebec,0.7
2021-02,Quebec,0.8
2021-02,Quebec,7.7
2021-02,Quebec,7.8
2021-02,Quebec,1.1
2021-02,Quebec,1.2
2021-02,Quebec,1.4
2021-03,Quebec,6.7
2021-03,Quebec,7.2
2021-03,Quebec,0.4
2021-03,Quebec,0.4
2021-03,Quebec,0.5
2021-03,Quebec,6.7
2021-03,Quebec,7.1
2021-03,Quebec,0.4
2021-03,Quebec,0.4
2021-03,Quebec,0.5
2021-03,Quebec,11.9
2021-03,Quebec,12.8
2021-03,Quebec,1.3
2021-03,Quebec,1.6
2021-03,Quebec,1.6
2021-03,Quebec,18.8
2021-03,Quebec,9.4
2021-03,Quebec,5.8
2021-03,Quebec,6.3
2021-03,Quebec,0.4
2021-03,Quebec,0.4
2021-03,Quebec,0.5
2021-03,Quebec,5.5
2021-03,Quebec,5.8
2021-03,Quebec,0.5
2021-03,Quebec,0.5
2021-03,Quebec,0.6
2021-03,Quebec,6.9
2021-03,Quebec,7.9
2021-03,Quebec,0.8
2021-03,Quebec,0.8
2021-03,Quebec,1.0
2021-03,Quebec,7.2
2021-03,Quebec,8.5
2021-03,Quebec,0.5
2021-03,Quebec,0.6
2021-03,Quebec,0.6
2021-03,Quebec,7.5
2021-03,Quebec,8.5
2021-03,Quebec,0.6
2021-03,Quebec,0.6
2021-03,Quebec,0.7
2021-03,Quebec,13.4
2021-03,Quebec,16.0
2021-03,Quebec,2.0
2021-03,Quebec,2.2
2021-03,Quebec,2.4
2021-03,Quebec,22.9
2021-03,Quebec,12.1
2021-03,Quebec,6.2
2021-03,Quebec,7.3
2021-03,Quebec,0.5
2021-03,Quebec,0.5
2021-03,Quebec,0.7
2021-03,Quebec,6.0
2021-03,Quebec,7.0
2021-03,Quebec,0.6
2021-03,Quebec,0.7
2021-03,Quebec,0.8
2021-03,Quebec,6.6
2021-03,Quebec,8.1
2021-03,Quebec,1.0
2021-03,Quebec,1.1
2021-03,Quebec,1.3
2021-03,Quebec,6.1
2021-03,Quebec,5.7
2021-03,Quebec,0.5
2021-03,Quebec,0.6
2021-03,Quebec,0.7
2021-03,Quebec,5.9
2021-03,Quebec,5.6
2021-03,Quebec,0.6
2021-03,Quebec,0.6
2021-03,Quebec,0.7
2021-03,Quebec,10.2
2021-03,Quebec,9.3
2021-03,Quebec,1.8
2021-03,Quebec,2.1
2021-03,Quebec,2.2
2021-03,Quebec,14.4
2021-03,Quebec,6.4
2021-03,Quebec,5.4
2021-03,Quebec,5.2
2021-03,Quebec,0.6
2021-03,Quebec,0.6
2021-03,Quebec,0.7
2021-03,Quebec,4.9
2021-03,Quebec,4.5
2021-03,Quebec,0.7
2021-03,Quebec,0.7
2021-03,Quebec,0.8
2021-03,Quebec,7.2
2021-03,Quebec,7.5
2021-03,Quebec,1.1
2021-03,Quebec,1.2
2021-03,Quebec,1.4
2021-04,Quebec,6.7
2021-04,Quebec,7.0
2021-04,Quebec,0.4
2021-04,Quebec,0.4
2021-04,Quebec,0.5
2021-04,Quebec,6.6
2021-04,Quebec,6.9
2021-04,Quebec,0.4
2021-04,Quebec,0.4
2021-04,Quebec,0.5
2021-04,Quebec,13.2
2021-04,Quebec,13.8
2021-04,Quebec,1.3
2021-04,Quebec,1.6
2021-04,Quebec,1.6
2021-04,Quebec,16.0
2021-04,Quebec,12.5
2021-04,Quebec,5.7
2021-04,Quebec,5.9
2021-04,Quebec,0.4
2021-04,Quebec,0.4
2021-04,Quebec,0.5
2021-04,Quebec,5.4
2021-04,Quebec,5.4
2021-04,Quebec,0.5
2021-04,Quebec,0.5
2021-04,Quebec,0.6
2021-04,Quebec,6.7
2021-04,Quebec,7.6
2021-04,Quebec,0.8
2021-04,Quebec,0.8
2021-04,Quebec,1.0
2021-04,Quebec,7.2
2021-04,Quebec,8.0
2021-04,Quebec,0.5
2021-04,Quebec,0.6
2021-04,Quebec,0.6
2021-04,Quebec,7.1
2021-04,Quebec,8.0
2021-04,Quebec,0.6
2021-04,Quebec,0.6
2021-04,Quebec,0.7
2021-04,Quebec,15.6
2021-04,Quebec,17.6
2021-04,Quebec,2.0
2021-04,Quebec,2.2
2021-04,Quebec,2.4
2021-04,Quebec,19.2
2021-04,Quebec,16.6
2021-04,Quebec,5.9
2021-04,Quebec,6.6
2021-04,Quebec,0.5
2021-04,Quebec,0.5
2021-04,Quebec,0.7
2021-04,Quebec,5.5
2021-04,Quebec,6.1
2021-04,Quebec,0.6
2021-04,Quebec,0.7
2021-04,Quebec,0.8
2021-04,Quebec,6.8
2021-04,Quebec,8.1
2021-04,Quebec,1.0
2021-04,Quebec,1.1
2021-04,Quebec,1.3
2021-04,Quebec,6.2
2021-04,Quebec,5.8
2021-04,Quebec,0.5
2021-04,Quebec,0.6
2021-04,Quebec,0.7
2021-04,Quebec,6.2
2021-04,Quebec,5.7
2021-04,Quebec,0.6
2021-04,Quebec,0.6
2021-04,Quebec,0.7
2021-04,Quebec,10.6
2021-04,Quebec,9.8
2021-04,Quebec,1.8
2021-04,Quebec,2.1
2021-04,Quebec,2.2
2021-04,Quebec,12.4
2021-04,Quebec,8.4
2021-04,Quebec,5.5
2021-04,Quebec,5.2
2021-04,Quebec,0.6
2021-04,Quebec,0.6
2021-04,Quebec,0.7
2021-04,Quebec,5.2
2021-04,Quebec,4.6
2021-04,Quebec,0.7
2021-04,Quebec,0.7
2021-04,Quebec,0.8
2021-04,Quebec,6.7
2021-04,Quebec,7.0
2021-04,Quebec,1.1
2021-04,Quebec,1.2
2021-04,Quebec,1.4
2021-05,Quebec,6.6
2021-05,Quebec,6.4
2021-05,Quebec,0.4
2021-05,Quebec,0.4
2021-05,Quebec,0.5
2021-05,Quebec,6.9
2021-05,Quebec,6.4
2021-05,Quebec,0.4
2021-05,Quebec,0.4
2021-05,Quebec,0.5
2021-05,Quebec,10.7
2021-05,Quebec,11.4
2021-05,Quebec,1.3
2021-05,Quebec,1.6
2021-05,Quebec,1.6
2021-05,Quebec,13.2
2021-05,Quebec,10.3
2021-05,Quebec,6.0
2021-05,Quebec,5.6
2021-05,Quebec,0.4
2021-05,Quebec,0.4
2021-05,Quebec,0.5
2021-05,Quebec,5.6
2021-05,Quebec,5.2
2021-05,Quebec,0.5
2021-05,Quebec,0.5
2021-05,Quebec,0.6
2021-05,Quebec,7.3
2021-05,Quebec,6.8
2021-05,Quebec,0.8
2021-05,Quebec,0.8
2021-05,Quebec,1.0
2021-05,Quebec,6.5
2021-05,Quebec,6.4
2021-05,Quebec,0.5
2021-05,Quebec,0.6
2021-05,Quebec,0.6
2021-05,Quebec,6.7
2021-05,Quebec,6.5
2021-05,Quebec,0.6
2021-05,Quebec,0.6
2021-05,Quebec,0.7
2021-05,Quebec,9.9
2021-05,Quebec,10.7
2021-05,Quebec,2.0
2021-05,Quebec,2.2
2021-05,Quebec,2.4
2021-05,Quebec,10.7
2021-05,Quebec,10.7
2021-05,Quebec,6.0
2021-05,Quebec,5.8
2021-05,Quebec,0.5
2021-05,Quebec,0.5
2021-05,Quebec,0.7
2021-05,Quebec,5.7
2021-05,Quebec,5.4
2021-05,Quebec,0.6
2021-05,Quebec,0.7
2021-05,Quebec,0.8
2021-05,Quebec,6.8
2021-05,Quebec,7.0
2021-05,Quebec,1.0
2021-05,Quebec,1.1
2021-05,Quebec,1.3
2021-05,Quebec,6.8
2021-05,Quebec,6.3
2021-05,Quebec,0.5
2021-05,Quebec,0.6
2021-05,Quebec,0.7
2021-05,Quebec,7.1
2021-05,Quebec,6.3
2021-05,Quebec,0.6
2021-05,Quebec,0.6
2021-05,Quebec,0.7
2021-05,Quebec,11.5
2021-05,Quebec,12.2
2021-05,Quebec,1.8
2021-05,Quebec,2.1
2021-05,Quebec,2.2
2021-05,Quebec,15.7
2021-05,Quebec,10.0
2021-05,Quebec,6.0
2021-05,Quebec,5.3
2021-05,Quebec,0.6
2021-05,Quebec,0.6
2021-05,Quebec,0.7
2021-05,Quebec,5.4
2021-05,Quebec,4.9
2021-05,Quebec,0.7
2021-05,Quebec,0.7
2021-05,Quebec,0.8
2021-05,Quebec,7.9
2021-05,Quebec,6.6
2021-05,Quebec,1.1
2021-05,Quebec,1.2
2021-05,Quebec,1.4
2021-06,Quebec,6.2
2021-06,Quebec,5.4
2021-06,Quebec,0.4
2021-06,Quebec,0.4
2021-06,Quebec,0.5
2021-06,Quebec,5.9
2021-06,Quebec,5.4
2021-06,Quebec,0.4
2021-06,Quebec,0.4
2021-06,Quebec,0.5
2021-06,Quebec,8.6
2021-06,Quebec,8.6
2021-06,Quebec,1.3
2021-06,Quebec,1.6
2021-06,Quebec,1.6
2021-06,Quebec,11.8
2021-06,Quebec,6.4
2021-06,Quebec,5.8
2021-06,Quebec,4.8
2021-06,Quebec,0.4
2021-06,Quebec,0.4
2021-06,Quebec,0.5
2021-06,Quebec,5.3
2021-06,Quebec,4.6
2021-06,Quebec,0.5
2021-06,Quebec,0.5
2021-06,Quebec,0.6
2021-06,Quebec,7.0
2021-06,Quebec,5.5
2021-06,Quebec,0.8
2021-06,Quebec,0.8
2021-06,Quebec,1.0
2021-06,Quebec,6.4
2021-06,Quebec,5.5
2021-06,Quebec,0.5
2021-06,Quebec,0.6
2021-06,Quebec,0.6
2021-06,Quebec,6.3
2021-06,Quebec,5.5
2021-06,Quebec,0.6
2021-06,Quebec,0.6
2021-06,Quebec,0.7
2021-06,Quebec,9.7
2021-06,Quebec,8.8
2021-06,Quebec,2.0
2021-06,Quebec,2.2
2021-06,Quebec,2.4
2021-06,Quebec,11.4
2021-06,Quebec,7.1
2021-06,Quebec,5.9
2021-06,Quebec,4.9
2021-06,Quebec,0.5
2021-06,Quebec,0.5
2021-06,Quebec,0.7
2021-06,Quebec,5.7
2021-06,Quebec,4.8
2021-06,Quebec,0.6
2021-06,Quebec,0.7
2021-06,Quebec,0.8
2021-06,Quebec,6.6
2021-06,Quebec,5.1
2021-06,Quebec,1.0
2021-06,Quebec,1.1
2021-06,Quebec,1.3
2021-06,Quebec,5.9
2021-06,Quebec,5.3
2021-06,Quebec,0.5
2021-06,Quebec,0.6
2021-06,Quebec,0.7
2021-06,Quebec,5.5
2021-06,Quebec,5.3
2021-06,Quebec,0.6
2021-06,Quebec,0.6
2021-06,Quebec,0.7
2021-06,Quebec,7.5
2021-06,Quebec,8.5
2021-06,Quebec,1.8
2021-06,Quebec,2.1
2021-06,Quebec,2.2
2021-06,Quebec,12.2
2021-06,Quebec,5.8
2021-06,Quebec,5.6
2021-06,Quebec,4.7
2021-06,Quebec,0.6
2021-06,Quebec,0.6
2021-06,Quebec,0.7
2021-06,Quebec,4.9
2021-06,Quebec,4.3
2021-06,Quebec,0.7
2021-06,Quebec,0.7
2021-06,Quebec,0.8
2021-06,Quebec,7.7
2021-06,Quebec,6.0
2021-06,Quebec,1.1
2021-06,Quebec,1.2
2021-06,Quebec,1.4
2021-07,Quebec,6.2
2021-07,Quebec,6.2
2021-07,Quebec,0.4
2021-07,Quebec,0.4
2021-07,Quebec,0.5
2021-07,Quebec,6.2
2021-07,Quebec,6.2
2021-07,Quebec,0.4
2021-07,Quebec,0.4
2021-07,Quebec,0.5
2021-07,Quebec,7.3
2021-07,Quebec,7.5
2021-07,Quebec,1.3
2021-07,Quebec,1.5
2021-07,Quebec,1.7
2021-07,Quebec,7.6
2021-07,Quebec,7.4
2021-07,Quebec,6.0
2021-07,Quebec,5.9
2021-07,Quebec,0.4
2021-07,Quebec,0.4
2021-07,Quebec,0.5
2021-07,Quebec,5.6
2021-07,Quebec,5.9
2021-07,Quebec,0.4
2021-07,Quebec,0.4
2021-07,Quebec,0.6
2021-07,Quebec,7.1
2021-07,Quebec,6.0
2021-07,Quebec,0.7
2021-07,Quebec,0.7
2021-07,Quebec,1.0
2021-07,Quebec,6.5
2021-07,Quebec,6.0
2021-07,Quebec,0.5
2021-07,Quebec,0.5
2021-07,Quebec,0.7
2021-07,Quebec,6.5
2021-07,Quebec,6.1
2021-07,Quebec,0.5
2021-07,Quebec,0.5
2021-07,Quebec,0.7
2021-07,Quebec,9.0
2021-07,Quebec,9.2
2021-07,Quebec,2.0
2021-07,Quebec,2.2
2021-07,Quebec,2.5
2021-07,Quebec,8.6
2021-07,Quebec,9.5
2021-07,Quebec,6.1
2021-07,Quebec,5.5
2021-07,Quebec,0.5
2021-07,Quebec,0.5
2021-07,Quebec,0.7
2021-07,Quebec,6.3
2021-07,Quebec,5.8
2021-07,Quebec,0.6
2021-07,Quebec,0.6
2021-07,Quebec,0.8
2021-07,Quebec,5.8
2021-07,Quebec,4.6
2021-07,Quebec,0.9
2021-07,Quebec,0.9
2021-07,Quebec,1.3
2021-07,Quebec,5.8
2021-07,Quebec,6.3
2021-07,Quebec,0.5
2021-07,Quebec,0.5
2021-07,Quebec,0.7
2021-07,Quebec,5.8
2021-07,Quebec,6.4
2021-07,Quebec,0.5
2021-07,Quebec,0.5
2021-07,Quebec,0.7
2021-07,Quebec,5.7
2021-07,Quebec,5.7
2021-07,Quebec,1.7
2021-07,Quebec,1.9
2021-07,Quebec,2.3
2021-07,Quebec,6.5
2021-07,Quebec,5.1
2021-07,Quebec,5.9
2021-07,Quebec,6.5
2021-07,Quebec,0.5
2021-07,Quebec,0.5
2021-07,Quebec,0.7
2021-07,Quebec,5.0
2021-07,Quebec,6.0
2021-07,Quebec,0.6
2021-07,Quebec,0.6
2021-07,Quebec,0.8
2021-07,Quebec,8.8
2021-07,Quebec,7.9
2021-07,Quebec,1.1
2021-07,Quebec,1.1
2021-07,Quebec,1.5
2021-08,Quebec,5.7
2021-08,Quebec,6.3
2021-08,Quebec,0.4
2021-08,Quebec,0.4
2021-08,Quebec,0.5
2021-08,Quebec,5.7
2021-08,Quebec,6.3
2021-08,Quebec,0.4
2021-08,Quebec,0.4
2021-08,Quebec,0.5
2021-08,Quebec,6.6
2021-08,Quebec,6.2
2021-08,Quebec,1.3
2021-08,Quebec,1.5
2021-08,Quebec,1.7
2021-08,Quebec,5.8
2021-08,Quebec,6.5
2021-08,Quebec,5.5
2021-08,Quebec,6.4
2021-08,Quebec,0.4
2021-08,Quebec,0.4
2021-08,Quebec,0.5
2021-08,Quebec,5.2
2021-08,Quebec,6.2
2021-08,Quebec,0.4
2021-08,Quebec,0.4
2021-08,Quebec,0.6
2021-08,Quebec,6.4
2021-08,Quebec,6.9
2021-08,Quebec,0.7
2021-08,Quebec,0.7
2021-08,Quebec,1.0
2021-08,Quebec,6.1
2021-08,Quebec,6.0
2021-08,Quebec,0.5
2021-08,Quebec,0.5
2021-08,Quebec,0.7
2021-08,Quebec,6.0
2021-08,Quebec,5.9
2021-08,Quebec,0.5
2021-08,Quebec,0.5
2021-08,Quebec,0.7
2021-08,Quebec,9.1
2021-08,Quebec,8.2
2021-08,Quebec,2.0
2021-08,Quebec,2.2
2021-08,Quebec,2.5
2021-08,Quebec,7.4
2021-08,Quebec,8.7
2021-08,Quebec,5.7
2021-08,Quebec,5.6
2021-08,Quebec,0.5
2021-08,Quebec,0.5
2021-08,Quebec,0.7
2021-08,Quebec,5.5
2021-08,Quebec,5.5
2021-08,Quebec,0.6
2021-08,Quebec,0.6
2021-08,Quebec,0.8
2021-08,Quebec,6.2
2021-08,Quebec,6.1
2021-08,Quebec,0.9
2021-08,Quebec,0.9
2021-08,Quebec,1.3
2021-08,Quebec,5.1
2021-08,Quebec,6.8
2021-08,Quebec,0.5
2021-08,Quebec,0.5
2021-08,Quebec,0.7
2021-08,Quebec,5.4
2021-08,Quebec,6.8
2021-08,Quebec,0.5
2021-08,Quebec,0.5
2021-08,Quebec,0.7
2021-08,Quebec,4.1
2021-08,Quebec,4.3
2021-08,Quebec,1.7
2021-08,Quebec,1.9
2021-08,Quebec,2.3
2021-08,Quebec,4.3
2021-08,Quebec,4.3
2021-08,Quebec,5.3
2021-08,Quebec,7.2
2021-08,Quebec,0.5
2021-08,Quebec,0.5
2021-08,Quebec,0.7
2021-08,Quebec,5.0
2021-08,Quebec,7.0
2021-08,Quebec,0.6
2021-08,Quebec,0.6
2021-08,Quebec,0.8
2021-08,Quebec,6.5
2021-08,Quebec,8.1
2021-08,Quebec,1.1
2021-08,Quebec,1.1
2021-08,Quebec,1.5
2021-09,Quebec,5.9
2021-09,Quebec,5.3
2021-09,Quebec,0.4
2021-09,Quebec,0.4
2021-09,Quebec,0.5
2021-09,Quebec,5.7
2021-09,Quebec,5.3
2021-09,Quebec,0.4
2021-09,Quebec,0.4
2021-09,Quebec,0.5
2021-09,Quebec,8.9
2021-09,Quebec,8.5
2021-09,Quebec,1.3
2021-09,Quebec,1.5
2021-09,Quebec,1.7
2021-09,Quebec,9.9
2021-09,Quebec,7.5
2021-09,Quebec,5.4
2021-09,Quebec,4.7
2021-09,Quebec,0.4
2021-09,Quebec,0.4
2021-09,Quebec,0.5
2021-09,Quebec,5.0
2021-09,Quebec,4.4
2021-09,Quebec,0.4
2021-09,Quebec,0.4
2021-09,Quebec,0.6
2021-09,Quebec,6.8
2021-09,Quebec,5.8
2021-09,Quebec,0.7
2021-09,Quebec,0.7
2021-09,Quebec,1.0
2021-09,Quebec,6.1
2021-09,Quebec,5.0
2021-09,Quebec,0.5
2021-09,Quebec,0.5
2021-09,Quebec,0.7
2021-09,Quebec,5.8
2021-09,Quebec,5.0
2021-09,Quebec,0.5
2021-09,Quebec,0.5
2021-09,Quebec,0.7
2021-09,Quebec,9.4
2021-09,Quebec,7.9
2021-09,Quebec,2.0
2021-09,Quebec,2.2
2021-09,Quebec,2.5
2021-09,Quebec,8.8
2021-09,Quebec,7.4
2021-09,Quebec,5.6
2021-09,Quebec,4.6
2021-09,Quebec,0.5
2021-09,Quebec,0.5
2021-09,Quebec,0.7
2021-09,Quebec,5.1
2021-09,Quebec,4.3
2021-09,Quebec,0.6
2021-09,Quebec,0.6
2021-09,Quebec,0.8
2021-09,Quebec,6.9
2021-09,Quebec,5.4
2021-09,Quebec,0.9
2021-09,Quebec,0.9
2021-09,Quebec,1.3
2021-09,Quebec,5.7
2021-09,Quebec,5.5
2021-09,Quebec,0.5
2021-09,Quebec,0.5
2021-09,Quebec,0.7
2021-09,Quebec,5.6
2021-09,Quebec,5.6
2021-09,Quebec,0.5
2021-09,Quebec,0.5
2021-09,Quebec,0.7
2021-09,Quebec,8.5
2021-09,Quebec,9.0
2021-09,Quebec,1.7
2021-09,Quebec,1.9
2021-09,Quebec,2.3
2021-09,Quebec,10.9
2021-09,Quebec,7.7
2021-09,Quebec,5.2
2021-09,Quebec,4.9
2021-09,Quebec,0.5
2021-09,Quebec,0.5
2021-09,Quebec,0.7
2021-09,Quebec,4.8
2021-09,Quebec,4.5
2021-09,Quebec,0.6
2021-09,Quebec,0.6
2021-09,Quebec,0.8
2021-09,Quebec,6.6
2021-09,Quebec,6.4
2021-09,Quebec,1.1
2021-09,Quebec,1.1
2021-09,Quebec,1.5
2021-10,Quebec,5.3
2021-10,Quebec,4.8
2021-10,Quebec,0.4
2021-10,Quebec,0.4
2021-10,Quebec,0.5
2021-10,Quebec,5.2
2021-10,Quebec,4.9
2021-10,Quebec,0.4
2021-10,Quebec,0.4
2021-10,Quebec,0.5
2021-10,Quebec,7.6
2021-10,Quebec,6.7
2021-10,Quebec,1.3
2021-10,Quebec,1.5
2021-10,Quebec,1.7
2021-10,Quebec,6.8
2021-10,Quebec,6.6
2021-10,Quebec,4.9
2021-10,Quebec,4.5
2021-10,Quebec,0.4
2021-10,Quebec,0.4
2021-10,Quebec,0.5
2021-10,Quebec,4.2
2021-10,Quebec,3.9
2021-10,Quebec,0.4
2021-10,Quebec,0.4
2021-10,Quebec,0.6
2021-10,Quebec,7.1
2021-10,Quebec,6.5
2021-10,Quebec,0.7
2021-10,Quebec,0.7
2021-10,Quebec,1.0
2021-10,Quebec,5.5
2021-10,Quebec,4.7
2021-10,Quebec,0.5
2021-10,Quebec,0.5
2021-10,Quebec,0.7
2021-10,Quebec,5.4
2021-10,Quebec,4.8
2021-10,Quebec,0.5
2021-10,Quebec,0.5
2021-10,Quebec,0.7
2021-10,Quebec,8.7
2021-10,Quebec,7.1
2021-10,Quebec,2.0
2021-10,Quebec,2.2
2021-10,Quebec,2.5
2021-10,Quebec,8.5
2021-10,Quebec,6.2
2021-10,Quebec,5.1
2021-10,Quebec,4.4
2021-10,Quebec,0.5
2021-10,Quebec,0.5
2021-10,Quebec,0.7
2021-10,Quebec,4.5
2021-10,Quebec,4.1
2021-10,Quebec,0.6
2021-10,Quebec,0.6
2021-10,Quebec,0.8
2021-10,Quebec,6.5
2021-10,Quebec,5.4
2021-10,Quebec,0.9
2021-10,Quebec,0.9
2021-10,Quebec,1.3
2021-10,Quebec,5.0
2021-10,Quebec,4.9
2021-10,Quebec,0.5
2021-10,Quebec,0.5
2021-10,Quebec,0.7
2021-10,Quebec,5.0
2021-10,Quebec,5.0
2021-10,Quebec,0.5
2021-10,Quebec,0.5
2021-10,Quebec,0.7
2021-10,Quebec,6.5
2021-10,Quebec,6.3
2021-10,Quebec,1.7
2021-10,Quebec,1.9
2021-10,Quebec,2.3
2021-10,Quebec,5.4
2021-10,Quebec,7.0
2021-10,Quebec,4.7
2021-10,Quebec,4.7
2021-10,Quebec,0.5
2021-10,Quebec,0.5
2021-10,Quebec,0.7
2021-10,Quebec,3.8
2021-10,Quebec,3.7
2021-10,Quebec,0.6
2021-10,Quebec,0.6
2021-10,Quebec,0.8
2021-10,Quebec,7.9
2021-10,Quebec,7.9
2021-10,Quebec,1.1
2021-10,Quebec,1.1
2021-10,Quebec,1.5
2021-11,Quebec,4.5
2021-11,Quebec,4.2
2021-11,Quebec,0.4
2021-11,Quebec,0.4
2021-11,Quebec,0.5
2021-11,Quebec,4.4
2021-11,Quebec,4.1
2021-11,Quebec,0.4
2021-11,Quebec,0.4
2021-11,Quebec,0.5
2021-11,Quebec,5.4
2021-11,Quebec,4.8
2021-11,Quebec,1.3
2021-11,Quebec,1.5
2021-11,Quebec,1.7
2021-11,Quebec,6.4
2021-11,Quebec,3.6
2021-11,Quebec,4.4
2021-11,Quebec,4.1
2021-11,Quebec,0.4
2021-11,Quebec,0.4
2021-11,Quebec,0.5
2021-11,Quebec,4.1
2021-11,Quebec,3.8
2021-11,Quebec,0.4
2021-11,Quebec,0.4
2021-11,Quebec,0.6
2021-11,Quebec,5.3
2021-11,Quebec,5.0
2021-11,Quebec,0.7
2021-11,Quebec,0.7
2021-11,Quebec,1.0
2021-11,Quebec,5.1
2021-11,Quebec,4.6
2021-11,Quebec,0.5
2021-11,Quebec,0.5
2021-11,Quebec,0.7
2021-11,Quebec,5.0
2021-11,Quebec,4.6
2021-11,Quebec,0.5
2021-11,Quebec,0.5
2021-11,Quebec,0.7
2021-11,Quebec,6.6
2021-11,Quebec,5.5
2021-11,Quebec,2.0
2021-11,Quebec,2.2
2021-11,Quebec,2.5
2021-11,Quebec,7.4
2021-11,Quebec,4.1
2021-11,Quebec,4.8
2021-11,Quebec,4.5
2021-11,Quebec,0.5
2021-11,Quebec,0.5
2021-11,Quebec,0.7
2021-11,Quebec,4.7
2021-11,Quebec,4.4
2021-11,Quebec,0.6
2021-11,Quebec,0.6
2021-11,Quebec,0.8
2021-11,Quebec,5.3
2021-11,Quebec,4.9
2021-11,Quebec,0.9
2021-11,Quebec,0.9
2021-11,Quebec,1.3
2021-11,Quebec,3.9
2021-11,Quebec,3.7
2021-11,Quebec,0.5
2021-11,Quebec,0.5
2021-11,Quebec,0.7
2021-11,Quebec,3.8
2021-11,Quebec,3.7
2021-11,Quebec,0.5
2021-11,Quebec,0.5
2021-11,Quebec,0.7
2021-11,Quebec,4.2
2021-11,Quebec,4.1
2021-11,Quebec,1.7
2021-11,Quebec,1.9
2021-11,Quebec,2.3
2021-11,Quebec,5.4
2021-11,Quebec,3.2
2021-11,Quebec,3.8
2021-11,Quebec,3.6
2021-11,Quebec,0.5
2021-11,Quebec,0.5
2021-11,Quebec,0.7
2021-11,Quebec,3.4
2021-11,Quebec,3.1
2021-11,Quebec,0.6
2021-11,Quebec,0.6
2021-11,Quebec,0.8
2021-11,Quebec,5.2
2021-11,Quebec,5.2
2021-11,Quebec,1.1
2021-11,Quebec,1.1
2021-11,Quebec,1.5
2021-12,Quebec,4.6
2021-12,Quebec,4.5
2021-12,Quebec,0.4
2021-12,Quebec,0.4
2021-12,Quebec,0.5
2021-12,Quebec,4.6
2021-12,Quebec,4.4
2021-12,Quebec,0.4
2021-12,Quebec,0.4
2021-12,Quebec,0.5
2021-12,Quebec,7.6
2021-12,Quebec,6.7
2021-12,Quebec,1.3
2021-12,Quebec,1.5
2021-12,Quebec,1.7
2021-12,Quebec,7.5
2021-12,Quebec,6.2
2021-12,Quebec,4.1
2021-12,Quebec,4.1
2021-12,Quebec,0.4
2021-12,Quebec,0.4
2021-12,Quebec,0.5
2021-12,Quebec,3.7
2021-12,Quebec,3.6
2021-12,Quebec,0.4
2021-12,Quebec,0.4
2021-12,Quebec,0.6
2021-12,Quebec,5.5
2021-12,Quebec,5.6
2021-12,Quebec,0.7
2021-12,Quebec,0.7
2021-12,Quebec,1.0
2021-12,Quebec,4.8
2021-12,Quebec,4.8
2021-12,Quebec,0.5
2021-12,Quebec,0.5
2021-12,Quebec,0.7
2021-12,Quebec,4.7
2021-12,Quebec,4.6
2021-12,Quebec,0.5
2021-12,Quebec,0.5
2021-12,Quebec,0.7
2021-12,Quebec,8.6
2021-12,Quebec,7.8
2021-12,Quebec,2.0
2021-12,Quebec,2.2
2021-12,Quebec,2.5
2021-12,Quebec,10.2
2021-12,Quebec,6.2
2021-12,Quebec,4.2
2021-12,Quebec,4.4
2021-12,Quebec,0.5
2021-12,Quebec,0.5
2021-12,Quebec,0.7
2021-12,Quebec,3.7
2021-12,Quebec,3.9
2021-12,Quebec,0.6
2021-12,Quebec,0.6
2021-12,Quebec,0.8
2021-12,Quebec,5.6
2021-12,Quebec,5.8
2021-12,Quebec,0.9
2021-12,Quebec,0.9
2021-12,Quebec,1.3
2021-12,Quebec,4.5
2021-12,Quebec,4.1
2021-12,Quebec,0.5
2021-12,Quebec,0.5
2021-12,Quebec,0.7
2021-12,Quebec,4.4
2021-12,Quebec,4.1
2021-12,Quebec,0.5
2021-12,Quebec,0.5
2021-12,Quebec,0.7
2021-12,Quebec,6.7
2021-12,Quebec,5.7
2021-12,Quebec,1.7
2021-12,Quebec,1.9
2021-12,Quebec,2.3
2021-12,Quebec,5.0
2021-12,Quebec,6.2
2021-12,Quebec,4.1
2021-12,Quebec,3.8
2021-12,Quebec,0.5
2021-12,Quebec,0.5
2021-12,Quebec,0.7
2021-12,Quebec,3.7
2021-12,Quebec,3.3
2021-12,Quebec,0.6
2021-12,Quebec,0.6
2021-12,Quebec,0.8
2021-12,Quebec,5.4
2021-12,Quebec,5.5
2021-12,Quebec,1.1
2021-12,Quebec,1.1
2021-12,Quebec,1.5
2022-01,Quebec,5.0
2022-01,Quebec,6.0
2022-01,Quebec,0.3
2022-01,Quebec,0.3
2022-01,Quebec,0.5
2022-01,Quebec,5.0
2022-01,Quebec,6.0
2022-01,Quebec,0.4
2022-01,Quebec,0.3
2022-01,Quebec,0.5
2022-01,Quebec,9.7
2022-01,Quebec,11.5
2022-01,Quebec,1.2
2022-01,Quebec,1.3
2022-01,Quebec,1.8
2022-01,Quebec,13.6
2022-01,Quebec,10.0
2022-01,Quebec,4.2
2022-01,Quebec,5.2
2022-01,Quebec,0.3
2022-01,Quebec,0.3
2022-01,Quebec,0.5
2022-01,Quebec,3.8
2022-01,Quebec,4.7
2022-01,Quebec,0.4
2022-01,Quebec,0.4
2022-01,Quebec,0.6
2022-01,Quebec,5.5
2022-01,Quebec,6.7
2022-01,Quebec,0.7
2022-01,Quebec,0.7
2022-01,Quebec,1.1
2022-01,Quebec,5.1
2022-01,Quebec,6.5
2022-01,Quebec,0.5
2022-01,Quebec,0.5
2022-01,Quebec,0.7
2022-01,Quebec,5.2
2022-01,Quebec,6.5
2022-01,Quebec,0.5
2022-01,Quebec,0.5
2022-01,Quebec,0.7
2022-01,Quebec,11.4
2022-01,Quebec,13.3
2022-01,Quebec,1.7
2022-01,Quebec,2.0
2022-01,Quebec,2.6
2022-01,Quebec,13.2
2022-01,Quebec,13.4
2022-01,Quebec,4.2
2022-01,Quebec,5.6
2022-01,Quebec,0.5
2022-01,Quebec,0.5
2022-01,Quebec,0.7
2022-01,Quebec,3.7
2022-01,Quebec,5.0
2022-01,Quebec,0.6
2022-01,Quebec,0.6
2022-01,Quebec,0.8
2022-01,Quebec,5.6
2022-01,Quebec,7.1
2022-01,Quebec,0.9
2022-01,Quebec,0.9
2022-01,Quebec,1.4
2022-01,Quebec,4.9
2022-01,Quebec,5.5
2022-01,Quebec,0.5
2022-01,Quebec,0.5
2022-01,Quebec,0.7
2022-01,Quebec,4.9
2022-01,Quebec,5.4
2022-01,Quebec,0.5
2022-01,Quebec,0.5
2022-01,Quebec,0.7
2022-01,Quebec,8.1
2022-01,Quebec,9.8
2022-01,Quebec,1.5
2022-01,Quebec,1.8
2022-01,Quebec,2.4
2022-01,Quebec,13.9
2022-01,Quebec,6.9
2022-01,Quebec,4.3
2022-01,Quebec,4.8
2022-01,Quebec,0.5
2022-01,Quebec,0.5
2022-01,Quebec,0.8
2022-01,Quebec,4.0
2022-01,Quebec,4.4
2022-01,Quebec,0.6
2022-01,Quebec,0.6
2022-01,Quebec,0.9
2022-01,Quebec,5.3
2022-01,Quebec,6.1
2022-01,Quebec,1.1
2022-01,Quebec,1.1
2022-01,Quebec,1.6
2022-02,Quebec,4.4
2022-02,Quebec,4.8
2022-02,Quebec,0.3
2022-02,Quebec,0.3
2022-02,Quebec,0.5
2022-02,Quebec,4.4
2022-02,Quebec,4.7
2022-02,Quebec,0.4
2022-02,Quebec,0.3
2022-02,Quebec,0.5
2022-02,Quebec,7.1
2022-02,Quebec,7.4
2022-02,Quebec,1.2
2022-02,Quebec,1.3
2022-02,Quebec,1.8
2022-02,Quebec,7.8
2022-02,Quebec,7.2
2022-02,Quebec,4.0
2022-02,Quebec,4.4
2022-02,Quebec,0.3
2022-02,Quebec,0.3
2022-02,Quebec,0.5
2022-02,Quebec,3.5
2022-02,Quebec,3.7
2022-02,Quebec,0.4
2022-02,Quebec,0.4
2022-02,Quebec,0.6
2022-02,Quebec,5.7
2022-02,Quebec,6.5
2022-02,Quebec,0.7
2022-02,Quebec,0.7
2022-02,Quebec,1.1
2022-02,Quebec,4.6
2022-02,Quebec,5.3
2022-02,Quebec,0.5
2022-02,Quebec,0.5
2022-02,Quebec,0.7
2022-02,Quebec,4.4
2022-02,Quebec,5.2
2022-02,Quebec,0.5
2022-02,Quebec,0.5
2022-02,Quebec,0.7
2022-02,Quebec,7.6
2022-02,Quebec,8.5
2022-02,Quebec,1.7
2022-02,Quebec,2.0
2022-02,Quebec,2.6
2022-02,Quebec,7.6
2022-02,Quebec,9.1
2022-02,Quebec,4.1
2022-02,Quebec,4.9
2022-02,Quebec,0.5
2022-02,Quebec,0.5
2022-02,Quebec,0.7
2022-02,Quebec,3.4
2022-02,Quebec,3.9
2022-02,Quebec,0.6
2022-02,Quebec,0.6
2022-02,Quebec,0.8
2022-02,Quebec,6.0
2022-02,Quebec,7.4
2022-02,Quebec,0.9
2022-02,Quebec,0.9
2022-02,Quebec,1.4
2022-02,Quebec,4.3
2022-02,Quebec,4.2
2022-02,Quebec,0.5
2022-02,Quebec,0.5
2022-02,Quebec,0.7
2022-02,Quebec,4.4
2022-02,Quebec,4.2
2022-02,Quebec,0.5
2022-02,Quebec,0.5
2022-02,Quebec,0.7
2022-02,Quebec,6.6
2022-02,Quebec,6.4
2022-02,Quebec,1.5
2022-02,Quebec,1.8
2022-02,Quebec,2.4
2022-02,Quebec,7.8
2022-02,Quebec,5.3
2022-02,Quebec,3.9
2022-02,Quebec,3.9
2022-02,Quebec,0.5
2022-02,Quebec,0.5
2022-02,Quebec,0.8
2022-02,Quebec,3.5
2022-02,Quebec,3.4
2022-02,Quebec,0.6
2022-02,Quebec,0.6
2022-02,Quebec,0.9
2022-02,Quebec,5.2
2022-02,Quebec,5.2
2022-02,Quebec,1.1
2022-02,Quebec,1.1
2022-02,Quebec,1.6
2022-03,Quebec,4.2
2022-03,Quebec,4.6
2022-03,Quebec,0.3
2022-03,Quebec,0.3
2022-03,Quebec,0.5
2022-03,Quebec,4.3
2022-03,Quebec,4.6
2022-03,Quebec,0.4
2022-03,Quebec,0.3
2022-03,Quebec,0.5
2022-03,Quebec,6.4
2022-03,Quebec,7.0
2022-03,Quebec,1.2
2022-03,Quebec,1.3
2022-03,Quebec,1.8
2022-03,Quebec,9.2
2022-03,Quebec,5.5
2022-03,Quebec,3.9
2022-03,Quebec,4.3
2022-03,Quebec,0.3
2022-03,Quebec,0.3
2022-03,Quebec,0.5
2022-03,Quebec,3.6
2022-03,Quebec,3.8
2022-03,Quebec,0.4
2022-03,Quebec,0.4
2022-03,Quebec,0.6
2022-03,Quebec,5.0
2022-03,Quebec,5.8
2022-03,Quebec,0.7
2022-03,Quebec,0.7
2022-03,Quebec,1.1
2022-03,Quebec,4.3
2022-03,Quebec,5.3
2022-03,Quebec,0.5
2022-03,Quebec,0.5
2022-03,Quebec,0.7
2022-03,Quebec,4.3
2022-03,Quebec,5.3
2022-03,Quebec,0.5
2022-03,Quebec,0.5
2022-03,Quebec,0.7
2022-03,Quebec,6.1
2022-03,Quebec,8.0
2022-03,Quebec,1.7
2022-03,Quebec,2.0
2022-03,Quebec,2.6
2022-03,Quebec,8.9
2022-03,Quebec,7.4
2022-03,Quebec,4.0
2022-03,Quebec,4.9
2022-03,Quebec,0.5
2022-03,Quebec,0.5
2022-03,Quebec,0.7
2022-03,Quebec,3.4
2022-03,Quebec,4.1
2022-03,Quebec,0.6
2022-03,Quebec,0.6
2022-03,Quebec,0.8
2022-03,Quebec,5.6
2022-03,Quebec,7.1
2022-03,Quebec,0.9
2022-03,Quebec,0.9
2022-03,Quebec,1.4
2022-03,Quebec,4.2
2022-03,Quebec,3.9
2022-03,Quebec,0.5
2022-03,Quebec,0.5
2022-03,Quebec,0.7
2022-03,Quebec,4.2
2022-03,Quebec,3.9
2022-03,Quebec,0.5
2022-03,Quebec,0.5
2022-03,Quebec,0.7
2022-03,Quebec,6.6
2022-03,Quebec,6.1
2022-03,Quebec,1.5
2022-03,Quebec,1.8
2022-03,Quebec,2.4
2022-03,Quebec,9.5
2022-03,Quebec,3.7
2022-03,Quebec,3.8
2022-03,Quebec,3.6
2022-03,Quebec,0.5
2022-03,Quebec,0.5
2022-03,Quebec,0.8
2022-03,Quebec,3.7
2022-03,Quebec,3.4
2022-03,Quebec,0.6
2022-03,Quebec,0.6
2022-03,Quebec,0.9
2022-03,Quebec,4.1
2022-03,Quebec,4.2
2022-03,Quebec,1.1
2022-03,Quebec,1.1
2022-03,Quebec,1.6
2022-04,Quebec,4.4
2022-04,Quebec,4.6
2022-04,Quebec,0.3
2022-04,Quebec,0.3
2022-04,Quebec,0.5
2022-04,Quebec,4.3
2022-04,Quebec,4.6
2022-04,Quebec,0.4
2022-04,Quebec,0.3
2022-04,Quebec,0.5
2022-04,Quebec,8.2
2022-04,Quebec,8.7
2022-04,Quebec,1.2
2022-04,Quebec,1.3
2022-04,Quebec,1.8
2022-04,Quebec,10.9
2022-04,Quebec,7.3
2022-04,Quebec,3.8
2022-04,Quebec,4.0
2022-04,Quebec,0.3
2022-04,Quebec,0.3
2022-04,Quebec,0.5
2022-04,Quebec,3.3
2022-04,Quebec,3.3
2022-04,Quebec,0.4
2022-04,Quebec,0.4
2022-04,Quebec,0.6
2022-04,Quebec,5.3
2022-04,Quebec,5.9
2022-04,Quebec,0.7
2022-04,Quebec,0.7
2022-04,Quebec,1.1
2022-04,Quebec,4.7
2022-04,Quebec,5.3
2022-04,Quebec,0.5
2022-04,Quebec,0.5
2022-04,Quebec,0.7
2022-04,Quebec,4.4
2022-04,Quebec,5.3
2022-04,Quebec,0.5
2022-04,Quebec,0.5
2022-04,Quebec,0.7
2022-04,Quebec,9.5
2022-04,Quebec,11.3
2022-04,Quebec,1.7
2022-04,Quebec,2.0
2022-04,Quebec,2.6
2022-04,Quebec,12.5
2022-04,Quebec,10.5
2022-04,Quebec,3.9
2022-04,Quebec,4.5
2022-04,Quebec,0.5
2022-04,Quebec,0.5
2022-04,Quebec,0.7
2022-04,Quebec,3.4
2022-04,Quebec,3.7
2022-04,Quebec,0.6
2022-04,Quebec,0.6
2022-04,Quebec,0.8
2022-04,Quebec,5.6
2022-04,Quebec,6.6
2022-04,Quebec,0.9
2022-04,Quebec,0.9
2022-04,Quebec,1.4
2022-04,Quebec,4.1
2022-04,Quebec,3.8
2022-04,Quebec,0.5
2022-04,Quebec,0.5
2022-04,Quebec,0.7
2022-04,Quebec,4.2
2022-04,Quebec,3.7
2022-04,Quebec,0.5
2022-04,Quebec,0.5
2022-04,Quebec,0.7
2022-04,Quebec,6.8
2022-04,Quebec,6.1
2022-04,Quebec,1.5
2022-04,Quebec,1.8
2022-04,Quebec,2.4
2022-04,Quebec,9.2
2022-04,Quebec,4.0
2022-04,Quebec,3.7
2022-04,Quebec,3.4
2022-04,Quebec,0.5
2022-04,Quebec,0.5
2022-04,Quebec,0.8
2022-04,Quebec,3.2
2022-04,Quebec,2.9
2022-04,Quebec,0.6
2022-04,Quebec,0.6
2022-04,Quebec,0.9
2022-04,Quebec,5.0
2022-04,Quebec,5.0
2022-04,Quebec,1.1
2022-04,Quebec,1.1
2022-04,Quebec,1.6
2022-05,Quebec,4.4
2022-05,Quebec,4.0
2022-05,Quebec,0.3
2022-05,Quebec,0.3
2022-05,Quebec,0.5
2022-05,Quebec,4.4
2022-05,Quebec,4.0
2022-05,Quebec,0.4
2022-05,Quebec,0.3
2022-05,Quebec,0.5
2022-05,Quebec,6.9
2022-05,Quebec,6.7
2022-05,Quebec,1.2
2022-05,Quebec,1.3
2022-05,Quebec,1.8
2022-05,Quebec,8.3
2022-05,Quebec,5.7
2022-05,Quebec,4.0
2022-05,Quebec,3.6
2022-05,Quebec,0.3
2022-05,Quebec,0.3
2022-05,Quebec,0.5
2022-05,Quebec,3.6
2022-05,Quebec,3.2
2022-05,Quebec,0.4
2022-05,Quebec,0.4
2022-05,Quebec,0.6
2022-05,Quebec,5.0
2022-05,Quebec,4.7
2022-05,Quebec,0.7
2022-05,Quebec,0.7
2022-05,Quebec,1.1
2022-05,Quebec,5.1
2022-05,Quebec,4.7
2022-05,Quebec,0.5
2022-05,Quebec,0.5
2022-05,Quebec,0.7
2022-05,Quebec,5.1
2022-05,Quebec,4.7
2022-05,Quebec,0.5
2022-05,Quebec,0.5
2022-05,Quebec,0.7
2022-05,Quebec,9.4
2022-05,Quebec,9.0
2022-05,Quebec,1.7
2022-05,Quebec,2.0
2022-05,Quebec,2.6
2022-05,Quebec,9.5
2022-05,Quebec,8.7
2022-05,Quebec,4.4
2022-05,Quebec,4.1
2022-05,Quebec,0.5
2022-05,Quebec,0.5
2022-05,Quebec,0.7
2022-05,Quebec,3.8
2022-05,Quebec,3.4
2022-05,Quebec,0.6
2022-05,Quebec,0.6
2022-05,Quebec,0.8
2022-05,Quebec,6.2
2022-05,Quebec,5.8
2022-05,Quebec,0.9
2022-05,Quebec,0.9
2022-05,Quebec,1.4
2022-05,Quebec,3.6
2022-05,Quebec,3.2
2022-05,Quebec,0.5
2022-05,Quebec,0.5
2022-05,Quebec,0.7
2022-05,Quebec,3.7
2022-05,Quebec,3.2
2022-05,Quebec,0.5
2022-05,Quebec,0.5
2022-05,Quebec,0.7
2022-05,Quebec,4.4
2022-05,Quebec,4.3
2022-05,Quebec,1.5
2022-05,Quebec,1.8
2022-05,Quebec,2.4
2022-05,Quebec,7.0
2022-05,Quebec,2.7
2022-05,Quebec,3.5
2022-05,Quebec,3.1
2022-05,Quebec,0.5
2022-05,Quebec,0.5
2022-05,Quebec,0.8
2022-05,Quebec,3.5
2022-05,Quebec,3.0
2022-05,Quebec,0.6
2022-05,Quebec,0.6
2022-05,Quebec,0.9
2022-05,Quebec,3.6
2022-05,Quebec,3.3
2022-05,Quebec,1.1
2022-05,Quebec,1.1
2022-05,Quebec,1.6
2022-06,Quebec,4.3
2022-06,Quebec,3.8
2022-06,Quebec,0.3
2022-06,Quebec,0.3
2022-06,Quebec,0.5
2022-06,Quebec,4.2
2022-06,Quebec,3.8
2022-06,Quebec,0.4
2022-06,Quebec,0.3
2022-06,Quebec,0.5
2022-06,Quebec,6.8
2022-06,Quebec,7.0
2022-06,Quebec,1.2
2022-06,Quebec,1.3
2022-06,Quebec,1.8
2022-06,Quebec,9.8
2022-06,Quebec,5.2
2022-06,Quebec,3.9
2022-06,Quebec,3.3
2022-06,Quebec,0.3
2022-06,Quebec,0.3
2022-06,Quebec,0.5
2022-06,Quebec,3.7
2022-06,Quebec,3.1
2022-06,Quebec,0.4
2022-06,Quebec,0.4
2022-06,Quebec,0.6
2022-06,Quebec,4.7
2022-06,Quebec,3.7
2022-06,Quebec,0.7
2022-06,Quebec,0.7
2022-06,Quebec,1.1
2022-06,Quebec,4.5
2022-06,Quebec,3.8
2022-06,Quebec,0.5
2022-06,Quebec,0.5
2022-06,Quebec,0.7
2022-06,Quebec,4.5
2022-06,Quebec,3.9
2022-06,Quebec,0.5
2022-06,Quebec,0.5
2022-06,Quebec,0.7
2022-06,Quebec,7.6
2022-06,Quebec,7.2
2022-06,Quebec,1.7
2022-06,Quebec,2.0
2022-06,Quebec,2.6
2022-06,Quebec,8.6
2022-06,Quebec,6.2
2022-06,Quebec,4.1
2022-06,Quebec,3.3
2022-06,Quebec,0.5
2022-06,Quebec,0.5
2022-06,Quebec,0.7
2022-06,Quebec,3.5
2022-06,Quebec,2.9
2022-06,Quebec,0.6
2022-06,Quebec,0.6
2022-06,Quebec,0.8
2022-06,Quebec,5.7
2022-06,Quebec,4.4
2022-06,Quebec,0.9
2022-06,Quebec,0.9
2022-06,Quebec,1.4
2022-06,Quebec,4.1
2022-06,Quebec,3.7
2022-06,Quebec,0.5
2022-06,Quebec,0.5
2022-06,Quebec,0.7
2022-06,Quebec,3.8
2022-06,Quebec,3.7
2022-06,Quebec,0.5
2022-06,Quebec,0.5
2022-06,Quebec,0.7
2022-06,Quebec,6.1
2022-06,Quebec,6.9
2022-06,Quebec,1.5
2022-06,Quebec,1.8
2022-06,Quebec,2.4
2022-06,Quebec,10.9
2022-06,Quebec,4.2
2022-06,Quebec,3.7
2022-06,Quebec,3.2
2022-06,Quebec,0.5
2022-06,Quebec,0.5
2022-06,Quebec,0.8
2022-06,Quebec,3.8
2022-06,Quebec,3.3
2022-06,Quebec,0.6
2022-06,Quebec,0.6
2022-06,Quebec,0.9
2022-06,Quebec,3.4
2022-06,Quebec,2.7
2022-06,Quebec,1.1
2022-06,Quebec,1.1
2022-06,Quebec,1.6
2022-07,Quebec,4.1
2022-07,Quebec,4.2
2022-07,Quebec,0.3
2022-07,Quebec,0.3
2022-07,Quebec,0.5
2022-07,Quebec,3.9
2022-07,Quebec,4.2
2022-07,Quebec,0.3
2022-07,Quebec,0.3
2022-07,Quebec,0.5
2022-07,Quebec,7.3
2022-07,Quebec,7.7
2022-07,Quebec,1.0
2022-07,Quebec,1.1
2022-07,Quebec,1.6
2022-07,Quebec,9.4
2022-07,Quebec,6.4
2022-07,Quebec,3.6
2022-07,Quebec,3.6
2022-07,Quebec,0.3
2022-07,Quebec,0.3
2022-07,Quebec,0.5
2022-07,Quebec,3.3
2022-07,Quebec,3.5
2022-07,Quebec,0.3
2022-07,Quebec,0.3
2022-07,Quebec,0.5
2022-07,Quebec,4.5
2022-07,Quebec,3.8
2022-07,Quebec,0.6
2022-07,Quebec,0.6
2022-07,Quebec,0.9
2022-07,Quebec,4.6
2022-07,Quebec,4.4
2022-07,Quebec,0.4
2022-07,Quebec,0.4
2022-07,Quebec,0.7
2022-07,Quebec,4.5
2022-07,Quebec,4.2
2022-07,Quebec,0.4
2022-07,Quebec,0.4
2022-07,Quebec,0.7
2022-07,Quebec,7.6
2022-07,Quebec,8.1
2022-07,Quebec,1.4
2022-07,Quebec,1.7
2022-07,Quebec,2.4
2022-07,Quebec,9.6
2022-07,Quebec,7.1
2022-07,Quebec,4.1
2022-07,Quebec,3.7
2022-07,Quebec,0.4
2022-07,Quebec,0.4
2022-07,Quebec,0.6
2022-07,Quebec,3.4
2022-07,Quebec,3.2
2022-07,Quebec,0.5
2022-07,Quebec,0.5
2022-07,Quebec,0.8
2022-07,Quebec,6.0
2022-07,Quebec,5.0
2022-07,Quebec,0.8
2022-07,Quebec,0.8
2022-07,Quebec,1.3
2022-07,Quebec,3.5
2022-07,Quebec,4.1
2022-07,Quebec,0.4
2022-07,Quebec,0.4
2022-07,Quebec,0.7
2022-07,Quebec,3.4
2022-07,Quebec,4.1
2022-07,Quebec,0.4
2022-07,Quebec,0.4
2022-07,Quebec,0.7
2022-07,Quebec,6.9
2022-07,Quebec,7.2
2022-07,Quebec,1.3
2022-07,Quebec,1.5
2022-07,Quebec,2.1
2022-07,Quebec,9.3
2022-07,Quebec,5.6
2022-07,Quebec,2.9
2022-07,Quebec,3.5
2022-07,Quebec,0.4
2022-07,Quebec,0.4
2022-07,Quebec,0.7
2022-07,Quebec,3.1
2022-07,Quebec,3.9
2022-07,Quebec,0.5
2022-07,Quebec,0.5
2022-07,Quebec,0.8
2022-07,Quebec,2.4
2022-07,Quebec,2.2
2022-07,Quebec,0.9
2022-07,Quebec,0.9
2022-07,Quebec,1.5
2022-08,Quebec,4.3
2022-08,Quebec,4.9
2022-08,Quebec,0.3
2022-08,Quebec,0.3
2022-08,Quebec,0.5
2022-08,Quebec,4.2
2022-08,Quebec,4.9
2022-08,Quebec,0.3
2022-08,Quebec,0.3
2022-08,Quebec,0.5
2022-08,Quebec,6.7
2022-08,Quebec,6.4
2022-08,Quebec,1.0
2022-08,Quebec,1.1
2022-08,Quebec,1.6
2022-08,Quebec,6.5
2022-08,Quebec,6.3
2022-08,Quebec,3.9
2022-08,Quebec,4.7
2022-08,Quebec,0.3
2022-08,Quebec,0.3
2022-08,Quebec,0.5
2022-08,Quebec,3.9
2022-08,Quebec,4.6
2022-08,Quebec,0.3
2022-08,Quebec,0.3
2022-08,Quebec,0.5
2022-08,Quebec,4.2
2022-08,Quebec,4.7
2022-08,Quebec,0.6
2022-08,Quebec,0.6
2022-08,Quebec,0.9
2022-08,Quebec,4.6
2022-08,Quebec,4.4
2022-08,Quebec,0.4
2022-08,Quebec,0.4
2022-08,Quebec,0.7
2022-08,Quebec,4.5
2022-08,Quebec,4.3
2022-08,Quebec,0.4
2022-08,Quebec,0.4
2022-08,Quebec,0.7
2022-08,Quebec,7.1
2022-08,Quebec,6.3
2022-08,Quebec,1.4
2022-08,Quebec,1.7
2022-08,Quebec,2.4
2022-08,Quebec,6.2
2022-08,Quebec,6.4
2022-08,Quebec,4.3
2022-08,Quebec,4.1
2022-08,Quebec,0.4
2022-08,Quebec,0.4
2022-08,Quebec,0.6
2022-08,Quebec,4.1
2022-08,Quebec,4.0
2022-08,Quebec,0.5
2022-08,Quebec,0.5
2022-08,Quebec,0.8
2022-08,Quebec,4.7
2022-08,Quebec,4.6
2022-08,Quebec,0.8
2022-08,Quebec,0.8
2022-08,Quebec,1.3
2022-08,Quebec,3.9
2022-08,Quebec,5.5
2022-08,Quebec,0.4
2022-08,Quebec,0.4
2022-08,Quebec,0.7
2022-08,Quebec,3.9
2022-08,Quebec,5.5
2022-08,Quebec,0.4
2022-08,Quebec,0.4
2022-08,Quebec,0.7
2022-08,Quebec,6.2
2022-08,Quebec,6.5
2022-08,Quebec,1.3
2022-08,Quebec,1.5
2022-08,Quebec,2.1
2022-08,Quebec,6.8
2022-08,Quebec,6.3
2022-08,Quebec,3.6
2022-08,Quebec,5.3
2022-08,Quebec,0.4
2022-08,Quebec,0.4
2022-08,Quebec,0.7
2022-08,Quebec,3.6
2022-08,Quebec,5.4
2022-08,Quebec,0.5
2022-08,Quebec,0.5
2022-08,Quebec,0.8
2022-08,Quebec,3.6
2022-08,Quebec,4.9
2022-08,Quebec,0.9
2022-08,Quebec,0.9
2022-08,Quebec,1.5
2022-09,Quebec,4.4
2022-09,Quebec,3.9
2022-09,Quebec,0.3
2022-09,Quebec,0.3
2022-09,Quebec,0.5
2022-09,Quebec,4.3
2022-09,Quebec,3.8
2022-09,Quebec,0.3
2022-09,Quebec,0.3
2022-09,Quebec,0.5
2022-09,Quebec,9.3
2022-09,Quebec,9.0
2022-09,Quebec,1.0
2022-09,Quebec,1.1
2022-09,Quebec,1.6
2022-09,Quebec,9.6
2022-09,Quebec,8.6
2022-09,Quebec,3.6
2022-09,Quebec,3.1
2022-09,Quebec,0.3
2022-09,Quebec,0.3
2022-09,Quebec,0.5
2022-09,Quebec,3.5
2022-09,Quebec,3.0
2022-09,Quebec,0.3
2022-09,Quebec,0.3
2022-09,Quebec,0.5
2022-09,Quebec,4.0
2022-09,Quebec,3.3
2022-09,Quebec,0.6
2022-09,Quebec,0.6
2022-09,Quebec,0.9
2022-09,Quebec,4.9
2022-09,Quebec,4.0
2022-09,Quebec,0.4
2022-09,Quebec,0.4
2022-09,Quebec,0.7
2022-09,Quebec,4.8
2022-09,Quebec,4.0
2022-09,Quebec,0.4
2022-09,Quebec,0.4
2022-09,Quebec,0.7
2022-09,Quebec,11.2
2022-09,Quebec,10.1
2022-09,Quebec,1.4
2022-09,Quebec,1.7
2022-09,Quebec,2.4
2022-09,Quebec,10.8
2022-09,Quebec,9.7
2022-09,Quebec,3.9
2022-09,Quebec,3.1
2022-09,Quebec,0.4
2022-09,Quebec,0.4
2022-09,Quebec,0.6
2022-09,Quebec,4.0
2022-09,Quebec,3.2
2022-09,Quebec,0.5
2022-09,Quebec,0.5
2022-09,Quebec,0.8
2022-09,Quebec,3.8
2022-09,Quebec,2.9
2022-09,Quebec,0.8
2022-09,Quebec,0.8
2022-09,Quebec,1.3
2022-09,Quebec,3.8
2022-09,Quebec,3.7
2022-09,Quebec,0.4
2022-09,Quebec,0.4
2022-09,Quebec,0.7
2022-09,Quebec,3.7
2022-09,Quebec,3.6
2022-09,Quebec,0.4
2022-09,Quebec,0.4
2022-09,Quebec,0.7
2022-09,Quebec,7.2
2022-09,Quebec,7.8
2022-09,Quebec,1.3
2022-09,Quebec,1.5
2022-09,Quebec,2.1
2022-09,Quebec,8.4
2022-09,Quebec,7.4
2022-09,Quebec,3.3
2022-09,Quebec,3.0
2022-09,Quebec,0.4
2022-09,Quebec,0.4
2022-09,Quebec,0.7
2022-09,Quebec,3.0
2022-09,Quebec,2.7
2022-09,Quebec,0.5
2022-09,Quebec,0.5
2022-09,Quebec,0.8
2022-09,Quebec,4.2
2022-09,Quebec,3.9
2022-09,Quebec,0.9
2022-09,Quebec,0.9
2022-09,Quebec,1.5
2022-10,Quebec,4.0
2022-10,Quebec,3.7
2022-10,Quebec,0.3
2022-10,Quebec,0.3
2022-10,Quebec,0.5
2022-10,Quebec,3.9
2022-10,Quebec,3.6
2022-10,Quebec,0.3
2022-10,Quebec,0.3
2022-10,Quebec,0.5
2022-10,Quebec,7.3
2022-10,Quebec,6.7
2022-10,Quebec,1.0
2022-10,Quebec,1.1
2022-10,Quebec,1.6
2022-10,Quebec,7.5
2022-10,Quebec,6.2
2022-10,Quebec,3.5
2022-10,Quebec,3.2
2022-10,Quebec,0.3
2022-10,Quebec,0.3
2022-10,Quebec,0.5
2022-10,Quebec,3.2
2022-10,Quebec,3.0
2022-10,Quebec,0.3
2022-10,Quebec,0.3
2022-10,Quebec,0.5
2022-10,Quebec,4.3
2022-10,Quebec,3.9
2022-10,Quebec,0.6
2022-10,Quebec,0.6
2022-10,Quebec,0.9
2022-10,Quebec,4.2
2022-10,Quebec,3.6
2022-10,Quebec,0.4
2022-10,Quebec,0.4
2022-10,Quebec,0.7
2022-10,Quebec,4.1
2022-10,Quebec,3.5
2022-10,Quebec,0.4
2022-10,Quebec,0.4
2022-10,Quebec,0.7
2022-10,Quebec,8.0
2022-10,Quebec,6.7
2022-10,Quebec,1.4
2022-10,Quebec,1.7
2022-10,Quebec,2.4
2022-10,Quebec,6.8
2022-10,Quebec,6.7
2022-10,Quebec,3.6
2022-10,Quebec,3.2
2022-10,Quebec,0.4
2022-10,Quebec,0.4
2022-10,Quebec,0.6
2022-10,Quebec,3.5
2022-10,Quebec,3.1
2022-10,Quebec,0.5
2022-10,Quebec,0.5
2022-10,Quebec,0.8
2022-10,Quebec,4.0
2022-10,Quebec,3.3
2022-10,Quebec,0.8
2022-10,Quebec,0.8
2022-10,Quebec,1.3
2022-10,Quebec,3.8
2022-10,Quebec,3.7
2022-10,Quebec,0.4
2022-10,Quebec,0.4
2022-10,Quebec,0.7
2022-10,Quebec,3.8
2022-10,Quebec,3.7
2022-10,Quebec,0.4
2022-10,Quebec,0.4
2022-10,Quebec,0.7
2022-10,Quebec,6.5
2022-10,Quebec,6.6
2022-10,Quebec,1.3
2022-10,Quebec,1.5
2022-10,Quebec,2.1
2022-10,Quebec,8.2
2022-10,Quebec,5.5
2022-10,Quebec,3.3
2022-10,Quebec,3.3
2022-10,Quebec,0.4
2022-10,Quebec,0.4
2022-10,Quebec,0.7
2022-10,Quebec,2.9
2022-10,Quebec,2.8
2022-10,Quebec,0.5
2022-10,Quebec,0.5
2022-10,Quebec,0.8
2022-10,Quebec,4.7
2022-10,Quebec,4.6
2022-10,Quebec,0.9
2022-10,Quebec,0.9
2022-10,Quebec,1.5
2022-11,Quebec,3.8
2022-11,Quebec,3.5
2022-11,Quebec,0.3
2022-11,Quebec,0.3
2022-11,Quebec,0.5
2022-11,Quebec,3.7
2022-11,Quebec,3.5
2022-11,Quebec,0.3
2022-11,Quebec,0.3
2022-11,Quebec,0.5
2022-11,Quebec,7.6
2022-11,Quebec,7.1
2022-11,Quebec,1.0
2022-11,Quebec,1.1
2022-11,Quebec,1.6
2022-11,Quebec,7.8
2022-11,Quebec,6.6
2022-11,Quebec,3.2
2022-11,Quebec,3.0
2022-11,Quebec,0.3
2022-11,Quebec,0.3
2022-11,Quebec,0.5
2022-11,Quebec,3.1
2022-11,Quebec,2.9
2022-11,Quebec,0.3
2022-11,Quebec,0.3
2022-11,Quebec,0.5
2022-11,Quebec,3.6
2022-11,Quebec,3.3
2022-11,Quebec,0.6
2022-11,Quebec,0.6
2022-11,Quebec,0.9
2022-11,Quebec,4.2
2022-11,Quebec,3.9
2022-11,Quebec,0.4
2022-11,Quebec,0.4
2022-11,Quebec,0.7
2022-11,Quebec,4.2
2022-11,Quebec,4.0
2022-11,Quebec,0.4
2022-11,Quebec,0.4
2022-11,Quebec,0.7
2022-11,Quebec,9.1
2022-11,Quebec,8.2
2022-11,Quebec,1.4
2022-11,Quebec,1.7
2022-11,Quebec,2.4
2022-11,Quebec,8.6
2022-11,Quebec,8.0
2022-11,Quebec,3.4
2022-11,Quebec,3.3
2022-11,Quebec,0.4
2022-11,Quebec,0.4
2022-11,Quebec,0.6
2022-11,Quebec,3.6
2022-11,Quebec,3.4
2022-11,Quebec,0.5
2022-11,Quebec,0.5
2022-11,Quebec,0.8
2022-11,Quebec,3.1
2022-11,Quebec,3.0
2022-11,Quebec,0.8
2022-11,Quebec,0.8
2022-11,Quebec,1.3
2022-11,Quebec,3.3
2022-11,Quebec,3.1
2022-11,Quebec,0.4
2022-11,Quebec,0.4
2022-11,Quebec,0.7
2022-11,Quebec,3.1
2022-11,Quebec,3.0
2022-11,Quebec,0.4
2022-11,Quebec,0.4
2022-11,Quebec,0.7
2022-11,Quebec,5.9
2022-11,Quebec,5.9
2022-11,Quebec,1.3
2022-11,Quebec,1.5
2022-11,Quebec,2.1
2022-11,Quebec,7.0
2022-11,Quebec,5.1
2022-11,Quebec,2.9
2022-11,Quebec,2.6
2022-11,Quebec,0.4
2022-11,Quebec,0.4
2022-11,Quebec,0.7
2022-11,Quebec,2.5
2022-11,Quebec,2.3
2022-11,Quebec,0.5
2022-11,Quebec,0.5
2022-11,Quebec,0.8
2022-11,Quebec,4.2
2022-11,Quebec,3.8
2022-11,Quebec,0.9
2022-11,Quebec,0.9
2022-11,Quebec,1.5
2022-12,Quebec,4.1
2022-12,Quebec,4.0
2022-12,Quebec,0.3
2022-12,Quebec,0.3
2022-12,Quebec,0.5
2022-12,Quebec,4.3
2022-12,Quebec,4.0
2022-12,Quebec,0.3
2022-12,Quebec,0.3
2022-12,Quebec,0.5
2022-12,Quebec,7.3
2022-12,Quebec,6.3
2022-12,Quebec,1.0
2022-12,Quebec,1.1
2022-12,Quebec,1.6
2022-12,Quebec,7.1
2022-12,Quebec,5.8
2022-12,Quebec,3.6
2022-12,Quebec,3.7
2022-12,Quebec,0.3
2022-12,Quebec,0.3
2022-12,Quebec,0.5
2022-12,Quebec,3.6
2022-12,Quebec,3.6
2022-12,Quebec,0.3
2022-12,Quebec,0.3
2022-12,Quebec,0.5
2022-12,Quebec,3.7
2022-12,Quebec,3.8
2022-12,Quebec,0.6
2022-12,Quebec,0.6
2022-12,Quebec,0.9
2022-12,Quebec,4.4
2022-12,Quebec,4.5
2022-12,Quebec,0.4
2022-12,Quebec,0.4
2022-12,Quebec,0.7
2022-12,Quebec,4.5
2022-12,Quebec,4.5
2022-12,Quebec,0.4
2022-12,Quebec,0.4
2022-12,Quebec,0.7
2022-12,Quebec,7.7
2022-12,Quebec,7.0
2022-12,Quebec,1.4
2022-12,Quebec,1.7
2022-12,Quebec,2.4
2022-12,Quebec,6.7
2022-12,Quebec,7.1
2022-12,Quebec,3.9
2022-12,Quebec,4.1
2022-12,Quebec,0.4
2022-12,Quebec,0.4
2022-12,Quebec,0.6
2022-12,Quebec,4.0
2022-12,Quebec,4.2
2022-12,Quebec,0.5
2022-12,Quebec,0.5
2022-12,Quebec,0.8
2022-12,Quebec,3.7
2022-12,Quebec,3.8
2022-12,Quebec,0.8
2022-12,Quebec,0.8
2022-12,Quebec,1.3
2022-12,Quebec,3.8
2022-12,Quebec,3.5
2022-12,Quebec,0.4
2022-12,Quebec,0.4
2022-12,Quebec,0.7
2022-12,Quebec,4.0
2022-12,Quebec,3.6
2022-12,Quebec,0.4
2022-12,Quebec,0.4
2022-12,Quebec,0.7
2022-12,Quebec,6.8
2022-12,Quebec,5.7
2022-12,Quebec,1.3
2022-12,Quebec,1.5
2022-12,Quebec,2.1
2022-12,Quebec,7.6
2022-12,Quebec,4.4
2022-12,Quebec,3.3
2022-12,Quebec,3.2
2022-12,Quebec,0.4
2022-12,Quebec,0.4
2022-12,Quebec,0.7
2022-12,Quebec,3.2
2022-12,Quebec,2.9
2022-12,Quebec,0.5
2022-12,Quebec,0.5
2022-12,Quebec,0.8
2022-12,Quebec,3.8
2022-12,Quebec,3.9
2022-12,Quebec,0.9
2022-12,Quebec,0.9
2022-12,Quebec,1.5
